Verb,Present Participle (Ing Form),Past (2nd Form)
A-bomb,A-bombing,A-bombed
aah,aahing,aahed
abacinate,abacinating,abacinated
abalienate,abalienating,abalienated
aband,abanding,abanded
abandon,abandoning,abandoned
abase,abasing,abased
abash,abashing,abashed
abastard,abastarding,abastarded
abastardise,abastardising,abastardised
abastardize,abastardizing,abastardized
abate,abating,abated
abbreviate,abbreviating,abbreviated
abdicate,abdicating,abdicated
abduce,abducing,abduced
abduct,abducting,abducted
abear,abearing,abore
abegge,abegging,abegged
abelianise,abelianising,abelianised
abelianize,abelianizing,abelianized
abend,abending,abended
aber,abering,abered
aberr,aberring,aberred
aberrate,aberrating,aberrated
aberuncate,aberuncating,aberuncated
abet,abetting,abetted
abhor,abhorring,abhorred
abhour,abhouring,abhoured
abirritate,abirritating,abirritated
abite,abiting,abit
abject,abjecting,abjected
abjoint,abjointing,abjointed
abjudge,abjudging,abjudged
abjudicate,abjudicating,abjudicated
abjugate,abjugating,abjugated
abjure,abjuring,abjured
ablactate,ablactating,ablactated
ablaqueate,ablaqueating,ablaqueated
ablate,ablating,ablated
ablaut,ablauting,ablauted
able,abling,abled
ablegate,ablegating,ablegated
abligate,abligating,abligated
ablude,abluding,abluded
ablute,abluting,abluted
abnegate,abnegating,abnegated
abnormalise,abnormalising,abnormalised
abnormalize,abnormalizing,abnormalized
abode,aboding,aboded
abolish,abolishing,abolished
abolitionise,abolitionising,abolitionised
abolitionize,abolitionizing,abolitionized
abominate,abominating,abominated
abomine,abomining,abomined
abord,abording,aborded
abort,aborting,aborted
abortive,abortiving,abortived
abound,abounding,abounded
about-face,about-facing,about-faced
about-turn,about-turning,about-turned
abrade,abrading,abraded
abrase,abrasing,abrased
abray,abraying,abrayed
abreact,abreacting,abreacted
abrenounce,abrenouncing,abrenounced
abridge,abridging,abridged
abroach,abroaching,abroached
abrogate,abrogating,abrogated
abrook,abrooking,abrooked
abrupt,abrupting,abrupted
abscess,abscessing,abscessed
abscind,abscinding,abscinded
abscise,abscising,abscised
absciss,abscissing,abscissed
abscond,absconding,absconded
abseil,abseiling,abseiled
absent,absenting,absented
absinthiate,absinthiating,absinthiated
absist,absisting,absisted
absolutise,absolutising,absolutised
absolutize,absolutizing,absolutized
absolve,absolving,absolved
absquatulate,absquatulating,absquatulated
abstain,abstaining,abstained
absterge,absterging,absterged
absterse,abstersing,abstersed
abstract,abstracting,abstracted
abstractify,abstractifying,abstractified
abstrict,abstricting,abstricted
abstringe,abstringing,abstringed
abstrude,abstruding,abstruded
absume,absuming,absumed
abuse,abusing,abused
abut,abutting,abutted
abutt,abutting,abutted
abuy,abuying,abought
abvolate,abvolating,abvolated
aby,abying,abought
abye,abying,abought
academicise,academicising,academicised
academicize,academicizing,academicized
academise,academising,academised
academize,academizing,academized
accede,acceding,acceded
acceed,acceeding,acceeded
accelerate,accelerating,accelerated
accend,accending,accended
accent,accenting,accented
accentuate,accentuating,accentuated
accept,accepting,accepted
access,accessing,accessed
accession,accessioning,accessioned
accessorise,accessorising,accessorised
accessorize,accessorizing,accessorized
accinge,accinging,accinged
accite,acciting,accited
acclaim,acclaiming,acclaimed
acclamate,acclamating,acclamated
acclimate,acclimating,acclimated
acclimatise,acclimatising,acclimatised
acclimatize,acclimatizing,acclimatized
accloy,accloying,accloyed
accoast,accoasting,accoasted
accoil,accoiling,accoiled
accolade,accolading,accoladed
accoll,accolling,accolled
accommodate,accommodating,accommodated
accompany,accompanying,accompanied
accomplish,accomplishing,accomplished
accompt,accompting,accompted
accord,according,accorded
accordion,accordioning,accordioned
accost,accosting,accosted
accouche,accouching,accouched
account,accounting,accounted
accouple,accoupling,accoupled
accourage,accouraging,accouraged
accourt,accourting,accourted
accouter,accoutering,accoutered
accoutre,accoutring,accoutred
accoy,accoying,accoyed
accrease,accreasing,accreased
accredit,accrediting,accredited
accresce,accrescing,accresced
accrete,accreting,accreted
accriminate,accriminating,accriminated
accroach,accroaching,accroached
accrue,accruing,accrued
acculturate,acculturating,acculturated
acculture,acculturing,accultured
accumber,accumbering,accumbered
accuminate,accuminating,accuminated
accumulate,accumulating,accumulated
accurise,accurising,accurised
accurize,accurizing,accurized
accurse,accursing,accursed
accuse,accusing,accused
accustom,accustoming,accustomed
accustomise,accustomising,accustomised
accustomize,accustomizing,accustomized
ace,acing,aced
acerbate,acerbating,acerbated
acervate,acervating,acervated
acetalise,acetalising,acetalised
acetalize,acetalizing,acetalized
acetify,acetifying,acetified
acetise,acetising,acetised
acetize,acetizing,acetized
acetylate,acetylating,acetylated
achieve,achieving,achieved
achromatise,achromatising,achromatised
achromatize,achromatizing,achromatized
acidify,acidifying,acidified
acidise,acidising,acidised
acidize,acidizing,acidized
acidulate,acidulating,acidulated
acierate,acierating,acierated
acknow,acknowing,acknew
acknowledge,acknowledging,acknowledged
acquaint,acquainting,acquainted
acquiesce,acquiescing,acquiesced
acquiet,acquieting,acquieted
acquihire,acquihiring,acquihired
acquire,acquiring,acquired
acquittance,acquittancing,acquittanced
acronymise,acronymising,acronymised
acronymize,acronymizing,acronymized
acrospire,acrospiring,acrospired
act,acting,acted
action,actioning,actioned
activate,activating,activated
actualise,actualising,actualised
actualize,actualizing,actualized
actuate,actuating,actuated
acuate,acuating,acuated
acuminate,acuminating,acuminated
acupunctuate,acupunctuating,acupunctuated
acupuncture,acupuncturing,acupunctured
acute,acuting,acuted
acylate,acylating,acylated
ad-lib,ad-libbing,ad-libbed
adapt,adapting,adapted
adaw,adawing,adawed
add,adding,added
addeem,addeeming,addeemed
addend,addending,addended
addict,addicting,addicted
addle,addling,addled
addoom,addooming,addoomed
adduce,adducing,adduced
adduct,adducting,adducted
addulce,addulcing,addulced
adeem,adeeming,adeemed
adempt,adempting,adempted
adenylate,adenylating,adenylated
adequate,adequating,adequated
adhere,adhering,adhered
adhibit,adhibiting,adhibited
adhort,adhorting,adhorted
adject,adjecting,adjected
adjective,adjectiving,adjectived
adjectivise,adjectivising,adjectivised
adjectivize,adjectivizing,adjectivized
adjoin,adjoining,adjoined
adjourn,adjourning,adjourned
adjudg,adjudging,adjudged
adjudge,adjudging,adjudged
adjudicate,adjudicating,adjudicated
adjugate,adjugating,adjugated
adjure,adjuring,adjured
adjust,adjusting,adjusted
adjute,adjuting,adjuted
adjuvate,adjuvating,adjuvated
adlect,adlecting,adlected
adlib,adlibbing,adlibbed
admarginate,admarginating,admarginated
admeasure,admeasuring,admeasured
admier,admiering,admiered
administer,administering,administered
administrate,administrating,administrated
administre,administring,administred
admire,admiring,admired
admit,admitting,admitted
admix,admixing,admixed
admonish,admonishing,admonished
admove,admoving,admoved
admynistre,admynistring,admynistred
adnominalise,adnominalising,adnominalised
adnominalize,adnominalizing,adnominalized
adolesce,adolescing,adolesced
adonize,adonizing,adonized
adopt,adopting,adopted
adorate,adorating,adorated
adore,adoring,adored
adorn,adorning,adorned
adpress,adpressing,adpressed
adraw,adrawing,adrew
adree,adreeing,adreed
adrenalectomise,adrenalectomising,adrenalectomised
adrenalectomize,adrenalectomizing,adrenalectomized
adrenalise,adrenalising,adrenalised
adrenalize,adrenalizing,adrenalized
adrogate,adrogating,adrogated
adsignify,adsignifying,adsignified
adsorb,adsorbing,adsorbed
adsorp,adsorping,adsorped
adstrict,adstricting,adstricted
adulate,adulating,adulated
adulter,adultering,adultered
adulterate,adulterating,adulterated
adulterise,adulterising,adulterised
adulterize,adulterizing,adulterized
adultize,adultizing,adultized
adumbrate,adumbrating,adumbrated
adure,aduring,adured
advance,advancing,advanced
advantage,advantaging,advantaged
advaunce,advauncing,advaunced
advect,advecting,advected
advene,advening,advened
adventure,adventuring,adventured
adverbialise,adverbialising,adverbialised
adverbialize,adverbializing,adverbialized
advert,adverting,adverted
advertise,advertising,advertised
advertize,advertizing,advertized
advesperate,advesperating,advesperated
adview,adviewing,adviewed
advise,advising,advised
advocate,advocating,advocated
advoke,advoking,advoked
adwesch,adwesching,adwesched
adze,adzing,adzed
aerate,aerating,aerated
aerify,aerifying,aerified
aerobate,aerobating,aerobated
aerobicise,aerobicising,aerobicised
aerobicize,aerobicizing,aerobicized
aerosolise,aerosolising,aerosolised
aerosolize,aerosolizing,aerosolized
aestheticise,aestheticising,aestheticised
aestheticize,aestheticizing,aestheticized
aestivate,aestivating,aestivated
afear,afearing,afeared
affamish,affamishing,affamished
affear,affearing,affeared
affect,affecting,affected
affection,affectioned,affectioning
affectionate,affectionating,affectionated
affeer,affeering,affeered
affiance,affiancing,affianced
affile,affiling,affiled
affiliate,affiliating,affiliated
affine,affining,affined
affirm,affirming,affirmed
affix,affixing,affixed
afflict,afflicting,afflicted
affoard,affoarding,affoarded
affoord,affoording,affoorded
affor,afforring,afforred
afforce,afforcing,afforced
afford,affording,afforded
afforest,afforesting,afforested
affranchise,affranchising,affranchised
affranchize,affranchising,affranchised
affray,affraying,affrayed
affreight,affreighting,affreighted
affright,affrighting,affrighted
affrighten,affrightening,affrightened
affront,affronting,affronted
affuse,affusing,affused
affy,affying,affied
afoord,afoording,afoorded
Africanise,Africanising,Africanised
Africanize,Africanizing,Africanized
after-eye,after-eying,after-eyed
aftercool,aftercooling,aftercooled
aftersee,afterseeing,aftersaw
afterthink,afterthinking,afterthought
afterthought,afterthoughting,afterthoughted
againsay,againsaying,againsaid
againstand,againstanding,againstood
agatize,agatizing,agatized
age,ageing or (US) aging,aged
aggerate,aggerating,aggerated
aggest,aggesting,aggested
agglomerate,agglomerating,agglomerated
agglutinate,agglutinating,agglutinated
aggrace,aggracing,aggraced
aggrade,aggrading,aggraded
aggrandise,aggrandising,aggrandised
aggrandize,aggrandizing,aggrandized
aggrate,aggrating,aggrated
aggravate,aggravating,aggravated
aggregate,aggregating,aggregated
aggrege,aggreging,aggreged
aggress,aggressing,aggressed
aggrieve,aggrieving,aggrieved
aggro,aggroing,aggroed
aggroup,aggrouping,aggrouped
agist,agisting,agisted
agitate,agitating,agitated
agnise,agnising,agnised
agnize,agnizing,agnized
agnominate,agnominating,agnominated
agonise,agonising,agonised
agonize,agonizing,agonized
agrace,agracing,agraced
agrarianise,agrarianising,agrarianised
agrarianize,agrarianizing,agrarianized
agree,agreeing,agreed
agriculturalise,agriculturalising,agriculturalised
agriculturalize,agriculturalizing,agriculturalized
agriculturise,agriculturising,agriculturised
agriculturize,agriculturizing,agriculturized
agrise,agrising,agrised
agrize,agrizing,agrized
ague,aguing,agued
aguise,aguising,aguised
ahh,ahhing,ahhed
ahoy,ahoying,ahoyed
aid,aiding,aided
ail,ailing,ailed
aim,aiming,aimed
air,airing,aired
air-brush,air-brushing,air-brushed
air-condition,air-conditioning,air-conditioned
air-drop,air-droping,air-droped
air-dry,air-drying,air-dried
air-freight,air-freighting,air-freighted
air-guitar,air-guitaring,air-guitared
airbrush,airbrushing,airbrushed
airdash,airdashing,airdashed
airdrop,airdropping,airdropped
airdry,airdrying,airdried
airfreight,airfreighting,airfreighted
airlift,airlifting,airlifted
airmail,airmailing,airmailed
airt,airting,airted
ajar,ajarring,ajarred
Ajaxify,Ajaxifying,Ajaxified
ake,aking,aked
aken,akenning,akenned
akill,akilling,akilled
aknow,aknowing,aknew
aks,aksing,aksed
alarm,alarming,alarmed
alarum,alaruming,alarumed
albumenise,albumenising,albumenised
albumenize,albumenizing,albumenized
albuminise,albumenising,albumenised
albuminize,albuminizing,albuminized
alchemise,alchemising,alchemised
alchemize,alchemizing,alchemized
alcoholise,alcoholising,alcoholised
alcoholize,alcoholizing,alcoholized
alegge,alegging,alegged
alert,alerting,alerted
algebraicize,algebraicizing,algebraicized
algebraize,algebraizing,algebraized
algorithmize,algorithmizing,algorithmized
alias,aliasing,aliased
alibi,alibiing,alibied
alien,aliening,aliened
alienate,alienating,alienated
aliene,aliening,aliened
alieve,alieving,alieved
alight,alighting,alighted
align,aligning,aligned
aliment,alimenting,alimented
aline,alining,alined
aliquot,aliquoting,aliquoted
alkalify,alkalifying,alkalified
alkalinise,alkalinising,alkalinised
alkalinize,alkalinizing,alkalinized
alkalize,alkalizing,alkalized
alkylate,alkylating,alkylated
all-hail,all-hailing,all-hailed
allay,allaying,allayed
allect,allecting,allected
alledg,alledging,alledged
alledge,alledging,alledged
allege,alleging,alleged
allegorise,allegorising,allegorised
allegorize,allegorizing,allegorized
alleviate,alleviating,alleviated
alliance,alliancing,allianced
allide,alliding,allided
alligate,alligating,alligated
alligator,alligatoring,alligatored
allineate,allineating,allineated
alliterate,alliterating,alliterated
alliterize,alliterizing,alliterized
allocate,allocating,allocated
allocute,allocuting,allocuted
allomother,allomothering,allomothered
allonge,allonging,allonged
alloo,allooing,allooed
allot,allotting,allotted
allotropize,allotropizing,allotropized
allow,allowing,allowed
allowance,allowancing,allowanced
alloy,alloying,alloyed
allude,alluding,alluded
allure,alluring,allured
ally,allying,allied
alphabet,alphabeting,alphabeted
alphabetise,alphabetising,alphabetised
alphabetize,alphabetizing,alphabetized
alter,altering,altered
altercate,altercating,altercated
alternate,alternating,alternated
altre,altring,altred
alum,aluming,alumed
aluminise,aluminising,aluminised
aluminize,aluminizing,aluminized
aluminumize,aluminumizing,aluminumized
amain,amaining,amained
amalgam,amalgaming,amalgamed
amalgamate,amalgamating,amalgamated
amalgamize,amalgamizing,amalgamized
amanse,amansing,amansed
amass,amassing,amassed
amate,amating,amated
amay,amaying,amayed
amaze,amazing,amazed
Amazon,Amazoning,Amazoned
ambass,ambassing,ambassed
amber,ambering,ambered
ambiguate,ambiguating,ambiguated
ambition,ambitioning,ambitioned
amble,ambling,ambled
ambulate,ambulating,ambulated
ambuscade,ambuscading,ambuscaded
ambush,ambushing,ambushed
amel,ameling,ameled
ameliorate,ameliorating,ameliorated
amen,amening,amened
amend,amending,amended
amenuse,amenusing,amenused
amerce,amercing,amerced
Americanise,Americanising,Americanised
Americanize,Americanizing,Americanized
amese,amesing,amesed
aminate,aminating,aminated
amind,aminding,aminded
amit,amitting,amitted
ammo,ammoing,ammoed
ammoniate,ammoniating,ammoniated
ammonify,ammonifying,ammonified
amnesty,amnestying,amnestied
amortise,amortising,amortised
amount,amounting,amounted
amove,amoving,amoved
amp,amping,amped
ampliate,ampliating,ampliated
amplificate,amplificating,amplificated
amplify,amplifying,amplified
amputate,amputating,amputated
amuse,amusing,amused
anabaptize,anabaptizing,anabaptized
anachronize,anachronizing,anachronized
anaesthetise,anaesthetising,anaesthetised
anaesthetize,anaesthetizing,anaesthetized
anagram,anagramming,anagrammed
anagrammatise,anagrammatising,anagrammatised
anagrammatize,anagrammatizing,anagrammatized
analogise,analogising,analogised
analogize,analogizing,analogized
analyse,analysing,analysed
analyze,analyzing,analyzed
anarchize,anarchizing,anarchized
anastomose,anastomosing,anastomosed
anathematise,anathematising,anathematised
anathematize,anathematizing,anathematized
anatomise,anatomising,anatomised
anatomize,anatomizing,anatomized
anchor,anchoring,anchored
anchour,anchouring,anchoured
anchylose,anchylosing,anchylosed
AND,ANDing,ANDed
androgenise,androgenising,androgenised
androgenize,androgenizing,androgenized
androgynise,androgynising,androgynised
androgynize,androgynizing,androgynized
aneal,anealing,anealed
anear,anearing,aneared
anele,aneling,aneled
anesthetize,anesthetizing,anesthetized
angel,angeling,angeled
angelify,angelifying,angelified
angelise,angelising,angelised
angelize,angelizing,angelized
anger,angering,angered
angle,angling,angled
anglicise,anglicising,anglicised
anglicize,anglicizing,anglicized
Anglify,Anglifying,Anglified
angst,angsting,angsted
anguish,anguishing,anguished
angulate,angulating,angulated
anhele,anheling,anheled
anhydrate,anhydrating,anhydrated
animadvert,animadverting,animadverted
animalise,animalising,animalised
animalize,animalizing,animalized
animate,animating,animated
ankle,ankling,ankled
ankylose,ankylosing,ankylosed
annalise,annalising,annalised
annalize,annalizing,annalized
anneal,annealing,annealed
annex,annexing,annexed
annexe,annexing,annexed
annihilate,annihilating,annihilated
annoint,annointing,annointed
annotate,annotating,annotated
announce,announcing,announced
annoy,annoying,annoyed
annualise,annualising,annualised
annualize,annualizing,annualized
annul,annulling,annulled
annumerate,annumerating,annumerated
annunciate,annunciating,annunciated
anodise,anodising,anodised
anodize,anodizing,anodized
anoil,anoiling,anoiled
anoint,anointing,anointed
anonymise,anonymising,anonymised
anorn,anorning,anorned
answer,answering,answered
answere,answering,answered
ant,anting,anted
antagonise,antagonising,antagonised
antagonize,antagonizing,antagonized
antecede,anteceding,anteceded
antedate,antedating,antedated
antevert,anteverting,anteverted
antevolate,antevolating,antevolated
anthem,antheming,anthemed
anthologise,anthologising,anthologised
anthologize,anthologizing,anthologized
anthropise,anthropising,anthropised
anthropize,anthropizing,anthropized
anthropomorphise,anthropomorphising,anthropomorphised
anthropomorphize,anthropomorphizing,anthropomorphized
antialias,antialiasing,antialiased
antic,anticking,anticked
anticipate,anticipating,anticipated
anticize,anticizing,anticized
anticorrelate,anticorrelating,anticorrelated
anticross,anticrossing,anticrossed
antidote,antidoting,antidoted
antifoul,antifouling,antifouled
antioxidise,antioxidising,antioxidised
antioxidize,antioxidizing,antioxidized
antipathise,antipathising,antipathised
antipathize,antipathizing,antipathized
antiquarianise,antiquarianising,antiquarianised
antiquarianize,antiquarianizing,antiquarianized
antiquate,antiquating,antiquated
antique,antiquing,antiqued
antisepticise,antisepticising,antisepticised
antisepticize,antisepticizing,antisepticized
antisymmetrise,antisymmetrising,antisymmetrised
antisymmetrize,antisymmetrizing,antisymmetrized
antiterminate,antiterminating,antiterminated
antithesise,antithesising,antithesised
antithesize,antithesizing,antithesized
anxt,anxting,anxted
apair,apairing,apaired
apay,apaying,apaid
ape,aping,aped
aphetize,aphetizing,aphetized
aphorise,aphorising,aphorised
aphorize,aphorizing,aphorized
apocopate,apocopating,apocopated
apodize,apodizing,apodized
apologise,apologising,apologised
apologize,apologizing,apologized
apostatise,apostatising,apostatised
apostatize,apostatizing,apostatized
apostemate,apostemating,apostemated
apostille,apostilling,apostilled
apostrophise,apostrophising,apostrophised
apostrophize,apostrophizing,apostrophized
apothegmatize,apothegmatizing,apothegmatized
apotheosise,apotheosising,apotheosised
apotheosize,apotheosizing,apotheosized
appair,appairing,appaired
appal,appalling,appalled
appall,appalling,appalled
apparate,apparating,apparated
appeach,appeaching,appeached
appeal,appealing,appealed
appeall,appealling,appealled
appear,appearing,appeared
appease,appeasing,appeased
appel,appeling,appeled
append,appending,appended
apperceive,apperceiving,apperceived
appertain,appertaining,appertained
appetise,appetising,appetised
appetize,appetizing,appetized
applaud,applauding,applauded
apple-polish,apple-polishing,apple-polished
applicate,applicating,applicated
applique,appliqueing,appliqued
applot,applotting,applotted
apply,applying,applied
appoint,appointing,appointed
apportion,apportioning,apportioned
appose,apposing,apposed
appraise,appraising,appraised
appreciate,appreciating,appreciated
apprecihate,apprecihating,apprecihated
apprehend,apprehending,apprehended
apprentice,apprenticing,apprenticed
apprentise,apprentising,apprentised
appress,appressing,appressed
appretiate,appretiating,appretiated
apprise,apprising,apprised
apprize,apprizing,apprized
approach,approaching,approached
approbate,approbating,approbated
appropinquate,approprinquating,approprinquated
approportionate,approportionating,approportionated
appropriate,appropriating,appropriated
approve,approving,approved
apricate,apricating,apricated
April-fool,April-fooling,April-fooled
aquacise,aquacising,aquacised
aqualung,aqualunging,aqualunged
aquaplane,aquaplaning,aquaplaned
aquascape,aquascaping,aquascaped
aquatint,aquatinting,aquatinted
Arabianize,Arabianizing,Arabianized
Arabicize,Arabicizing,Arabicized
Arabise,Arabising,Arabised
Arabize,Arabizing,Arabized
arace,aracing,araced
arage,araging,araged
araise,araising,araised
arbiter,arbitering,arbitered
arbitrage,arbitraging,arbitraged
arbitrate,arbitrating,arbitrated
arboresce,arborescing,arboresced
arborise,arborising,arborised
arborize,arborizing,arborized
arch,arching,arched
archaicize,archaicizing,archaicized
archaize,archaizing,archaized
archetype,archetyping,archetyped
architect,architecting,architected
archive,archiving,archived
arcticize,arcticizing,arcticized
arcweld,arcwelding,arcwelded
aread,areading,ared
arear,arearing,areared
arefy,arefying,arefied
aret,aretting,aretted
argle-bargle,argle-bargling,argle-bargled
argue,arguing,argued
argufy,argufying,argufied
argumentize,argumentizing,argumentized
argy-bargy,argy-bargying,argy-bargied
Arianize,Arianizing,Arianized
aright,arighting,arighted
arise,arising,arose
arize,arizing,aroze
arm,arming,armed
arm-wrestle,arm-wrestling,arm-wrestled
armor,armoring,armored
armour,armouring,armoured
aroint,arointing,arointed
aromatise,aromatising,aromatised
aromatize,aromatizing,aromatized
arouse,arousing,aroused
aroynt,aroynting,aroynted
arpeggiate,arpeggiating,arpeggiated
arraign,arraigning,arraigned
arrange,arranging,arranged
array,arraying,arrayed
arread,arreading,arread
arrect,arrecting,arrected
arrest,arresting,arrested
arride,arriding,arrided
arrive,arriving,arrived
arrogate,arrogating,arrogated
arrose,arrosing,arrosed
arrow,arrowing,arrowed
arse,arsing,arsed
arsenicate,arsenicating,arsenicated
arsle,arsling,arsled
arterialize,arterializing,arterialized
article,articling,articled
articulate,articulating,articulated
artificialize,artificializing,artificialized
artuate,artuating,artuated
Aryanize,Aryanizing,Aryanized
arylate,arylating,arylated
ASBO,ASBOing,ASBOed
ascend,ascending,ascended
ascerbate,ascerbating,ascerbated
ascertain,ascertaining,ascertained
ASCIIfy,ASCIIfying,ASCIIfied
ascribe,ascribing,ascribed
asepticize,asepticizing,asepticized
asexualise,asexualising,asexualised
asexualize,asexualizing,asexualized
ash,ashing,ashed
ashame,ashaming,ashamed
ask,asking,asked
aske,asking,asked
aslake,aslaking,aslaked
asperate,asperating,asperated
asperse,aspersing,aspersed
asphalt,asphalting,asphalted
asphyxiate,asphyxiating,asphyxiated
aspirate,aspirating,aspirated
aspire,aspiring,aspired
asplode,asploding,asploded
ass-rape,ass-raping,ass-raped
assail,assailing,assailed
assaile,assailing,assailed
assain,assaining,assained
assart,assarting,assarted
assassin,assassining,assassined
assassinate,assassinating,assassinated
assault,assaulting,assaulted
assay,assaying,assayed
assecure,assecuring,assecured
assegai,assegaiing,assegaied
assemble,assembling,assembled
assent,assenting,assented
assert,asserting,asserted
assess,assessing,assessed
assever,assevering,assevered
asseverate,asseverating,asseverated
assfuck,assfucking,assfucked
asshure,asshuring,asshured
assibilate,assibilating,assibilated
assiege,assieging,assieged
assign,assigning,assigned
assimilate,assimilating,assimilated
assimulate,assimulating,assimulated
assist,assisting,assisted
assle,assling,assled
associate,associating,associated
assoil,assoiling,assoiled
assonate,assonating,assonated
assort,assorting,assorted
assot,assotting,assotted
assoyle,assoyling,assoyled
assplant,assplanting,assplanted
assrape,assraping,assraped
assrun,assrunning,assran
assuage,assuaging,assuaged
assubjugate,assubjugating,assubjugated
assume,assuming,assumed
assumpt,assumpting,assumpted
assure,assuring,assured
asswage,asswaging,asswaged
astand,astanding,astood
astart,astarting,astarted
asterisk,asterisking,asterisked
astipulate,astipulating,astipulated
astonish,astonishing,astonished
astony,astonying,astonied
astound,astounding,astounded
astrict,astricting,astricted
astringe,astringing,astringed
astrogate,astrogating,astrogated
astrologize,astrologizing,astrologized
astronomize,astronomizing,astronomized
astroturf,astroturfing,astroturfed
asymptote,asymptoting,asymptoted
atchieve,atchieving,atchieved
atend,atending,atended
atene,atening,atened
atgo,atgoing,atwent
atheise,atheising,atheised
atheize,atheizing,atheized
athetize,athetizing,athetized
atomise,atomising,atomised
atomize,atomizing,atomized
atone,atoning,atoned
atray,atraying,atrayed
atren,atrenning,atrenned
atride,atriding,atrode
atrin,atrinning,atran
atrist,atristing,atristed
atroke,atroking,atroked
atrophy,atrophying,atrophied
atrout,atrouting,atrouted
atsake,atsaking,atsook
atscape,atscaping,atscaped
atshake,atshaking,atshook
atshoot,atshooting,atshot
atslike,atsliking,atsliked
atspring,atspringing,atsprang
atstand,atstanding,atstood
atstert,atsterts,atsterted
atstunt,atstunting,atstunted
atstut,atstutting,atstutted
attach,attaching,attached
attack,attacking,attacked
attain,attaining,attained
attaint,attainting,attainted
attame,attaming,attamed
attaminate,attaminating,attaminated
attask,attasking,attasked
attaste,attasting,attasted
attemper,attempering,attempered
attemperate,attemperating,attemperated
attempre,attempring,attempred
attempt,attempting,attempted
attend,attending,attended
attenuate,attenuating,attenuated
atter,attering,attered
atterrate,atterrating,atterrated
attest,attesting,attested
Atticize,Atticizing,Atticized
attinge,attinging,attinged
attire,attiring,attired
attitude,attituding,attituded
attitudinise,attitudinising,attitudinised
attitudinize,attitudinizing,attitudinized
attorn,attorning,attorned
attract,attracting,attracted
attrap,attrapping,attrapped
attribute,attributing,attributed
attrit,attritting,attritted
attrite,attriting,attrited
attuite,attuiting,attuited
attune,attuning,attuned
atwind,atwinding,atwound
atwite,atwiting,atwited
auction,auctioning,auctioned
auctioneer,auctioneering,auctioneered
audible,audibling,audibled
audiotape,audiotaping,audiotaped
audit,auditing,audited
audition,auditioning,auditioned
auger,augering,augered
aught,aughting,aughted
augle,augling,augled
augment,augmenting,augmented
augur,auguring,augured
augurate,augurating,augurated
august,augusting,augusted
aumail,aumailing,aumailed
aurify,aurifying,aurified
auscult,ausculting,ausculted
auscultate,auscultating,auscultated
auspicate,auspicating,auspicated
austemper,austempering,austempered
austenitize,austenitizing,austenitized
Australianise,Australianising,Australianised
Australianize,Australianizing,Australianized
Australize,Australizing,Australized
auth,authing,authed
authenticate,authenticating,authenticated
author,authoring,authored
authorise,authorising,authorised
authorize,authorizing,authorized
authourise,authourising,authourised
authourize,authourizing,authourized
auto-block,auto-blocking,auto-blocked
auto-redirect,auto-redirecting,auto-redirected
auto-tune,auto-tuning,auto-tuned
autoactivate,autoactivating,autoactivated
autoamputate,autoamputating,autoamputated
autoblock,autoblocking,autoblocked
autoboot,autobooting,autobooted
autocatalyse,autocatalysing,autocatalysed
autocatalyze,autocatalyzing,autocatalyzed
autoclave,autoclaving,autoclaved
autoclose,autoclosing,autoclosed
autocomplete,autocompleting,autocompleted
autoconfigure,autoconfiguring,autoconfigured
autoconfirm,autoconfirming,autoconfirmed
autocorrect,autocorrecting,autocorrected
autodecrement,autodecrementing,autodecremented
autodelete,autodeleting,autodeleted
autodephosphorylate,autodephosphorylating,autodephosphorylated
autodestruct,autodestructing,autodestructed
autodetect,autodetecting,autodetected
autofit,autofitting,autofitted
autoflow,autoflowing,autoflowed
autoformat,autoformatting,autoformatted
autogenerate,autogenerating,autogenerated
autograft,autografting,autografted
autograph,autographing,autographed
autohide,autohiding,autohid
autoincrement,autoincrementing,autoincremented
autoinfect,autoinfecting,autoinfected
autoinhibit,autoinhibiting,autoinhibited
autoionize,autoionizing,autoionized
autoload,autoloading,autoloaded
autolyse,autolysing,autolysed
autolyze,autolyzing,autolyzed
automate,automating,automated
automatize,automatizing,automatized
automethylate,automethylating,automethylated
automize,automizing,automized
automobile,automobiling,automobiled
automount,automounting,automounted
autophosphorylate,autophosphorylating,autophosphorylated
autopilot,autopiloting,autopiloted
autopsy,autopsying,autopsied
autoradiograph,autoradiographing,autoradiographed
autoreact,autoreacting,autoreacted
autoregister,autoregistering,autoregistered
autoregulate,autoregulating,autoregulated
autorotate,autorotating,autorotated
autorun,autorunning,autoran
autosave,autosaving,autosaved
autoselect,autoselecting,autoselected
autostart,autostarting,autostarted
autotarget,autotargeting,autotargeted
autotomize,autotomizing,autotomized
autotune,autotuning,autotuned
autowrap,autowrapping,autowrapped
autoxidise,autoxidising,autoxidised
autoxidize,autoxidizing,autoxidized
avail,availing,availed
avalanche,avalanching,avalanched
avale,avaling,avaled
avaunce,avaunceing,avaunceed
avaunt,avaunting,avaunted
avel,aveling,aveled
avenge,avenging,avenged
aventre,aventring,aventred
aver,averring,averred
average,averaging,averaged
averruncate,averruncating,averruncated
averse,aversing,aversed
avert,averting,averted
aviate,aviating,aviated
aview,aviewing,aviewed
avile,aviling,aviled
avise,avising,avised
avocate,avocating,avocated
avoid,avoiding,avoided
avoke,avoking,avoked
avolate,avolating,avolated
avouch,avouching,avouched
avow,avowing,avowed
avulse,avulsing,avulsed
await,awaiting,awaited
awaken,awakening,awoke
award,awarding,awarded
awarn,awarning,awarned
awe,awing,awed
awe-inspire,awe-inspiring,awe-inspired
awfulize,awfulizing,awfulized
awhape,awhaping,awhaped
awrath,*awrathing,*awrathed
awroth,awrothing,awrothed
aww,awwing,awwed
ax,axing,axed
axe,axing,axed
axe-murder,axe-murdering,axe-murdered
axiomatise,axiomatising,axiomatised
axiomatize,axiomatizing,axiomatized
axisymmetrise,axisymmetrising,axisymmetrised
axotomize,axotomizing,axotomized
azotise,azotising,azotised
azotize,azotizing,azotized
azure,azuring,azured
ba,baing,baed
baa,baaing,baaed
babbitt,babbitting,babbitted
babble,babbling,babbled
babelize,babelizing,babelized
babify,babifying,babified
baby,babying,babied
baby-sit,baby-sitting,baby-sat
babysit,babysitting,babysat
bace,bacing,baced
bach,baching,bached
back,backing,backed
back-bite,back-biting,back-bit
back-comb,back-combing,back-combed
back-form,back-forming,back-formed
back-track,back-tracking,back-tracked
backbite,backbiting,backbit
backburn,backburning,backburned
backburner,backburnering,backburnered
backcast,backcasting,backcasted
backchat,backchatting,backchatted
backcheck,backchecking,backchecked
backcomb,backcombing,backcombed
backcross,backcrossing,backcrossed
backdate,backdating,backdated
backdoor,backdooring,backdoored
backdrop,backdropping,backdropped
backfill,backfilling,backfilled
backfire,backfiring,backfired
backflip,backflipping,backflipped
backflush,backflushing,backflushed
backfoot,backfooting,backfooted
backgammon,backgammoning,backgammoned
background,backgrounding,backgrounded
backhand,backhanding,backhanded
backhaul,backhauling,backhauled
backheel,backheeling,backheeled
backhoe,backhoeing,backhoed
backlash,backlashing,backlashed
backlink,backlinking,backlinked
backlist,backlisting,backlisted
backload,backloading,backloaded
backlog,backlogging,backlogged
backpack,backpacking,backpacked
backpatch,backpatching,backpatched
backport,backporting,backported
backprint,backprinting,backprinted
backpropagate,backpropagating,backpropagated
backquote,backquoting,backquoted
backreact,backreacting,backreacted
backread,backreading,backread
backreference,backreferencing,backreferenced
backroll,backrolling,backrolled
backscatter,backscattering,backscattered
backscratch,backscratching,backscratched
backset,backsetting,backset
backsheesh,backsheeshing,backsheeshed
backshift,backshifting,backshifted
backsight,backsighting,backsighted
backslap,backslapping,backslapped
backslash,backslashing,backslashed
backslide,backsliding,backslid
backsolve,backsolving,backsolved
backsource,backsourcing,backsourced
backspace,backspacing,backspaced
backspin,backspinning,backspun
backstab,backstabbing,backstabbed
backstitch,backstitching,backstitched
backstop,backstopping,backstopped
backstroke,backstroking,backstroked
backtab,backtabbing,backtabbed
backtag,backtagging,backtagged
backtalk,backtalking,backtalked
backtest,backtesting,backtested
backtrace,backtracing,backtraced
backtrack,backtracking,backtracked
backwash,backwashing,backwashed
backwater,backwatering,backwatered
backwind,backwinding,backwinded
bacterize,bacterizing,bacterized
bad,badding,badded
bad-mouth,bad-mouthing,bad-mouthed
bad-talk,bad-talking,bad-talked
badge,badging,badged
badger,badgering,badgered
badinage,badinaging,badinaged
badmouth,badmouthing,badmouthed
baff,baffing,baffed
baffle,baffling,baffled
bag,bagging,bagged
baggs,baggsing,baggsed
bagpipe,bagpiping,bagpiped
bags,bagsing,bagsed
bagsy,bagsying,bagsied
bail,bailing,bailed
bait,baiting,baited
bake,baking,baked
baksheesh,baksheeshing,baksheeshed
balance,balancing,balanced
balbutiate,balbutiating,balbutiated
bald,balding,balded
balderdash,balderdashing,balderdashed
bale,baling,baled
balk,balking,balked
balkanise,balkanising,balkanised
Balkanize,Balkanizing,Balkanized
ball,balling,balled
ballad,ballading,balladed
balladeer,balladeering,balladeered
ballarag,ballaragging,ballaragged
ballast,ballasting,ballasted
balloon,ballooning,ballooned
ballot,balloting,balloted
ballpark,ballparking,ballparked
ballyhoo,ballyhooing,ballyhooed
balm,balming,balmed
balmify,balmifying,balmified
balsam,balsaming,balsamed
balter,baltering,baltered
bam,bamming,bammed
bamboo,bambooing,bambooed
bamboozle,bamboozling,bamboozled
bamfoozle,bamfoozling,bamfoozled
ban,banning,banned
banalise,banalising,banalised
banalize,banalizing,banalized
band,banding,banded
band-aid,band-aiding,band-aided
bandage,bandaging,bandaged
bandish,bandishing,bandished
bandsaw,bandsawing,bandsawed
bandy,bandying,bandied
bane,baning,baned
bang,banging,banged
Bangalore,Bangaloring,Bangalored
bangle,bangling,bangled
bangtail,bangtailing,bangtailed
banhammer,banhammering,banhammered
banish,banishing,banished
banjax,banjaxing,banjaxed
banjo,banjoing,banjoed
bank,banking,banked
bankroll,bankrolling,bankrolled
bankrupt,bankrupting,bankrupted
banninate,banninating,banninated
banter,bantering,bantered
baptise,baptising,baptised
baptize,baptizing,baptized
bar,barring,barred
barb,barbing,barbed
barback,barbacking,barbacked
barbarize,barbarizing,barbarized
barbecue,barbecuing,barbecued
barber,barbering,barbered
bard,barding,barded
bare,baring,bared
bareback,barebacking,barebacked
barf,barfing,barfed
bargain,bargaining,bargained
barge,barging,barged
barhop,barhopping,barhopped
bark,barking,barked
barken,barkening,barkened
barn,barning,barned
barnacle,barnacling,barnacled
barney,barneying,barneyed
barnstorm,barnstorming,barnstormed
Barnumize,Barnumizing,Barnumized
barrack,barracking,barracked
barrage,barraging,barraged
barricade,barricading,barricaded
barricado,barricadoing,barricadoed
bartend,bartending,bartended
barter,bartering,bartered
base,basing,based
baseline,baselining,baselined
bash,bashing,bashed
basify,basifying,basified
basil,basilling,basilled
bask,basking,basked
basket,basketing,basketed
bass,bassing,bassed
basset,basseting,basseted
bassoon,bassooning,bassooned
bastard,bastarding,bastarded
bastardise,bastardising,bastardised
bastardize,bastardizing,bastardized
baste,basting,basted
bastinade,bastinading,bastinaded
bastinado,bastinadoing,bastinadoed
bastonade,bastonading,bastonaded
bat,batting,batted
batch,batching,batched
bate,bating,bated
bath,bathing,bathed
bathe,bathing,bathed
batik,batiking,batiked
batmobile,batmobiling,batmobiled
baton,batoning,batoned
battalion,battalioning,battalioned
battel,battelling,battelled
batten,battening,battened
batter,battering,battered
battle,battling,battled
battologize,battologizing,battologized
bauchle,bauchling,bauchled
bauf,bauffing,bauffed
baulk,baulking,baulked
bawd,bawding,bawded
bawl,bawling,bawled
bay,baying,bayed
baze,bazing,bazed
BBM,BBMing,BBMed
BBQ,BBQing,BBQed
beach,beaching,beached
beacon,beaconing,beaconed
bead,beading,beaded
beagle,beagling,beagled
beak,beaking,beaked
beal,bealing,bealed
beam,beaming,beamed
bean,beaning,beaned
bear,bearing,bore
beard,bearding,bearded
bearhug,bearhugging,bearhugged
bearproof,bearproofing,bearproofed
beast,beasting,beasted
beat,beating,beat
beatbox,beatboxing,beatboxed
beath,beathing,beathed
beatificate,beatificating,beatificated
beatify,beatifying,beatified
beautify,beautifying,beautified
bebang,bebanging,bebanged
bebar,bebarring,bebarred
bebathe,bebathing,bebathed
bebay,bebaying,bebayed
bebeast,bebeasting,bebeasted
beblast,beblasting,beblasted
bebleed,bebleeding,bebled
bebless,beblessing,beblessed
beblind,beblinding,beblinded
beblister,beblistering,beblistered
beblood,beblooding,beblooded
bebloody,bebloodying,bebloodied
beblot,beblotting,beblotted
beblow,beblowing,beblew
beblubber,beblubbering,beblubbered
beblur,beblurring,beblurred
bebop,bebopping,bebopped
bebother,bebothering,bebothered
bebreak,bebreaking,bebroke
bebroyde,bebroyding,bebroyded
bebump,bebumping,bebumped
bebury,beburying,beburied
bebusy,bebusying,bebusied
becall,becalling,becalled
becalm,becalming,becalmed
becare,becaring,becared
becast,becasting,becast
becatch,becatching,becaught
bechance,bechancing,bechanced
becharm,becharming,becharmed
bechat,bechatting,bechatted
bechill,bechilling,bechilled
beck,becking,becked
beckon,beckoning,beckoned
beclam,beclamming,beclammed
beclap,beclapping,beclapped
beclart,beclarting,beclarted
beclaw,beclawing,beclawed
beclip,beclipping,beclipped
beclog,beclogging,beclogged
beclose,beclosing,beclosed
beclothe,beclothing,beclothed
becloud,beclouding,beclouded
beclout,beclouting,beclouted
beclown,beclowning,beclowned
beclumpse,beclumpsing,beclumpsed
becolour,becolouring,becoloured
becomse,becomsing,becomsed
becover,becovering,becovered
becrave,becraving,becraved
becrawl,becrawling,becrawled
becringe,becringing,becringed
becripple,becrippling,becrippled
becroggle,becroggling,becroggled
becross,becrossing,becrossed
becrown,becrowning,becrowned
becry,becrying,becried
becudgel,becudgeling,becudgeled
becue,becuing,becued
becurl,becurling,becurled
becurse,becursing,becursed
becut,becutting,becut
bed,bedding,bedded
bed-hop,bed-hopping,bed-hopped
bedabble,bedabbling,bedabbled
bedaff,bedaffing,bedaffed
bedag,bedagging,bedagged
bedaggle,bedaggling,bedaggled
bedamn,bedamning,bedamned
bedamp,bedamping,bedamped
bedance,bedancing,bedanced
bedangle,bedangling,bedangled
bedark,bedarking,bedarked
bedarken,bedarkening,bedarkened
bedash,bedashing,bedashed
bedaub,bedaubing,bedaubed
bedaze,bedazing,bedazed
bedazzle,bedazzling,bedazzled
bede,beding,bade
bedeafen,bedeafening,bedeafened
bedeal,bedealing,bedealt
bedear,bedearing,bedeared
bedeck,bedecking,bedecked
bedeem,bedeeming,bedeemed
bedew,bedewing,bedewed
bedhop,bedhopping,bedhopped
bediaper,bediapering,bediapered
bedim,bedimming,bedimmed
bedinner,bedinnering,bedinnered
bedip,bedipping,bedipped
bedirt,bedirting,bedirted
bedirty,bedirtying,bedirtied
bedizen,bedizening,bedizened
bedizzen,bedizzening,bedizzened
bedo,bedoing,bedid
bedoctor,bedoctoring,bedoctored
bedole,bedoling,bedoled
bedoubt,bedoubting,bedoubted
bedrabble,bedrabbling,bedrabbled
bedraggle,bedraggling,bedraggled
bedrape,bedraping,bedraped
bedraw,bedrawing,bedrew
bedrench,bedrenching,bedrenched
bedribble,bedribbling,bedribbled
bedrift,bedrifting,bedrifted
bedrink,bedrinking,bedrank
bedrip,bedripping,bedripped
bedrive,bedriving,bedrove
bedrizzle,bedrizzling,bedrizzled
bedrop,bedropping,bedropped
bedrug,bedrugging,bedrugged
bedrum,bedrumming,bedrummed
beduck,beducking,beducked
beduke,beduking,beduked
bedumb,bedumbing,bedumbed
bedung,bedunging,bedunged
bedust,bedusting,bedusted
bedutch,bedutching,bedutched
bedwarf,bedwarfing,bedwarfed
bedwell,bedwelling,bedwelt
bedye,bedyeing or bedying,bedyed
beef,beefing,beefed
beeline,beelining,beelined
beely,beelying,beelied
beep,beeping,beeped
beeswax,beeswaxing,beeswaxed
beetle,beetling,beetled
befall,befalling,befell
befang,befanging,befanged
befeather,befeathering,befeathered
befie,befying,befied
befight,befighting,befought
befile,befiling,befiled
befind,befinding,befound
befit,befitting,befitted
beflake,beflaking,beflaked
beflatter,beflattering,beflattered
beflay,beflaying,beflayed
beflea,befleaing,befleaed
beflee,befleeing,befled
beflood,beflooding,beflooded
beflow,beflowing,beflowed
beflower,beflowering,beflowered
beflutter,befluttering,befluttered
befly,beflying,beflew
befoam,befoaming,befoamed
befoe,befoeing,befoed
befog,befogging,befogged
befool,befooling,befooled
befortune,befortuning,befortuned
befoul,befouling,befouled
beframe,beframing,beframed
befree,befreeing,befreed
befriend,befriending,befriended
befrill,befrilling,befrilled
befringe,befringing,befringed
befuck,befucking,befucked
befuddle,befuddling,befuddled
befurbelow,befurbelowing,befurbelowed
beg,begging,begged
begab,begabbing,begabbed
begather,begathering,begathered
begaud,begauding,begauded
begay,begaying,begayed
begaze,begazing,begazed
begeck,begecking,begecked
begem,begemming,begemmed
beggar,beggaring,beggared
beghast,beghasting,beghasted
beghost,beghosting,beghosted
begift,begifting,begifted
begild,begilding,begilded
begin,beginning,began
begink,beginking,beginked
begird,begirding,begirded
begirdle,begirdling,begirdled
begive,begiving,begave
begladden,begladdening,begladdened
beglammer,beglammering,beglammered
beglamour,beglamouring,beglamoured
beglisten,beglistening,beglistened
begloom,beglooming,begloomed
beglory,beglorying,begloried
begnaw,begnawing,begnawed
bego,begoing,bewent
begod,begodding,begodded
begold,begolding,begolded
begore,begoring,begored
begowk,begowking,begowked
begown,begowning,begowned
begrace,begracing,begraced
begrasp,begrasping,begrasped
begrave,begraving,begraved
begrease,begreasing,begreased
begreet,begreeting,begreeted
begrime,begriming,begrimed
begrip,begripping,begripped
begripe,begriping,begriped
begroan,begroaning,begroaned
begrudge,begrudging,begrudged
begruntle,begruntling,begruntled
beguess,beguessing,beguessed
beguile,beguiling,beguiled
beguilt,beguilting,beguilted
beguilty,beguiltying,beguiltied
begum,begumming,begummed
begunk,begunking,begunked
beguyle,beguyling,beguyled
behallow,behallowing,behallowed
behang,behanging,behung
behap,behapping,behapped
behappen,behappening,behappened
behat,behatting,behatted
behate,behating,behated
behave,behaving,behaved
behead,beheading,beheaded
behear,behearing,beheard
behearken,behearkening,behearkened
beheart,behearting,behearted
behedge,behedging,behedged
behell,behelling,behelled
behelm,behelming,behelmed
behest,behesting,behested
behew,behewing,behewed
behold,beholding,beheld
behoney,behoneying,behoneyed
behoove,behooving,behooved
behope,behoping,behoped
behorn,behorning,behorned
behove,behoving,behoved
behowl,behowling,behowled
behue,behuing,behued
bein,beining,beined
bejade,bejading,bejaded
bejape,bejaping,bejaped
bejesuit,bejesuiting,bejesuited
bejuggle,bejuggling,bejuggled
bejumble,bejumbling,bejumbled
bekiss,bekissing,bekissed
beknave,beknaving,beknaved
beknight,beknighting,beknighted
beknow,beknowing,beknew
beknowledge,beknowledging,beknowledged
belabor,belaboring,belabored
belabour,belabouring,belaboured
belace,belacing,belaced
beladle,beladling,beladled
belam,belamming,belammed
beland,belanding,belanded
belap,belapping,belapped
belast,belasting,belasted
belate,belating,belated
belaud,belauding,belauded
belaugh,belaughing,belaughed
belave,belaving,belaved
belawgive,belawgiving,belawgave
belch,belching,belched
belead,beleading,beled
beleaguer,beleaguering,beleaguered
beleave,beleaving,beleft
belecture,belecturing,belectured
belibel,belibelling,belibelled
belick,belicking,belicked
belie,belying,belied
believe,believing,believed
belike,beliking,beliked
belimb,belimbing,belimbed
belime,beliming,belimed
belirt,belirting,belirted
belitter,belittering,belittered
belittle,belittling,belittled
belive,beliving,belove
belk,belking,belked
bell,belling,belled
bellow,bellowing,bellowed
belly,bellying,bellied
bellyache,bellyaching,bellyached
bellycrawl,bellycrawling,bellycrawled
bellyflop,bellyflopping,bellyflopped
beload,beloading,beloaded
belock,belocking,belocked
belong,belonging,belonged
belook,belooking,belooked
belord,belording,belorded
belout,belouting,belouted
belove,beloving,beloved
belt,belting,belted
beltloop,beltlooping,beltlooped
belull,belulling,belulled
belute,beluting,beluted
belye,belyeing,belyed
bemad,bemadding,bemadded
bemadam,bemadaming,bemadamed
beman,bemanning,bemanned
bemangle,bemangling,bemangled
bemar,bemarring,bemarred
bemark,bemarking,bemarked
bemask,bemasking,bemasked
bemaster,bemastering,bemastered
bemaul,bemauling,bemauled
bemaze,bemazing,bemazed
beme,beming,bemed
bemean,bemeaning,bemeant
bemeet,bemeeting,bemet
bemercy,bemercying,bemercied
bemerd,bemerding,bemerded
bemete,bemeting,bemeted
bemind,beminding,beminded
bemingle,bemingling,bemingled
bemire,bemiring,bemired
bemirror,bemirroring,bemirrored
bemist,bemisting,bemisted
bemix,bemixing,bemixed
bemoan,bemoaning,bemoaned
bemock,bemocking,bemocked
bemoil,bemoiling,bemoiled
bemonster,bemonstering,bemonstered
bemood,bemooding,bemooded
bemourn,bemourning,bemourned
bemouth,bemouthing,bemouthed
bemow,bemowing,bemowed
bemoysten,bemoystening,bemoystened
bemud,bemudding,bemudded
bemuddle,bemuddling,bemuddled
bemuffle,bemuffling,bemuffled
bemulce,bemulcing,bemulced
bemuse,bemusing,bemused
bename,benaming,benamed
bench,benching,benched
bench-press,bench-pressing,bench-pressed
benchmark,benchmarking,benchmarked
benchslap,benchslapping,benchslapped
benefice,beneficing,beneficed
beneficiate,beneficiating,beneficiated
benegro,benegroing,benegroed
benet,benetting,benetted
benight,benighting,benighted
benighten,benightening,benightened
benote,benoting,benoted
benothing,benothinging,benothinged
bentch,bentching,bentched
bentsh,bentshing,bentshed
benumb,benumbing,benumbed
bepaint,bepainting,bepainted
bepat,bepatting,bepatted
bepearl,bepearling,bepearled
bepelt,bepelting,bepelted
bepinch,bepinching,bepinched
bepiss,bepissing,bepissed
bepity,bepitying,bepitied
beplaster,beplastering,beplastered
bepommel,bepommelling,bepommelled
bepowder,bepowdering,bepowdered
bepower,bepowering,bepowered
bepraise,bepraising,bepraised
beprose,beprosing,beprosed
bepucker,bepuckering,bepuckered
bepuff,bepuffing,bepuffed
bepurple,bepurpling,bepurpled
bepuzzle,bepuzzling,bepuzzled
bequest,bequesting,bequested
bequiver,bequivering,bequivered
bequote,bequoting,bequoted
berain,beraining,berained
berate,berating,berated
berattle,berattling,berattled
beray,beraying,berayed
beread,bereading,beread
berede,bereding,bereded
berend,berending,berent
bergh,berghing,berghed
berhyme,berhyming,berhymed
beribbon,beribboning,beribboned
beride,beriding,berode
berime,beriming,berimed
berine,berining,berined
berisp,berisping,berisped
berm,berming,bermed
berob,berobbing,berobbed
beroll,berolling,berolled
berry,berrying,berried
berth,berthing,berthed
besaint,besainting,besainted
besay,besaying,besaid
bescare,bescaring,bescared
bescatter,bescattering,bescattered
bescorch,bescorching,bescorched
bescorn,bescorning,bescorned
bescrape,bescraping,bescraped
bescratch,bescratching,bescratched
bescrawl,bescrawling,bescrawled
bescreen,bescreening,bescreened
bescribble,bescribbling,bescribbled
bescumber,bescumbering,bescumbered
besee,beseeing,besaw
beseech,beseeching,beseeched (or archaic besought)
beseek,beseeking,besought
beseem,beseeming,beseemed
beselve,beselving,beselved
besend,besending,besent
beset,besetting,beset
beshade,beshading,beshaded
beshadow,beshadowing,beshadowed
beshake,beshaking,beshook
beshame,beshaming,beshamed
beshape,beshaping,beshaped
beshare,besharing,beshared
besharp,besharping,besharped
beshield,beshielding,beshielded
beshine,beshining,beshone
beshout,beshouting,beshouted
beshrew,beshrewing,beshrewed
beshroud,beshrouding,beshrouded
beshut,beshutting,beshut
besiege,besieging,besieged
besilver,besilvering,besilvered
besing,besinging,besang
besinge,besinging,besinged
besit,besitting,besat
beskirt,beskirting,beskirted
beslabber,beslabbering,beslabbered
beslap,beslapping,beslapped
beslave,beslaving,beslaved
beslaver,beslavering,beslavered
besleep,besleeping,beslept
besleeve,besleeving,besleeved
beslime,besliming,beslimed
beslobber,beslobbering,beslobbered
beslubber,beslubbering,beslubbered
besmall,besmalling,besmalled
besmart,besmarting,besmarted
besmear,besmearing,besmeared
besmell,besmelling,besmelled
besmile,besmiling,besmiled
besmirch,besmirching,besmirched
besmoke,besmoking,besmoked
besmooth,besmoothing,besmoothed
besmut,besmutting,besmutted
besmutch,besmutching,besmutched
besnew,besnewing,besnewed
besnow,besnowing,besnowed
besnowball,besnowballing,besnowballed
besnuff,besnuffing,besnuffed
besoil,besoiling,besoiled
besom,besoming,besomed
besoot,besooting,besooted
besoothe,besoothing,besoothed
besorrow,besorrowing,besorrowed
besort,besorting,besorted
besoul,besouling,besouled
besour,besouring,besoured
besow,besowing,besowed
bespangle,bespangling,bespangled
bespatter,bespattering,bespattered
bespattle,bespattling,bespattled
bespawl,bespawling,bespawled
bespeckle,bespeckling,bespeckled
bespell,bespelling,bespelled
bespend,bespending,bespent
bespew,bespewing,bespewed
bespice,bespicing,bespiced
bespin,bespinning,bespun
bespirt,bespirting,bespirted
bespit,bespitting,bespat
bespittle,bespittling,bespittled
besplash,besplashing,besplashed
bespoil,bespoiling,bespoiled
bespot,bespotting,bespotted
bespout,bespouting,bespouted
bespread,bespreading,bespread
besprenge,besprenging,besprent
besprinkle,besprinkling,besprinkled
bespurt,bespurting,bespurted
bespy,bespying,bespied
best,besting,bested
bestain,bestaining,bestained
bestand,bestanding,bestood
bestar,bestarring,bestarred
bestay,bestaying,bestayed
bestead,besteading,besteaded
besteal,bestealing,bestole
besteer,besteering,besteered
bestem,bestemming,bestemmed
bestialize,bestializing,bestialized
bestick,besticking,bestuck
bestill,bestilling,bestilled
bestir,bestirring,bestirred
bestock,bestocking,bestocked
bestorm,bestorming,bestormed
bestow,bestowing,bestowed
bestraddle,bestraddling,bestraddled
bestreak,bestreaking,bestreaked
bestream,bestreaming,bestreamed
bestrew,bestrewing,bestrewed
bestride,bestriding,bestrode
bestrut,bestrutting,bestrutted
bestud,bestudding,bestudded
beswaddle,beswaddling,beswaddled
beswike,beswiking,beswoke
beswinge,beswingeing,beswinged
beswink,beswinking,beswank
beta,betaing,betaed
beta-read,beta-reading,beta-read
betag,betagging,betagged
betail,betailing,betailed
betake,betaking,betook
betalk,betalking,betalked
betall,betalling,betalled
betallow,betallowing,betallowed
Betamax,Betamaxing,Betamaxed
betawder,betawdering,betawdered
beteach,beteaching,betaught
betear,betearing,beteared
beteem,beteeming,beteemed
betell,betelling,betold
bethank,bethanking,bethanked
bethatch,bethatching,bethatched
bethink,bethinking,bethought
bethrall,bethralling,bethralled
bethrong,bethronging,bethronged
bethrow,bethrowing,bethrew
bethumb,bethumbing,bethumbed
bethump,bethumping,bethumped
bethwack,bethwacking,bethwacked
betie,betying,betied
betimber,betimbering,betimbered
betime,betiming,betimed
betine,betining,betined
betitle,betitling,betitled
betoil,betoiling,betoiled
betoken,betokening,betokened
betone,betoning,betoned
betongue,betonguing,betongued
betoss,betossing,betossed
betouch,betouching,betouched
betow,betowing,betowed
betrack,betracking,betracked
betrail,betrailing,betrailed
betrample,betrampling,betrampled
betrap,betrapping,betrapped
betrash,betrashing,betrashed
betravail,betravailing,betravailed
betravel,betravelling,betravelled
betray,betraying,betrayed
betread,betreading,betrod
betrench,betrenching,betrenched
betrend,betrending,betrended
betrim,betrimming,betrimmed
betroth,betrothing,betrothed
betrow,betrowing,betrowed
betrump,betrumping,betrumped
betrumpet,betrumpeting,betrumpeted
betrunk,betrunking,betrunked
betrust,betrusting,betrusted
better,bettering,bettered
betumble,betumbling,betumbled
beturn,beturning,beturned
betutor,betutoring,betutored
betwattle,betwattling,betwattled
betwine,betwineing,betwineed
betwynde,betwynding,betwound
beveil,beveiling,beveiled
bever,bevering,bevered
bevoice,bevoicing,bevoiced
bevomit,bevomitting,bevomitted
bevvy,bevvying,bevvied
bewag,bewagging,bewagged
bewail,bewailing,bewailed
bewake,bewaking,bewaked
bewallow,bewallowing,bewallowed
bewander,bewandering,bewandered
beward,bewarding,bewarded
beware,-,-
bewarm,bewarming,bewarmed
bewash,bewashing,bewashed
bewaste,bewasting,bewasted
bewatch,bewatching,bewatched
bewater,bewatering,bewatered
bewave,bewaving,bewaved
beweep,beweeping,bewept
beweigh,beweighing,beweighed
bewelcome,bewelcoming,bewelcomed
bewell,bewelling,bewelled
bewelter,beweltering,beweltered
bewhape,bewhaping,bewhaped
bewhisper,bewhispering,bewhispered
bewhore,bewhoring,bewhored
bewield,bewielding,bewielded
bewig,bewigging,bewigged
bewilder,bewildering,bewildered
bewile,bewiling,bewiled
bewill,bewilling,bewilled
bewimple,bewimpling,bewimpled
bewin,bewinning,bewon
bewind,bewinding,bewound
bewinter,bewintering,bewintered
bewitch,bewitching,bewitched
bewizard,bewizarding,bewizarded
bewonder,bewondering,bewondered
beword,bewording,beworded
beworry,beworrying,beworried
bewound,bewounding,bewounded
bewrap,bewrapping,bewrapped
bewray,bewraying,bewrayed
bewreak,bewreaking,bewreaked
bewreke,bewreking,bewreked
bewrinkle,bewrinkling,bewrinkled
bewrite,bewriting,bewrote
beyearn,beyearning,beyearned
bezzle,bezzling,bezzled
bib,bibbing,bibbed
bibble,bibbling,bibbled
bibblebabble,bibblebabbling,bibblebabbled
bibulate,bibulating,bibulated
bichromatize,bichromatizing,bichromatized
bicker,bickering,bickered
bicycle,bicycling,bicycled
bid,bidding,bid
bield,bielding,bielded
biff,biffing,biffed
bifurcate,bifurcating,bifurcated
big,bigging,bigged
bigamize,bigamizing,bigamized
Bigfoot,Bigfooting,Bigfooted
bigg,bigging,bigged
biggen,biggening,biggened
bigger,biggering,biggered
bike,biking,biked
bilge,bilging,bilged
bilingualize,bilingualizing,bilingualized
bilk,bilking,bilked
bill,billing,billed
billow,billowing,billowed
bilocate,bilocating,bilocated
bimble,bimbling,bimbled
bin,binning,binned
binarise,binarising,binarised
binarize,binarizing,binarized
bind,binding,bound
binge,binging or bingeing,binged
binky,binkying,binkied
bioaccumulate,bioaccumulating,bioaccumulated
bioactivate,bioactivating,bioactivated
bioconcentrate,bioconcentrating,bioconcentrated
biodegrade,biodegrading,biodegraded
biofilter,biofiltering,biofiltered
biograph,biographing,biographed
biographise,biographising,biographised
biographize,biographizing,biographized
biography,biographying,biographied
biologize,biologizing,biologized
biomagnify,biomagnifying,biomagnified
biomineralize,biomineralizing,biomineralized
bioneer,bioneering,bioneered
biopsy,biopsying,biopsied
bioremediate,bioremediating,bioremediated
biostimulate,biostimulating,biostimulated
biosynthesise,biosynthesising,biosynthesised
biosynthesize,biosynthesizing,biosynthesized
biotransform,biotransforming,biotransformed
biotreat,biotreating,biotreated
birch,birching,birched
bird,birding,birded
bird-dog,bird-dogging,bird-dogged
birdie,birdieing,birdied
birdlime,birdliming,birdlimed
birdsit,birdsitting,birdsat
birl,birling,birled
birle,birling,birled
birr,birring,birred
birth,birthing,birthed
bisect,bisecting,bisected
bit,bitting,bitted
bitbucket,bitbucketing,bitbucketed
bitch,bitching,bitched
bitch-slap,bitch-slapping,bitch-slapped
bitchslap,bitchslapping,bitchslapped
bite,biting,bit
bitmask,bitmasking,bitmasked
bitt,bitting,bitted
bitter,bittering,bittered
bituminate,bituminating,bituminated
bituminise,bituminising,bituminised
bituminize,bituminizing,bituminized
bive,biving,bived
bivouac,bivouacking,bivouacked
bivvy,bivvying,bivvied
bivy,bivying,bivyed
biwreye,biwreying,biwreyed
blab,blabbing,blabbed
blabber,blabbering,blabbered
black,blacking,blacked
black-market,black-marketing,black-marketed
blackball,blackballing,blackballed
blackberry,blackberrying,blackberried
blackboard,blackboarding,blackboarded
blacken,blackening,blackened
blackguard,blackguarding,blackguarded
blackhole,blackholing,blackholed
blackjack,blackjacking,blackjacked
blacklead,blackleading,blackleaded
blacklist,blacklisting,blacklisted
blackmail,blackmailing,blackmailed
blackmark,blackmarking,blackmarked
blacktop,blacktopping,blacktopped
bladder,bladdering,bladdered
blade,blading,bladed
blag,blagging,blagged
blake,blaking,blaked
blame,blaming,blamed
blameshift,blameshifting,blameshifted
blamestorm,blamestorming,blamestormed
blanch,blanching,blanched
bland,blanding,blanded
blandify,blandifying,blandified
blandish,blandishing,blandished
blank,blanking,blanked
blanket,blanketing,blanketed
blanket-stitch,blanket-stitching,blanket-stitched
blare,blaring,blared
blarney,blarneying,blarneyed
blaspheme,blaspheming,blasphemed
blast,blasting,blasted
blat,blatting,blatted
blather,blathering,blathered
blatter,blattering,blattered
blaze,blazing,blazed
blazon,blazoning,blazoned
bleach,bleaching,bleached
blear,blearing,bleared
bleat,bleating,bleated
bleb,blebbing,blebbed
blech,bleching,bleched
bleck,blecking,blecked
bleed,bleeding,bled
bleep,bleeping,bleeped
bleeze,bleezing,bleezed
bleg,blegging,blegged
blemish,blemishing,blemished
blench,blenching,blenched
blenderize,blenderizing,blenderized
blenk,blenking,blenked
blesh,bleshing,bleshed
blet,bletting,bletted
blether,blethering,blethered
bleve,bleving,bleved
blevey,bleveying,bleveyed
blick,blicking,blicked
blicken,blickening,blickened
blight,blighting,blighted
bliken,blikening,blikened
blimp,blimping,blimped
blind,blinding,blinded
blindfold,blindfolding,blindfolded
blindside,blindsiding,blindsided
blindstitch,blindstitching,blindstitched
blink,blinking,blinked
blinker,blinkering,blinkered
blip,blipping,blipped
blissom,blissoming,blissomed
blister,blistering,blistered
blit,blitting,blitted
blither,blithering,blithered
blitz,blitzing,blitzed
blive,bliving,blove
blizzard,blizzarding,blizzarded
bloat,bloating,bloated
block,blocking,blocked
blockade,blockading,blockaded
blog,blogging,blogged
blood,blooding,blooded
blooden,bloodening,bloodened
bloodlet,bloodletting,bloodlet
bloody,bloodying,bloodied
bloom,blooming,bloomed
bloop,blooping,blooped
blooter,blootering,blootered
blop,blopping,blopped
bloque,bloquing,bloqued
blore,bloring,blored
blorp,blorping,blorped
blossom,blossoming,blossomed
blot,blotting,blotted
blotch,blotching,blotched
blote,bloting,bloted
blouse,blousing,bloused
bloviate,bloviating,bloviated
blow,blowing,blew
blow-dry,blow-drying,blow-dried
blowe,blowing,blowed
blowtorch,blowtorching,blowtorched
Blu-Tack,Blu-Tacking,Blu-Tacked
blub,blubbing,blubbed
blubber,blubbering,blubbered
bludge,bludging,bludged
bludgeon,bludgeoning,bludgeoned
blue,blueing or bluing,blued
blue-ball,blue-balling,blue-balled
blueberry,blueberrying,blueberried
bluejack,bluejacking,bluejacked
blueprint,blueprinting,blueprinted
bluescreen,bluescreening,bluescreened
bluewash,bluewashing,bluewashed
bluff,bluffing,bluffed
bluiter,bluitering,bluitered
blunder,blundering,blundered
blunge,blunging,blunged
blunt,blunting,blunted
blur,blurring,blurred
blurb,blurbing,blurbed
blurt,blurting,blurted
blush,blushing,blushed
bluster,blustering,blustered
BM,BMing,BMed
boak,boaking,boaked
board,boarding,boarded
boast,boasting,boasted
boat,boating,boated
bob,bobbing,bobbed
bobar,bobaring,bobared
bobbar,bobbaring,bobbared
bobbitt,bobbitting,bobbitted
bobble,bobbling,bobbled
bobsled,bobsledding,bobsledded
bobsleigh,bobsleighing,bobsleighed
bobtail,bobtailing,bobtailed
bodder,boddering,boddered
bode,boding,boded
bodge,bodging,bodged
body,bodying,bodied
body-check,body-checking,body-checked
body-slam,body-slamming,body-slammed
body-surf,body-surfing,body-surfed
bodyboard,bodyboarding,bodyboarded
bodycheck,bodychecking,bodychecked
bodyguard,bodyguarding,bodyguarded
bodyslam,bodyslamming,bodyslammed
bodysurf,bodysurfing,bodysurfed
boff,boffing,boffed
bog,bogging,bogged
bogan,boganning,boganned
bogart,bogarting,bogarted
bogey,bogeying,bogeyed
boggle,boggling,boggled
bogue,boguing,bogued
boil,boiling,boiled
boil-wash,boil-washing,boil-washed
boing,boinging,boinged
boink,boinking,boinked
boke,boking,boked
bold,bolding,bolded
bolden,boldening,boldened
boldface,boldfacing,boldfaced
bolix,bolixing,bolixed
bolk,bolking,bolked
boll,bolling,bolled
bollix,bollixing,bollixed
bollock,bollocking,bollocked
bollocks,bollocksing,bollocksed
boln,bolning,bolned
bolo,boloing,boloed
bolster,bolstering,bolstered
bolt,bolting,bolted
bomb,bombing,bombed
bombard,bombarding,bombarded
bombast,bombasting,bombasted
bombilate,bombilating,bombilated
bombinate,bombinating,bombinated
bond,bonding,bonded
bone,boning,boned
bong,bonging,bonged
bongo,bongoing,bongoed
bonify,bonifying,bonified
bonjour,bonjouring,bonjoured
bonk,bonking,bonked
bonnet,bonneting,bonneted
bonus,bonusing,bonused
boo,booing,booed
boob,boobing,boobed
booby,boobying,boobied
booby-trap,booby-trapping,booby-trapped
boobytrap,boobytrapping,boobytrapped
boogie,boogying or boogieing,boogied
boogieboard,boogieboarding,boogieboarded
boohoo,boohooing,boohooed
book,booking,booked
book-keep,book-keeping,book-kept
bookcross,bookcrossing,bookcrossed
bookend,bookending,bookended
bookkeep,bookkeeping,bookkept
bookmark,bookmarking,bookmarked
boom,booming,boomed
boomerang,boomeranging,boomeranged
boondock,boondocking,boondocked
boondoggle,boondoggling,boondoggled
boose,boosing,boosed
boost,boosting,boosted
boot,booting,booted
bootblack,bootblacking,bootblacked
bootjack,bootjacking,bootjacked
bootleg,bootlegging,bootlegged
bootlick,bootlicking,bootlicked
bootstrap,bootstrapping,bootstrapped
booze,boozing,boozed
bop,bopping,bopped
border,bordering,bordered
bore,boring,bored
borg,borging,borged
bork,borking,borked
born,bornin,bornt
borrow,borrowing,borrowed
bose,bosing,bosed
bosom,bosoming,bosomed
bosonise,bosonising,bosonised
bosonize,bosonizing,bosonized
boss,bossing,bossed
bot,botting,botted
botanise,botanising,botanised
botanize,botanizing,botanized
botch,botching,botched
bother,bothering,bothered
botrytize,botrytizing,botrytized
bottle,bottling,bottled
bottle-feed,bottle-feeding,bottle-fed
bottleneck,bottlenecking,bottlenecked
bottom,bottoming,bottomed
bouche,bouching,bouched
bouge,bouging,bouged
boulder,bouldering,bouldered
boulevardier,boulevardiering,boulevardiered
boun,bouning,bouned
bounce,bouncing,bounced
bound,bounding,bounded
bourd,bourding,bourded
bourgeon,bourgeoning,bourgeoned
bouse,bousing,boused
bout,bouting,bouted
bow,bowing,bowed
bowdlerise,bowdlerising,bowdlerised
bowdlerize,bowdlerizing,bowdlerized
bowel,bowelling,bowelled
bower,bowering,bowered
bowge,bowging,bowged
bowk,bowkin,bowked
bowl,bowling,bowled
bowne,bowning,bowned
bowse,bowsing,bowsed
bowssen,bowssening,bowssened
box,boxing,boxed
boxhaul,boxhauling,boxhauled
boy,boying,boyed
boycott,boycotting,boycotted
braai,braaing or braaiing,braaied
brabble,brabbling,brabbled
brace,bracing,braced
brachiate,brachiating,brachiated
bracket,bracketing,bracketed
brag,bragging,bragged
braid,braiding,braided
brail,brailing,brailed
brain,braining,brained
brainfuck,brainfucking,brainfucked
brainstorm,brainstorming,brainstormed
brainwash,brainwashing,brainwashed
brainwipe,brainwiping,brainwiped
braise,braising,braised
braize,braizing,braized
brake,braking,braked
branch,branching,branched
brand,branding,branded
brandish,brandishing,brandished
brandle,brandling,brandled
brandwash,brandwashing,brandwashed
brandy,brandying,brandied
brangle,brangling,brangled
brank,branking,branked
brass-neck,brass-necking,brass-necked
brattle,brattling,brattled
brave,braving,braved
bravo,bravoing,bravoed
brawl,brawling,brawled
brawn,brawning,brawned
bray,braying,brayed
braze,brazing,brazed
brazen,brazening,brazened
breach,breaching,breached
bread,breading,breaded
breadboard,breadboarding,breadboarded
breadcrumb,breadcrumbing,breadcrumbed
breadthen,breadthening,breadthened
break,breaking,broke
break-up,breaking-up,broke-up
breakdance,breakdancing,breakdanced
breakfast,breakfasting,breakfasted
bream,breaming,breamed
breast,breasting,breasted
breast-feed,breast-feeding,breast-fed
breastfeed,breastfeeding,breastfed
breaststroke,breaststroking,breaststroked
breathalyse,breathalysing,breathalysed
breathalyze,breathalyzing,breathalyzed
breathe,breathing,breathed
breech,breeching,breeched
breed,breeding,bred
breede,breeding,breeded
breeze,breezing,breezed
bren,brenning,brenned
brew,brewing,brewed
brian,brianing,brianed
bribe,bribing,bribed
brick,bricking,bricked
brickfilm,brickfilming,brickfilmed
bride,briding,brided
bridesmaid,bridesmaiding,bridesmaided
bridge,bridging,bridged
bridle,bridling,bridled
brief,briefing,briefed
brigade,brigading,brigaded
brighten,brightening,brightened
brigue,briguing,brigued
brilliantine,brilliantining,brilliantined
brim,brimming,brimmed
brine,brining,brined
bring,bringing,brought
brisk,brisking,brisked
brisken,briskening,briskened
bristle,bristling,bristled
brit,britting,britted
brivet,brivetting,brivetted
broach,broaching,broached
broaden,broadening,broadened
broadseal,broadsealing,broadsealed
broadside,broadsiding,broadsided
brob,brobbing,brobbed
brocade,brocading,brocaded
brock,brocking,brocked
broddle,broddling,broddled
brode,broding,broded
brog,brogging,brogged
broggle,broggling,broggled
brogue,broguing,brogued
broid,broiding,broided
broider,broidering,broidered
broil,broiling,broiled
broke,broking,broked
broker,brokering,brokered
bromate,bromating,bromated
brominate,brominating,brominated
bromize,bromizing,bromized
bronze,bronzing,bronzed
brooch,brooching,brooched
brood,brooding,brooded
brook,brooking,brooked
broom,brooming,broomed
brother,brothering,brothered
brow,browing,browed
brow-beat,brow-beating,brow-beat
browbeat,browbeating,browbeat
brown,browning,browned
brown-bag,brown-bagging,brown-bagged
brown-nose,brown-nosing,brown-nosed
brownnose,brownnosing,brownnosed
browse,browsing,browsed
browze,browzing,browzed
bruise,bruising,bruised
bruit,bruiting,bruited
brumate,brumating,brumated
brunch,brunching,brunched
brush,brushing,brushed
brustle,brustling,brustled
brutalise,brutalising,brutalised
brutalize,brutalizing,brutalized
brute,bruting,bruted
brutify,brutifying,brutified
brux,bruxing,bruxed
bub,bubbing,bubbed
bubble,bubbling,bubbled
buccan,buccaning,buccaned
buccaneer,buccaneering,buccaneered
buck,bucking,bucked
bucket,bucketing,bucketed
bucketize,bucketizing,bucketized
buckle,buckling,buckled
buckler,bucklering,bucklered
bud,budding,budded
buddle,buddling,buddled
buddy,buddying,buddied
budg,budging,budged
budge,budging,budged
budget,budgeting,budgeted
buff,buffing,buffed
buffalo,buffaloing,buffaloed
buffer,buffering,buffered
buffle,buffling,buffled
buffoon,buffooning,buffooned
bug,bugging,bugged
bugbear,bugbearing,bugbeared
bugger,buggering,buggered
bugle,bugling,bugled
build,building,built
bulb,bulbing,bulbed
bulbectomize,bulbectomizing,bulbectomized
bulge,bulging,bulged
bulk,bulking,bulked
bull,bulling,bulled
bull-whip,bull-whipping,bull-whipped
bulldog,bulldogging,bulldogged
bulldoze,bulldozing,bulldozed
bulldozer,bulldozering,bulldozered
bullet,bulleting,bulleted
bulletin,bulletining,bulletined
bulletinize,bulletinizing,bulletinized
bulletize,bulletizing,bulletized
bulletproof,bulletproofing,bulletproofed
bullirag,bulliragging,bulliragged
bullock,bullocking,bullocked
bullwhip,bullwhipping,bullwhipped
bully,bullying,bullied
bullyrag,bullyragging,bullyragged
bulwark,bulwarking,bulwarked
bum,bumming,bummed
bum-rush,bum-rushing,bum-rushed
bumbaze,bumbazing,bumbazed
bumble,bumbling,bumbled
bumfuck,bumfucking,bumfucked
bumfuzzle,bumfuzzling,bumfuzzled
bump,bumping,bumped
bumrush,bumrushing,bumrushed
bun,bunning,bunned
bunch,bunching,bunched
bunco,buncoing,buncoed
bund,bunding,bunded
bundle,bundling,bundled
bung,bunging,bunged
bungle,bungling,bungled
bunk,bunking,bunked
bunker,bunkering,bunkered
bunny-hop,bunny-hopping,bunny-hopped
bunt,bunting,bunted
buoy,buoying,buoyed
burble,burbling,burbled
burden,burdening,burdened
bureaucratize,bureaucratizing,bureaucratized
burgeon,burgeoning,burgeoned
burglarise,burglarising,burglarised
burglarize,burglarizing,burglarized
burgle,burgling,burgled
burke,burking,burked
burl,burling,burled
burlesque,burlesquing,burlesqued
burn-beat,burn-beating,burn-beated
burnettize,burnettizing,burnettized
burnish,burnishing,burnished
burp,burping,burped
burr,burring,burred
burrow,burrowing,burrowed
burthen,burthening,burthened
bury,burying,buried
bush,bushing,bushed
bushbash,bushbashing,bushbashed
bushhammer,bushhammering,bushhammered
bushwack,bushwacking,bushwacked
bushwalk,bushwalking,bushwalked
bushwhack,bushwhacking,bushwhacked
busk,busking,busked
buss,bussing,bussed
bust,busting,busted
busticate,busticating,busticated
bustle,bustling,bustled
busy,busying,busied
butcher,butchering,butchered
butle,butling,butled
butler,butlering,butlered
butt,butting,butted
butt-rape,butt-raping,butt-raped
buttcheck,buttchecking,buttchecked
butter,buttering,buttered
butterfly,butterflying,butterflied
buttfuck,buttfucking,buttfucked
buttle,buttling,buttled
button,buttoning,buttoned
buttonhole,buttonholing,buttonholed
buttress,buttressing,buttressed
buttweld,buttwelding,buttwelded
butylate,butylating,butylated
buy,buying,bought
buycott,buycotting,buycotted
buz,buzzing,buzzed
buzz,buzzing,buzzed
buzz-bomb,buzz-bombing,buzz-bombed
by-peep,by-peeping,by-peeped
bycatch,bycatching,bycaught
byheart,byhearting,byhearted
byline,bylining,bylined
byname,bynaming,bynamed
bypass,bypassing,bypassed
C-spine,C-spining,C-spined
cabal,caballing,caballed
cabalize,cabalizing,cabalized
cabbage,cabbaging,cabbaged
cabin,cabining,cabined
cable,cabling,cabled
cabob,cabobbing,cabobbed
cache,caching,cached
cachinnate,cachinnating,cachinnated
cack,cacking,cacked
cackle,cackling,cackled
cacumate,cacumating,cacumated
cacuminate,cacuminating,cacuminated
caddie,caddying,caddied
caddy,caddying,caddied
cade,cading,caded
cadence,cadencing,cadenced
cadge,cadging or cadgin,cadged
caffeinate,caffeinating,caffeinated
cage,caging,caged
cahoot,cahooting,cahooted
cair,cairing,caired
cajole,cajoling,cajoled
cake,caking,caked
calamistrate,calamistrating,calamistrated
calcify,calcifying,calcified
calcimine,calcimining,calcimined
calcinate,calcinating,calcinated
calcine,calcining,calcined
calcitrate,calcitrating,calcitrated
calculate,calculating,calculated
calefie,calefying,calefied
calefy,calefying,calefied
calendar,calendaring,calendared
calendarize,calendarizing,calendarized
calender,calendering,calendered
calibrate,calibrating,calibrated
calk,calking,calked
call,calling,called
callet,calleting,calleted
calligraph,calligraphing,calligraphed
callus,callusing,callused
calm,calming,calmed
calque,calquing,calqued
calumniate,calumniating,calumniated
calve,calving,calved
calver,calvering,calvered
Calvinise,Calvinising,Calvinised
Calvinize,Calvinizing,Calvinized
cam,camming,cammed
camber,cambering,cambered
camcord,camcording,camcorded
cameltoe,cameltoeing,cameltoed
cameo,cameoing,cameoed
camerate,camerating,camerated
camo,camoing,camoed
camouflage,camouflaging,camouflaged
camp,camping,camped
campaign,campaigning,campaigned
campervan,campervanning,campervanned
camphorate,camphorating,camphorated
campus,campusing,campused
camrip,camripping,camripped
can,-,canned
Canadianise,Canadianising,Canadianised
Canadianize,Canadianizing,Canadianized
canalise,canalising,canalised
canalize,canalizing,canalized
canary,canarying,canaried
cancan,cancanning,cancanned
cancelier,canceliering,canceliered
cancell,cancelling,cancelled
cancerate,cancerating,cancerated
candle,candling,candled
candy,candying,candied
cane,caning,caned
canker,cankering,cankered
cannibalise,cannibalising,cannibalised
cannibalize,cannibalizing,cannibalized
cannon,cannoning,cannoned
cannonade,cannonading,cannonaded
cannonball,cannonballing,cannonballed
cannulate,cannulating,cannulated
canoe,canoeing,canoed
canonicalise,canonicalising,canonicalised
canonicalize,canonicalizing,canonicalized
canonise,canonising,canonised
canonize,canonizing,canonized
canoodle,canoodling,canoodled
canopy,canopying,canopied
cant,canting,canted
canter,cantering,cantered
cantile,cantiling,cantiled
cantilever,cantilevering,cantilevered
cantillate,cantillating,cantillated
cantle,cantling,cantled
canton,cantoning,cantoned
cantonize,cantonizing,cantonized
canulate,canulating,canulated
canvas,canvasing,canvased
canvass,canvassing,canvassed
cap,capping,capped
capacify,capacifying,capacified
capacitate,capacitating,capacitated
caparison,caparisoning,caparisoned
cape,caping,caped
caper,capering,capered
capitalise,capitalising,capitalised
capitalize,capitalizing,capitalized
capitate,capitating,capitated
capitulate,capitulating,capitulated
capon,caponing,caponed
caponize,caponizing,caponized
capot,capotting,capotted
capriole,caprioling,caprioled
capsize,capsizing,capsized
capsulize,capsulizing,capsulized
captain,captaining,captained
caption,captioning,captioned
captivate,captivating,captivated
capture,capturing,captured
car-jack,car-jacking,car-jacked
carabine,carabining,carabined
caracol,caracolling,caracolled
caracole,caracoling,caracoled
caramelise,caramelising,caramelised
caramelize,caramelizing,caramelized
carboard,carboarding,carboarded
carbolize,carbolizing,carbolized
carbon-date,carbon-dating,carbon-dated
carbonado,carbonadoing,carbonadoed
carbonate,carbonating,carbonated
carbonatise,carbonatising,carbonatised
carbonatize,carbonatizing,carbonatized
carbone,carboning,carboned
carbonify,carbonifying,carbonified
carbonise,carbonising,carbonised
carbonitride,carbonitriding,carbonitrided
carbonize,carbonizing,carbonized
carbonylate,carbonylating,carbonylated
carboxylate,carboxylating,carboxylated
carburize,carburizing,carburized
carcade,carcading,carcaded
carcerate,carcerating,carcerated
carcoon,carcooning,carcooned
card,carding,carded
card-index,card-indexing,card-indexed
cardinalize,cardinalizing,cardinalized
cardiovert,cardioverting,cardioverted
care,caring,cared
careen,careening,careened
career,careering,careered
carefront,carefronting,carefronted
caress,caressing,caressed
caretake,caretaking,caretook
caricature,caricaturing,caricatured
carjack,carjacking,carjacked
cark,carking,carked
carl,carling,carled
carmelize,carmelizing,carmelized
carnalize,carnalizing,carnalized
carnify,carnifying,carnified
carom,caroming,caromed
carouse,carousing,caroused
carp,carping,carped
carpet,carpeting,carpeted
carpet-bomb,carpet-bombing,carpet-bombed
carpetbag,carpetbagging,carpetbagged
carpool,carpooling,carpooled
carry,carrying,carried
carshare,carsharing,carshared
cart,carting,carted
cartelize,cartelizing,cartelized
cartoon,cartooning,cartooned
cartop,cartopping,cartopped
cartwheel,cartwheeling,cartwheeled
cartwhip,cartwhipping,cartwhipped
cascade,cascading,cascaded
case,casing,cased
caseate,caseating,caseated
casefy,casefying,casefied
caseharden,casehardening,casehardened
casevac,casevacking,casevacked
cash,cashing,cashed
cashier,cashiering,cashiered
cask,casking,casked
casket,casketing,casketed
cass,cassing,cassed
cassate,cassating,cassated
cast,casting,cast
castellate,castellating,castellated
castigate,castigating,castigated
castle,castling,castled
castrate,castrating,castrated
casualise,casualising,casualised
casualize,casualizing,casualized
cat,catting,catted
catabolize,catabolizing,catabolized
Catalanize,Catalanizing,Catalanized
catalog,cataloging,cataloged
catalogize,catalogizing,catalogized
catalogue,cataloguing,catalogued
catalyse,catalysing,catalysed
catalysize,catalysizing,catalysized
catalyze,catalyzing,catalyzed
catapult,catapulting,catapulted
catastrophize,catastrophizing,catastrophized
catcall,catcalling,catcalled
catch,catching,caught
catechise,catechising,catechised
catechize,catechizing,catechized
categise,categising,categised
categize,categizing,categized
categorify,categorifying,categorified
categorise,categorising,categorised
categorize,categorizing,categorized
catenate,catenating,catenated
cater,catering,catered
caterwaul,caterwauling,caterwauled
catfish,catfishing,catfished
cath,cathing,cathed
catheterise,catheterising,catheterised
catheterize,catheterizing,catheterized
Catholicise,Catholicising,Catholicised
Catholicize,Catholicizing,Catholicized
catnap,catnapping,catnapped
catproof,catproofing,catproofed
catsit,catsitting,catsat
catstitch,catstitching,catstitched
caucus,caucusing,caucused
caudle,caudling,caudled
caulk,caulking,caulked
cauponize,cauponizing,cauponized
cause,causing,caused
caut,cauting,cauted
cauterise,cauterising,cauterised
cauterize,cauterizing,cauterized
caution,cautioning,cautioned
cavalcade,cavalcading,cavalcaded
cave,caving,caved
cave-in,caving-in,caved-in
caveach,caveaching,caveached
caveat,caveating,caveated
cavitate,cavitating,cavitated
cavort,cavorting,cavorted
caw,cawing,cawed
CD,CDing,CDed
cease,ceasing,ceased
cede,ceding,ceded
ceil,ceiling,ceiled
celebrate,celebrating,celebrated
celestialize,celestializing,celestialized
celestify,celestifying,celestified
cell,celling,celled
cellar,cellaring,cellared
cellophane,cellophaning,cellophaned
cellulate,cellulating,cellulated
Celticize,Celticizing,Celticized
cement,cementing,cemented
cense,censing,censed
censor,censoring,censored
censour,censouring,censoured
censure,censuring,censured
census,censusing,censused
center,centering,centered
centerpunch,centerpunching,centerpunched
centesimate,centesimating,centesimated
centralise,centralising,centralised
centralize,centralizing,centralized
centre,centring,centred
centrifuge,centrifuging,centrifuged
centuple,centupling,centupled
centuplicate,centuplicating,centuplicated
centuriate,centuriating,centuriated
cere,cering,cered
cerebralise,cerebralising,cerebralised
cerebralize,cerebralizing,cerebralized
cerebrate,cerebrating,cerebrated
certificate,certificating,certificated
certify,certifying,certified
cess,cessing,cessed
cha-cha,cha-chaing,cha-chaed
chace,chacing,chaced
chack,chacking,chacked
chafe,chafing,chafed
chaff,chaffing,chaffed
chaffer,chaffering,chaffered
chagrin,chagrining,chagrined
chain,chaining,chained
chain-smoke,chain-smoking,chain-smoked
chainsaw,chainsawing,chainsawed
chair,chairing,chaired
chalk,chalking,chalked
challenge,challenging,challenged
cham,chamming,chammed
chamber,chambering,chambered
chameleonize,chameleonizing,chameleonized
chamfer,chamfering,chamfered
champ,champing,champed
champagne,champagning,champagned
champion,championing,championed
champoo,champooing,champooed
chance,chancing,chanced
change,changing,changed
chank,chanking,chanked
channel-surf,channel-surfing,channel-surfed
channelise,channelising,channelised
channelize,channelizing,channelized
chant,chanting,chanted
chantepleure,chantpleuring,chantpleured
chap,chapping,chapped
chapel,chapelling,chapelled
chaperon,chaperoning,chaperoned
chaperone,chaperoning,chaperoned
chaptalize,chaptalizing,chaptalized
chapter,chaptering,chaptered
character,charactering,charactered
characterise,characterising,characterised
characterize,characterizing,characterized
charbroil,charbroiling,charbroiled
charcoal,charcoaling,charcoaled
chare,charing,chared
charge,charging,charged
chargrill,chargrilling,chargrilled
charioteer,charioteering,charioteered
chark,charking,charked
charleston,charlestoning,charlestoned
charm,charming,charmed
chart,charting,charted
charter,chartering,chartered
chase,chasing,chased
chass,chass¨¦ing,chass¨¦d
chasse,chasseing,chassed
chast,chasting,chasted
chasten,chastening,chastened
chastise,chastising,chastised
chastize,chastizing,chastized
chat,chatting,chatted
chate,chating,chated
chatter,chattering,chattered
chauffeur,chauffeuring,chauffeured
chaulk,chaulking,chaulked
chaun,chauning,chauned
chaunge,chaunging,chaunged
chaunt,chaunting,chaunted
chavel,chaveling,chaveled
chaw,chawing,chawed
cheap,cheaping,cheaped
cheapen,cheapening,cheapened
cheat,cheating,cheated
check,checking,checked
check-call,check-calling,check-called
check-fold,check-folding,check-folded
check-raise,check-raising,check-raised
checker,checkering,checkered
checkerboard,checkerboarding,checkerboarded
checkmate,checkmating,checkmated
checkpoint,checkpointing,checkpointed
checksum,checksumming,checksummed
cheddar,cheddaring,cheddared
cheek,cheeking,cheeked
cheep,cheeping,cheeped
cheer,cheering,cheered
cheese,cheesing,cheesed
chelate,chelating,chelated
chelp,chelping,chelped
chemicalize,chemicalizing,chemicalized
chemisorb,chemisorbing,chemisorbed
chemosorb,chemosorbing,chemosorbed
chequer,chequering,chequered
chequerboard,chequerboarding,chequerboarded
cherish,cherishing,cherished
cherry-pick,cherry-picking,cherry-picked
cherry-pop,cherry-popping,cherry-popped
cherrypick,cherrypicking,cherrypicked
chest,chesting,chested
cheve,cheving,cheved
chevron,chevroning,chevroned
chevy,chevying,chevied
chew,chewing,chewed
chi-ike,chi-iking,chi-iked
chiack,chiacking,chiacked
chib,chibbing,chibbed
chicane,chicaning,chicaned
chick,chicking,chicked
chicken,chickening,chickened
childmind,childminding,childminded
childproof,childproofing,childproofed
chill,chilling,chilled
chillax,chillaxing,chillaxed
chilltime,chilltiming,chilltimed
chime,chiming,chimed
chimney,chimneying,chimneyed
chimp,chimping,chimped
chin,chinning,chinned
chine,chining,chined
ching,chinging,chinged
chink,chinking,chinked
chinkle,chinkling,chinkled
chinse,chinsing,chinsed
chinwag,chinwagging,chinwagged
chip,chipping,chipped
chipmunk,chipmunking,chipmunked
chipper,chippering,chippered
chirk,chirking,chirked
chirm,chirming,chirmed
chirp,chirping,chirped
chirpse,chirpsing,chirpsed
chirr,chirring,chirred
chirre,chirring,chirred
chirrup,chirruping,chirruped
chit,chitting,chitted
chit-chat,chit-chatting,chit-chatted
chitchat,chitchatting,chitchatted
chitter,chittering,chittered
chiv,chivving,chivved
chivvy,chivvying,chivvied
chivy,chivying,chivied
chloridate,chloridating,chloridated
chloridize,chloridizing,chloridized
chlorinate,chlorinating,chlorinated
chlorinise,chlorinising,chlorinised
chlorinize,chlorinizing,chlorinized
chloroform,chloroforming,chloroformed
choak,choaking,choaked
choake,choaking,choaked
chock,chocking,chocked
choke,choking,choked
chomp,chomping,chomped
chondrify,chondrifying,chondrified
choogle,choogling,choogled
choose,choosing,chose
chop,chopping,chopped
chopper,choppering,choppered
choque,choquing,choqued
chor,chorrin,chorred
chord,chording,chorded
chore,choring,chored
choreograph,choreographing,choreographed
chortle,chortling,chortled
chouse,chousing,choused
chow,chowing,chowed
chowter,chowtering,chowtered
christen,christening,christened
Christianise,Christianising,Christianised
Christianize,Christianizing,Christianized
chromakey,chromakeying,chromakeyed
chromatograph,chromatographing,chromatographed
chrome,chroming,chromed
chromium-plate,chromium-plating,chromium-plated
chronicle,chronicling,chronicled
chronologise,chronologising,chronologised
chronologize,chronologizing,chronologized
chuck,chucking,chucked
chuckle,chuckling,chuckled
chud,chudding,chudded
chuff,chuffing,chuffed
chuffle,chuffling,chuffled
chug,chugging,chugged
chugalug,chugalugging,chugalugged
chum,chumming,chummed
chumble,chumbling,chumbled
chunder,chundering,chundered
chunk,chunking,chunked
chunter,chuntering,chuntered
chupse,chupsing,chupsed
church,churching,churched
churn,churning,churned
churnalise,churnalising,churnalised
churnalize,churnalizing,churnalized
churr,churring,churred
chuse,chusing,chused
chutter,chuttering,chuttered
chylify,chylifying,chylified
chymify,chymifying,chymified
cicatrise,cicatrising,cicatrised
cicatrize,cicatrizing,cicatrized
cicurate,cicurating,cicurated
cimmerianize,cimmerianizing,cimmerianized
cinch,cinching,cinched
cinchonize,cinchonizing,cinchonized
cincture,cincturing,cinctured
cinder,cindering,cindered
cinefilm,cinefilming,cinefilmed
cinematise,cinematising,cinematised
cinematize,cinematizing,cinematized
cipher,ciphering,ciphered
circ,circing,circed
circle,circling,circled
circle-strafe,circle-strafing,circle-strafed
circuit,circuiting,circuited
circularise,circularising,circularised
circularize,circularizing,circularized
circulate,circulating,circulated
circumagitate,circumagitating,circumagitated
circumambulate,circumambulating,circumambulated
circumcise,circumcising,circumcised
circumcize,circumcizing,circumcized
circumduce,circumducing,circumduced
circumduct,circumducting,circumducted
circumference,circumferencing,circumferenced
circumfix,circumfixing,circumfixed
circumflect,circumflecting,circumflected
circumflex,circumflexing,circumflexed
circumfuse,circumfusing,circumfused
circumgyrate,circumgyrating,circumgyrated
circumlocute,circumlocuting,circumlocuted
circummure,circummuring,circummured
circumnavigate,circumnavigating,circumnavigated
circumnutate,circumnutating,circumnutated
circumpass,circumpassing,circumpassed
circumpose,circumposing,circumposed
circumrotate,circumrotating,circumrotated
circumscribe,circumscribing,circumscribed
circumstance,circumstancing,circumstanced
circumstantiate,circumstantiating,circumstantiated
circumundulate,circumundulating,circumundulated
circumvallate,circumvallating,circumvallated
circumvent,circumventing,circumvented
circumvest,circumvesting,circumvested
circumvolute,circumvoluting,circumvoluted
circumvolve,circumvolving,circumvolved
ciswash,ciswashing,ciswashed
cite,citing,cited
citify,citifying,citified
citrate,citrating,citrated
civilianize,civilianizing,civilianized
civilise,civilising,civilised
civilize,civilizing,civilized
clabber,clabbering,clabbered
clack,clacking,clacked
clad,cladding,clad
clag,clagging,clagged
claik,claiking,claiked
claim,claiming,claimed
claime,claiming,claimed
clairt,clairting,clairted
clam,clamming,clammed
clambake,clambaking,clambaked
clamber,clambering,clambered
clamor,clamoring,clamored
clamour,clamouring,clamoured
clamp,clamping,clamped
clang,clanging,clanged
clangor,clangoring,clangored
clangour,clangouring,clangoured
clank,clanking,clanked
clap,clapping,clapped
clapboard,clapboarding,clapboarded
clapper,clappering,clappered
clapperclaw,clapperclawing,clapperclawed
clarify,clarifying,clarified
clart,clarting,clarted
clash,clashing,clashed
clasp,clasping,clasped
class,classing,classed
classicalize,classicalizing,classicalized
classicise,classicising,classicised
classicize,classicizing,classicized
classify,classifying,classified
clatter,clattering,clattered
clause,clausing,claused
claver,clavering,clavered
claw,clawing,clawed
clay,claying,clayed
claym,clayming,claymed
claymate,claymating,claymated
clean,cleaning,cleaned
cleanse,cleansing,cleansed
clear,clearing,cleared
clearstarch,clearstarching,clearstarched
cleat,cleating,cleated
cleave,cleaving,cleaved
cleck,clecking,clecked
cleftgraft,cleftgrafting,cleftgrafted
clem,clemming,clemmed
clench,clenching,clenched
clericalize,clericalizing,clericalized
clerk,clerking,clerked
clew,clewing,clewed
click,clicking,clicked
clickjack,clickjacking,clickjacked
cliffhang,cliffhanging,cliffhung
climate,climating,climated
climatize,climatizing,climatized
climax,climaxing,climaxed
climb,climbing,climbed
climber,climbering,climbered
clinch,clinching,clinched
cling,clinging,clung
clink,clinking,clinked
Clintonize,Clintonizing,Clintonized
clip,clipping,clipped
clip-clop,clip-clopping,clip-clopped
clique,cliquing,cliqued
clitch,clitching,clitched
clitoridectomize,clitoridectomizing,clitoridectomized
clive,cliving,clived
cloak,cloaking,cloaked
cloam,cloaming,cloamed
clobber,clobbering,clobbered
clock,clocking,clocked
clod,clodding,clodded
clog,clogging,clogged
cloister,cloistering,cloistered
clome,cloming,clomed
clomp,clomping,clomped
clone,cloning,cloned
clonk,clonking,clonked
cloom,clooming,cloomed
clop,clopping,clopped
close,closing,closed
closen,closening,closened
closet,closeting,closeted
clot,clotting,clotted
clothesline,clotheslining,clotheslined
clothespin,clothespinning,clothespinned
clotter,clottering,clottered
cloud,clouding,clouded
clout,clouting,clouted
cloverleaf,cloverleafing,cloverleafed
clowd,clowding,clowded
clown,clowning,clowned
cloy,cloying,cloyed
club,clubbing,clubbed
club-hop,club-hopping,club-hopped
clubhaul,clubhauling,clubhauled
cluck,clucking,clucked
cludge,cludged,cludged
clue,cluing or clueing,clued
clump,clumping,clumped
clumper,clumpering,clumpered
clunk,clunking,clunked
cluster,clustering,clustered
clusterfuck,clusterfucking,clusterfucked
clutch,clutching,clutched
clutter,cluttering,cluttered
cnawvshawl,cnawvshawling,cnawvshawled
co-chair,co-chairing,co-chaired
co-educate,co-educating,co-educated
co-exist,co-existing,co-existed
co-fire,co-firing,co-fired
co-host,co-hosting,co-hosted
co-locate,co-locating,co-located
co-mingle,co-mingling,co-mingled
co-occur,co-occurring,co-occurred
co-operate,co-operating,co-operated
co-opt,co-opting,co-opted
co-ordinate,co-ordinating,co-ordinated
co-parent,co-parenting,co-parented
co-sign,co-signing,co-signed
co-star,co-starring,co-starred
co-write,co-writing,co-wrote
coach,coaching,coached
coact,coacting,coacted
coactivate,coactivating,coactivated
coadd,coadding,coadded
coadjust,coadjusting,coadjusted
coadminister,coadministering,coadministered
coadsorb,coadsorbing,coadsorbed
coafforest,coafforesting,coafforested
coagment,coagmenting,coagmented
coagulate,coagulating,coagulated
coak,coaking,coaked
coal,coaling,coaled
coalesce,coalescing,coalesced
coalign,coaligning,coaligned
coalise,coalising,coalised
coalite,coaliting,coalited
coalize,coalizing,coalized
coanchor,coanchoring,coanchored
coapply,coapplied,coapplying
coapt,coapting,coapted
coaptate,coaptating,coaptated
coarct,coarcting,coarcted
coarctate,coarctating,coarctated
coarsen,coarsening,coarsened
coarticulate,coarticulating,coarticulated
coassemble,coassembling,coassembled
coast,coasting,coasted
coat,coating,coated
coath,coathing,coathed
coauthor,coauthoring,coauthored
coax,coaxing,coaxed
cob,cobbing,cobbed
cobble,cobbling,cobbled
cobrand,cobranding,cobranded
cocirculate,cocirculating,cocirculated
cock,cocking,cocked
cockbill,cockbilling,cockbilled
cockblock,cockblocking,cockblocked
cocker,cockering,cockered
cockfight,cockfighting,-
cockle,cockling,cockled
cockneyfy,cockneyfying,cockneyfied
cockpunch,cockpunching,cockpunched
cocktease,cockteasing,cockteased
coconspire,coconspiring,coconspired
coconstruct,coconstructing,coconstructed
cocoon,cocooning,cocooned
cocreate,cocreating,cocreated
cocrystallize,cocrystallizing,cocrystallized
coculture,coculturing,cocultured
cocurate,cocurating,cocurated
cod,codding,codded
coddle,coddling,coddled
code,coding,coded
codefine,codefining,codefined
codename,codenaming,codenamed
codenature,codenaturing,codenatured
codeshare,codesharing,codeshared
codesign,codesigning,codesigned
codetermine,codetermining,codetermined
codge,codging,codged
codify,codifying,codified
codirect,codirecting,codirected
codisplay,codisplaying,codisplayed
codiverge,codiverging,codiverged
codle,codling,codled
coedit,coediting,coedited
coeducate,coeducating,coeducated
coelute,coeluting,coeluted
coenrich,coenriching,coenriched
coerce,coercing,coerced
coevolve,coevolving,coevolved
coexert,coexerting,coexerted
coexist,coexisting,coexisted
coexpose,coexposing,coexposed
coexpress,coexpressing,coexpressed
coextend,coextending,coextended
coffee,coffeeing,coffeed
coffer,coffering,coffered
coffin,coffining,coffined
cofire,cofiring,cofired
cofound,cofounding,cofounded
cofractionate,cofractionateing,cofractionateed
cog,cogging,cogged
cogenerate,cogenerating,cogenerated
coggle,coggling,coggled
cogitate,cogitating,cogitated
cognise,cognising,cognised
cognize,cognizing,cognized
cognosce,cognoscing,cognosced
cogovern,cogoverning,cogoverned
cohabit,cohabiting,cohabited
cohabitate,cohabitating,cohabitated
coheadline,coheadlining,coheadlined
cohere,cohering,cohered
cohibit,cohibiting,cohibited
cohobate,cohobating,cohobated
cohost,cohosting,cohosted
coiffe,coiffing,coiffed
coiffeur,coiffeuring,coiffeured
coiffure,coiffuring,coiffured
coil,coiling,coiled
coimmunoprecipitate,coimmunoprecipitating,coimmunoprecipitated
coin,coining,coined
coincide,coinciding,coincided
coindex,coindexing,coindexed
coinhabit,coinhabiting,coinhabited
coinhere,coinhering,coinhered
coinsure,coinsuring,coinsured
cointegrate,cointegrating,cointegrated
coit,coiting,coited
coitize,coitizing,coitized
cojoin,cojoining,cojoined
coke,coking,coked
cold-cock,cold-cocking,cold-cocked
cold-shoulder,cold-shouldering,cold-shouldered
coldcock,coldcocking,coldcocked
coldwork,coldworking,coldworked
coll,colling,colled
collaborate,collaborating,collaborated
collage,collaging,collaged
collapse,collapsing,collapsed
collar,collaring,collared
collate,collating,collated
collateralise,collateralising,collateralised
collateralize,collateralizing,collateralized
collation,collationing,collationed
collaud,collauding,collauded
colleague,colleaguing,colleagued
collect,collecting,collected
collectivise,collectivising,collectivised
collectivize,collectivizing,collectivized
collide,colliding,collided
colligate,colligating,colligated
collimate,collimating,collimated
collineate,collineating,collineated
colliquate,colliquating,colliquated
collocate,collocating,collocated
collodionize,collodionizing,collodionized
collogue,colloguing,collogued
colloquialize,colloquializing,colloquialized
colloquize,colloquizing,colloquized
collor,colloring,collored
collour,collouring,colloured
collude,colluding,colluded
colly,collying,collied
colocalize,colocalizing,colocalized
colocate,colocating,colocated
colonise,colonising,colonised
colonize,colonizing,colonized
color,coloring,colored
color-coordinate,color-coordinating,color-coordinated
colorate,colorating,colorated
colorize,colorizing,colorized
colour,colouring,coloured
colour-coordinate,colour-coordinating,colour-coordinated
colourcast,colourcasting,colourcasted
colourise,colourising,colourised
colourize,colourizing,colourized
colport,colporting,colported
colt,colting,colted
Columbus,Columbusing,Columbused
columnize,columnizing,columnized
comanage,comanaging,comanaged
comarket,comarketing,comarketed
comb,combing,combed
combine,combining,combined
combust,combusting,combusted
come,coming,came
comfit,comfiting,comfited
comfort,comforting,comforted
comigrate,comigrating,comigrated
comingle,comingling,comingled
comix,comixing,comixed
commacerate,[[(archaic) commacerating#English,(archaic) commacer
command,commanding,commanded
commandeer,commandeering,commandeered
commaund,commaunding,commaunded
commeasure,commeasuring,commeasured
commemorate,commemorating,commemorated
commence,commencing,commenced
commend,commending,commended
commensurate,commensurating,commensurated
comment,commenting,commented
commentate,commentating,commentated
commerce,commercing,commerced
commercialise,commercialising,commercialised
commercialize,commercializing,commercialized
commigrate,commigrating,commigrated
comminate,comminating,comminated
commingle,commingling,commingled
comminute,comminuting,comminuted
commiserate,commiserating,commiserated
commission,commissioning,commissioned
commissionate,commissionating,commissionated
commit,committing,committed
commix,commixing,commixed
commodify,commodifying,commodified
commoditise,commoditising,commoditised
commoditize,commoditizing,commoditized
common,commoning,commoned
commonise,commonising,commonised
commonize,commonizing,commonized
commonplace,commonplacing,commonplaced
commove,commoving,commoved
communalise,communialising,communialised
communalize,communalizing,communalized
commune,communing,communed
communicate,communicating,communicated
communifake,communifaking,communifaked
communise,communising,communised
communize,communizing,communized
commute,commuting,commuted
comove,comoving,comoved
comp,comping,comped
compact,compacting,compacted
compactify,compactifying,compactified
compaginate,compaginating,compaginated
companion,companioning,companioned
company,companying,companied
compare,comparing,compared
comparison-shop,comparison-shopping,comparison-shopped
compart,comparting,comparted
compartmentalise,compartmentalising,compartmentalised
compartmentalize,compartmentalizing,compartmentalized
compass,compassing,compassed
compassion,compassioning,compassioned
compassionate,compassionating,compassionated
compear,compearing,compeared
compeer,compeering,compeered
compel,compelling,compelled
compendiate,compendiating,compendiated
compenetrate,compenetrating,compenetrated
compensate,compensating,compensated
compense,compensing,compensed
compere,compering,compered
compesce,compescing,compesced
compete,competing,competed
compilate,compilating,compilated
compile,compiling,compiled
compinge,compinging,compinged
complain,complaining,complained
complanate,complanating,complanated
compleat,compleating,compleated
complect,complecting,complected
complement,complementing,complemented
complementize,complementizing,complementized
complete,completing,completed
complex,complexing,complexed
complexify,complexifying,complexified
complicate,complicating,complicated
compliment,complimenting,complimented
complot,complotting,complotted
comply,complying,complied
compone,componing,componed
componentize,componentizing,componentized
comport,comporting,comported
compose,composing,composed
composite,compositing,composited
compost,composting,composted
compound,compounding,compounded
comprehend,comprehending,comprehended
compress,compressing,compressed
comprint,comprinting,comprinted
comprise,comprising,comprised
comprize,comprizing,comprized
comprobate,comprobating,comprobated
compromise,compromising,compromised
compromit,compromitting,compromitted
comproportionate,comproportionating,comproportionated
compt,compting,compted
comptrol,comptrolling,comptrolled
compute,computing,computed
computerise,computerising,computerised
computerize,computerizing,computerized
comrade,comrading,comraded
con,conning,conned
conacre,conacring,conacred
concamerate,concamerating,concamerated
concatenate,concatenating,concatenated
concave,concaving,concaved
conceal,concealing,concealed
conceave,conceaving,conceaved
concede,conceding,conceded
conceipt,conceipting,conceipted
conceit,conceiting,conceited
conceive,conceiving,conceived
concelebrate,concelebrating,concelebrated
concenter,concentering,concentered
concentrate,concentrating,concentrated
concentre,concentring,concentred
conceptualise,conceptualising,conceptualised
conceptualize,conceptualizing,conceptualized
concern,concerning,concerned
concert,concerting,concerted
concertina,concertinaing,concertinaed
concertize,concertizing,concertized
concession,concessioning,concessioned
conch,conching,conched
conciliate,conciliating,conciliated
concinnate,concinnating,concinnated
conclude,concluding,concluded
concoct,concocting,concocted
concomitate,concomitating,concomitated
concord,concording,concorded
concorporate,concorporating,concorporated
concreate,concreating,concreated
concrete,concreting,concreted
concretise,concretising,concretised
concretize,concretizing,concretized
concrew,concrewing,concrewed
conculcate,conculcating,conculcated
concur,concurring,concurred
concuss,concussing,concussed
cond,conding,conded
conde,conding,conded
condemn,condemning,condemned
condence,condencing,condenced
condensate,condensating,condensated
condenscend,condenscending,condenscended
condense,condensing,condensed
condescend,condescending,condescended
condite,conditing,condited
condition,conditioning,conditioned
conditionalize,conditionalizing,conditionalized
conditionate,conditionating,conditionated
condole,condoling,condoled
condone,condoning,condoned
conduce,conducing,conduced
conduct,conducting,conducted
cone,coning,coned
confab,confabbing,confabbed
confabulate,confabulating,confabulated
confect,confecting,confected
confection,confectioning,confectioned
confeder,confedering,confedered
confederate,confederating,confederated
confer,conferring,conferred
conference,conferencing,conferenced
conferruminate,conferruminating,conferruminated
confess,confessing,confessed
confessionalise,confessionalising,confessionalised
confessionalize,confessionalizing,confessionalized
confide,confiding,confided
configurate,configurating,configurated
configure,configuring,configured
confine,confining,confined
confirm,confirming,confirmed
confirme,confirming,confirmed
confiscate,confiscating,confiscated
confix,confixing,confixed
conflagrate,conflagrating,conflagrated
conflate,conflating,conflated
conflict,conflicting,conflicted
conform,conforming,conformed
confound,confounding,confounded
confront,confronting,confronted
confuddle,confuddling,confuddled
confuscate,confuscating,confuscated
confuse,confusing,confused
confusticate,confusticating,confusticated
confute,confuting,confuted
confuzzle,confuzzling,confuzzled
conga,congaing,congaed
conge,conging,conged
congeal,congealing,congealed
congenerate,congenerating,congenerated
congenialize,congenializing,congenialized
congest,congesting,congested
conglaciate,conglaciating,conglaciated
conglobate,conglobating,conglobated
conglobe,conglobing,conglobed
conglobulate,conglobulating,conglobulated
conglomerate,conglomerating,conglomerated
conglutinate,conglutinating,conglutinated
congratulate,congratulating,congratulated
congree,congreeing,congreed
congregate,congregating,congregated
congrue,congruing,congrued
conject,conjecting,conjected
conjecture,conjecturing,conjectured
conjoin,conjoining,conjoined
conjugate,conjugating,conjugated
conjure,conjuring,conjured
conk,conking,conked
conn,conning,conned
connaturalize,connaturalizing,connaturalized
connect,connecting,connected
connex,connexing,connexed
connive,conniving,connived
connotate,connotating,connotated
connote,connoting,connoted
conquassate,conquassating,conquassated
conquer,conquering,conquered
conquest,conquesting,conquested
cons,consing,consed
consarn,consarning,consarned
conscion,conscioning,conscioned
conscribe,conscribing,conscribed
conscript,conscripting,conscripted
consecrate,consecrating,consecrated
consecute,consecuting,consecuted
consense,consensing,consensed
consent,consenting,consented
consequence,consequencing,consequenced
conservate,conservating,conservated
conservatise,conservatising,conservatised
conservatize,conservatizing,conservatized
conserve,conserving,conserved
consider,considering,considered
considre,considring,considred
consign,consigning,consigned
consignify,consignifying,consignified
consist,consisting,consisted
consociate,consociating,consociated
consolate,consolating,consolated
console,consoling,consoled
consolidate,consolidating,consolidated
consonantize,consonantizing,consonantized
consopite,consopiting,consopited
consort,consorting,consorted
conspire,conspiring,conspired
conspurcate,conspurcating,conspurcated
constate,constating,constated
constellate,constellating,constellated
conster,constering,constered
consternate,consternating,consternated
constipate,constipating,constipated
constitute,constituting,constituted
constitutionalise,constitutionalising,constitutionalised
constitutionalize,constitutionalizing,constitutionalized
constrain,constraining,constrained
constrict,constricting,constricted
constringe,constringing,constringed
construct,constructing,constructed
construe,construing,construed
constuprate,constuprating,constuprated
consubstantiate,consubstantiating,consubstantiated
consult,consulting,consulted
consume,consuming,consumed
consumerize,consumerizing,consumerized
consummate,consummating,consummated
contact,contacting,contacted
contain,containing,contained
containerise,containerising,containerised
containerize,containerizing,containerized
contaminate,contaminating,contaminated
contemn,contemning,contemned
contemper,contempering,contempered
contemperate,contemperating,contemperated
contemplate,contemplating,contemplated
contemporize,contemporizing,contemporized
contend,contending,contended
content,contenting,contented
contest,contesting,contested
contex,contexing,contexed
context,contexting,contexted
contextualise,contextualising,contextualised
contextualize,contextualizing,contextualized
continue,continuing,continued
contort,contorting,contorted
contraband,contrabanding,contrabanded
contracept,contracepting,contracepted
contract,contracting,contracted
contradict,contradicting,contradicted
contradistinguish,contradistinguishing,contradistinguished
contraindicate,contraindicating,contraindicated
contrary,contrarying,contraried
contrast,contrasting,contrasted
contravene,contravening,contravened
contribute,contributing,contributed
contrist,contristing,contristed
contristate,contristating,contristated
contrive,contriving,contrived
control,controlling,controlled
controul,controulling,controulled
controull,controulling,controulled
controverse,controversing,controversed
controvert,controverting,controverted
conturb,conturbing,conturbed
contuse,contusing,contused
convalesce,convalescing,convalesced
convect,convecting,convected
convene,convening,convened
convent,conventing,convented
conventionalise,conventionalising,conventionalised
conventionalize,conventionalizing,conventionalized
converge,converging,converged
conversate,conversating,conversated
conversation,conversationing,conversationed
conversationalize,conversationalizing,conversationalized
converse,conversing,conversed
convert,converting,converted
convexify,convexifying,convexified
convey,conveying,conveyed
conveyance,conveyancing,conveyanced
conveyorise,conveyorising,conveyorised
conveyorize,conveyorizing,conveyorized
convict,convicting,convicted
convince,convincing,convinced
convive,conviving,convived
convocate,convocating,convocated
convoke,convoking,convoked
convolute,convoluting,convoluted
convolve,convolving,convolved
convoy,convoying,convoyed
convulse,convulsing,convulsed
cony-catch,cony-catching,cony-caught
coo,cooing,cooed
cooccur,cooccurring,cooccurred
cooee,cooeeing,cooeed
cooey,cooeying,cooeyed
cook,cooking,cooked
cool,cooling,cooled
coom,cooming,coomed
coon,cooning,cooned
coop,cooping,cooped
cooper,coopering,coopered
cooperate,cooperating,cooperated
coopt,coopting,coopted
cooptate,cooptating,cooptated
coordain,coordaining,coordained
coordinate,coordinating,coordinated
coordinatize,coordinatizing,coordinatized
coown,coowning,coowned
cop,copping,copped
copay,copaying,copaid
cope,coping,coped
cophin,cophining,cophined
copilot,copiloting,copiloted
copolymerize,copolymerizing,copolymerized
coppel,coppelling,coppelled
copper,coppering,coppered
copper-fasten,copper-fastening,copper-fastened
copperfasten,copperfastening,copperfastened
copperplate,copperplating,copperplated
coppice,coppicing,coppiced
coprecipitate,coprecipitating,coprecipitated
copresent,copresenting,copresented
coproduce,coproducing,coproduced
copromote,copromoting,copromoted
copse,copsing,copsed
copter,coptering,coptered
copublish,copublishing,copublished
copulate,copulating,copulated
copurify,copurifying,copurified
copy,copying,copied
copy-paste,copy-pasting,copy-pasted
copycat,copycatting,copycatted
copyedit,copyediting,copyedited
copyfight,copyfighting,copyfought
copyleft,copylefting,copylefted
copypasta,copypastaing,copypastaed
copyread,copyreading,copyread
copyright,copyrighting,copyrighted
copywrite,copywriting,copywrote
coquet,coquetting,coquetted
coralise,coralising,coralised
coralize,coralizing,coralized
corbel,corbelling,corbelled
cord,cording,corded
cordialize,cordializing,cordialized
cordon,cordoning,cordoned
corduroy,corduroying,corduroyed
core,coring,cored
coregister,coregistering,coregistered
coregulate,coregulating,coregulated
cork,corking,corked
corkscrew,corkscrewing,corkscrewed
corn,corning,corned
corner,cornering,cornered
cornhole,cornholing,cornholed
cornify,cornifying,cornified
cornrow,cornrowing,cornrowed
cornute,cornuting,cornuted
coronate,coronating,coronated
corotate,corotating,corotated
corporate,corporating,corporated
corporatise,corporatising,corporatised
corporatize,corporatizing,corporatized
corporealise,corporealising,corporealised
corporealize,corporealizing,corporealized
corporify,corporifying,corporified
corpse,corpsing,corpsed
corrade,corrading,corraded
corradiate,corradiating,corradiated
corral,corralling,corralled
correct,correcting,corrected
correctify,correctifying,correctified
correlate,correlating,correlated
correspond,corresponding,corresponded
corrival,corrivalling,corrivalled
corrivate,corrivating,corrivated
corroborate,corroborating,corroborated
corrode,corroding,corroded
corrugate,corrugating,corrugated
corrupt,corrupting,corrupted
corruscate,corruscating,corruscated
coruscate,coruscating,coruscated
cosediment,cosedimenting,cosedimented
cosegregate,cosegregating,cosegregated
cosen,cosening,cosened
cosh,coshing,coshed
cosher,coshering,coshered
cosign,cosigning,cosigned
cosleep,cosleeping,coslept
cosmeticize,cosmeticizing,cosmeticized
cosplay,cosplaying,cosplayed
cosponsor,cosponsoring,cosponsored
cosset,cosseting,cosseted
costain,costaining,costained
costar,costarring,costarred
costean,costeaning,costeaned
costen,costening,costened
costimulate,costimulating,costimulated
costume,costuming,costumed
cosupervise,cosupervising,cosupervised
cosy,cosying,cosied
cote,coting,coted
coteach,coteaching,cotaught
cotransfect,cotransfecting,cotransfected
cottage,cottaging,cottaged
cotter,cottering,cottered
cotton,cottoning,cottoned
cotton-wool,cotton-wooling,cotton-wooled
couch,couching,couched
couch-surf,couch-surfing,couch-surfed
cough,coughing,coughed
counite,couniting,counited
count,counting,counted
countenance,countenancing,countenanced
countenaunce,countenauncing,countenaunced
counter,countering,countered
counter-attack,counter-attacking,counter-attacked
counteract,counteracting,counteracted
counterargue,counterarguing,counterargued
counterassert,counterasserting,counterasserted
counterattack,counterattacking,counterattacked
counterattract,*counterattracting,*counterattracted
counterbalance,counterbalancing,counterbalanced
counterbid,counterbidding,counterbid
counterbleed,counterbleeding,counterbled
counterbore,counterboring,counterbored
counterbrace,counterbracing,counterbraced
counterbuff,counterbuffing,counterbuffed
counterchange,counterchanging,counterchanged
countercharge,countercharging,countercharged
countercharm,countercharming,countercharmed
countercheck,counterchecking,counterchecked
counterclaim,counterclaiming,counterclaimed
counterdraw,counterdrawing,counterdrew
counterexemplify,counterexemplifying,counterexemplified
counterfeed,counterfeeding,counterfed
counterfeit,counterfeiting,counterfeited
counterflood,counterflooding,counterflooded
counterflow,counterflowing,counterflowed
counterilluminate,counterilluminating,counterilluminated
counterindoctrinate,counterindoctrinating,counterindoctrinated
counterirritate,counterirritating,counterirritated
countermand,countermanding,countermanded
countermarch,countermarching,countermarched
countermark,countermarking,countermarked
countermine,countermining,countermined
countermobilize,countermobilizing,countermobilized
countermove,countermoving,countermoved
countermure,countermuring,countermured
counteroffer,counteroffering,counteroffered
counterpicket,counterpicketing,counterpicketed
counterplead,counterpleading,counterpleaded
counterplot,counterplotting,counterplotted
counterpoint,counterpointing,counterpointed
counterpoise,counterpoising,counterpoised
counterpose,counterposing,counterposed
counterpressure,counterpressuring,counterpressured
counterprogram,counterprogramming,counterprogrammed
counterpropagandize,counterpropagandizing,counterpropagandized
counterpropose,counterproposing,counterproposed
counterprove,counterproving,counterproved
counterpunch,counterpunching,counterpunched
counterrotate,counterrotating,counterrotated
counterseal,countersealing,countersealed
countersecure,countersecuring,countersecured
countersign,countersigning,countersigned
countersing,countersinging,countersang
countersink,countersinking,countersank
counterstain,counterstaining,counterstained
countersteer,countersteering,countersteered
counterstrike,counterstriking,counterstruck
countersue,countersuing,countersued
countervail,countervailing,countervailed
countervote,countervoting,countervoted
counterweigh,counterweighing,counterweighed
counterweight,counterweighting,counterweighted
counterwheel,counterwheeling,counterwheeled
counterwork,counterworking,counterworked
countify,countifying,countified
countre,countring,countred
countrify,countrifying,countrified
countryfy,countryfying,countryfied
couple,coupling,coupled
courage,couraging,couraged
courb,courbing,courbed
courier,couriering,couriered
course,coursing,coursed
court,courting,courted
courtesy,courtesying,courtesied
covariantize,covariantizing,covariantized
covary,covarying,covaried
cove,coving,coved
covenant,covenanting,covenanted
covenaunt,covenaunting,covenaunted
coventrate,coventrating,coventrated
cover,covering,covered
covet,coveting,coveted
covey,coveying,coveyed
cow,cowing,cowed
cowardize,cowardizing,cowardized
cowboy,cowboying,cowboyed
cower,cowering,cowered
cowgirl,cowgirling,cowgirled
cowhide,cowhiding,cowhided
cowpool,cowpooling,cowpooled
cowrite,cowriting,cowrote
cox,coxing,coxed
coy,coying,coyed
coyote,coyoteing or coyoting,coyoted
cozen,cozening,cozened
cozy,cozying,cozied
crab,crabbing,crabbed
crack,cracking,cracked
crackle,crackling,crackled
cradle,cradling,cradled
craft,crafting,crafted
crafte,crafting,crafted
craigslist,craigslisting,craigslisted
crake,craking,craked
cram,cramming,crammed
cramp,cramping,cramped
cranch,cranching,cranched
crane,craning,craned
crank,cranking,cranked
crankle,crankling,crankled
cranny,crannying,crannied
crap,crapping,crapped
crape,craping,craped
crapflood,crapflooding,crapflooded
crappify,crappifying,crappified
crase,crasing,crased
crash,crashing,crashed
crash-land,crash-landing,crash-landed
crashland,crashlanding,crashlanded
cratch,cratching,cratched
crate,crating,crated
crater,cratering,cratered
craunch,craunching,craunched
crave,craving,craved
craven,cravening,cravened
craw,crawing,crawed
crawfish,crawfishing,crawfished
crawk,crawking,crawked
crawl,crawling,crawled
crayon,crayoning,crayoned
craze,crazing,crazed
creak,creaking,creaked
cream,creaming,creamed
creampie,creampieing,creampied
creance,creancing,creanced
crease,creasing,creased
creaseproof,creaseproofing,creaseproofed
create,creating,created
creaturize,creaturizing,creaturized
credence,credencing,credenced
credit,crediting,credited
creed,creeding,creeded
creepify,creepifying,creepified
cremate,cremating,cremated
crenelate,crenelating,crenelated
crenellate,crenellating,crenellated
creolise,creolising,creolised
creolize,creolizing,creolized
creosote,creosoting,creosoted
crepitate,crepitating,crepitated
crescendo,crescendoing,crescendoed
crescent,crescenting,crescented
crest,cresting,crested
cretinise,cretinising,cretinised
cretinize,cretinizing,cretinized
crevasse,crevassing,crevassed
crevice,crevicing,creviced
crew,crewing,crewed
crib,cribbing,cribbed
cribble,cribbling,cribbled
crick,cricking,cricked
cricket,cricketing,cricketed
criminalise,criminalising,criminalised
criminalize,criminalizing,criminalized
criminate,criminating,criminated
crimp,crimping,crimped
crimple,crimpling,crimpled
crimson,crimsoning,crimsoned
cringe,cringing,cringed
crinkle,crinkling,crinkled
cripple,crippling,crippled
crisp,crisping,crisped
crispen,crispening,crispened
criss-cross,crisscrossing,crisscrossed
crisscross,crisscrossing,crisscrossed
crit,criting,crited
critic,criticking,criticked
criticise,criticising,criticised
criticize,criticizing,criticized
critique,critiquing,critiqued
crizzle,crizzling,crizzled
croak,croaking,croaked
crochet,crocheting,crocheted
crock,crocking,crocked
croggle,croggling,croggled
crome,croming,cromed
cronk,cronking,cronked
croodle,croodling,croodled
crook,crooking,crooked
crooken,crookening,crookened
croon,crooning,crooned
crop,cropping,cropped
croquet,croqueting,croqueted
cross,crossing,crossed
cross-breed,cross-breeding,cross-bred
cross-contaminate,cross-contaminating,cross-contaminated
cross-dress,cross-dressing,cross-dressed
cross-examine,cross-examining,cross-examined
cross-fertilize,cross-fertilizing,cross-fertilized
cross-foster,cross-fostering,cross-fostered
cross-hatch,cross-hatching,cross-hatched
cross-kick,cross-kicking,cross-kicked
cross-link,cross-linking,cross-linked
cross-multiply,cross-multiplying,cross-multiplied
cross-pollinate,cross-pollinating,cross-pollinated
cross-process,cross-processing,cross-processed
cross-question,cross-questioning,cross-questioned
cross-refer,cross-referring,cross-referred
cross-reference,cross-referencing,cross-referenced
cross-sell,cross-selling,cross-sold
cross-stitch,cross-stitching,cross-stitched
cross-train,cross-training,cross-trained
crossband,crossbanding,crossbanded
crossbite,crossbiting,crossbit
crossbreed,crossbreeding,crossbred
crosscheck,crosschecking,crosschecked
crossclaim,crossclaiming,crossclaimed
crosscontaminate,crosscontaminating,crosscontaminated
crosscut,crosscutting,crosscut
crossdress,crossdressing,crossdressed
crossfade,crossfading,crossfaded
crossflow,crossflowing,crossflowed
crossgrade,crossgrading,crossgraded
crosshatch,crosshatching,crosshatched
crosskick,crosskicking,crosskicked
crosslicense,crosslicensing,crosslicensed
crosslink,crosslinking,crosslinked
crossmatch,crossmatching,crossmatched
crosspost,crossposting,crossposted
crossprime,crosspriming,crossprimed
crossreact,crossreacting,crossreacted
crossref,crossreffing,crossreffed
crossruff,crossruffing,crossruffed
crosstalk,crosstalking,crosstalked
crosswalk,crosswalking,crosswalked
crotchet,crotcheting,crotcheted
crouch,crouching,crouched
croud,crouding,crouded
croup,crouping,crouped
crowbar,crowbarring,crowbarred
crowd,crowding,crowded
crowdfund,crowdfunding,crowdfunded
crowdsource,crowdsourcing,crowdsourced
crown,crowning,crowned
croyn,croyning,croyned
cruciate,cruciating,cruciated
crucify,crucifying,crucified
cruddle,cruddling,cruddled
crudle,crudling,crudled
cruel,cruelling,cruelled
cruise,cruising,cruised
cruize,cruizing,cruized
crumb,crumbing,crumbed
crumble,crumbling,crumbled
crump,crumping,crumped
crumple,crumpling,crumpled
crunch,crunching,crunched
crunk,crunking,crunked
crunkle,crunkling,crunkled
crupper,cruppering,cruppered
crusade,crusading,crusaded
crush,crushing,crushed
crust,crusting,crusted
crutch,crutching,crutched
cry,crying,cried
cryoconcentrate,cryoconcentrateing,cryoconcentrateed
cryofocus,cryofocusing,cryofocused
cryopreserve,cryopreserving,cryopreserved
cryoprotect,cryoprotecting,cryoprotected
cryosection,cryosectioning,cryosectioned
cryosequester,cryosequestering,cryosequestered
cryptograph,cryptographing,cryptographed
crystalise,crystalising,crystalised
crystalize,crystalizing,crystalized
crystallise,crystallising,crystallised
crystallize,crystallizing,crystallized
cub,cubbing,cubbed
cube,cubing,cubed
cubiclize,cubiclizing,cubiclized
cuckold,cuckolding,cuckolded
cuckoo,cuckooing,cuckooed
cuckquean,cuckqueaning,cuckqueaned
cuddle,cuddling,cuddled
cue,cueing,cued
cuff,cuffing,cuffed
culch,culching,culched
cull,culling,culled
cully,cullying,cullied
culminate,culminating,culminated
cultivate,cultivating,cultivated
culture,culturing,cultured
culturize,culturizing,culturized
cumber,cumbering,cumbered
Cumberbatch,Cumberbatching,Cumberbatched
cumbre,cumbring,cumbred
cumshaw,cumshawing,cumshawed
cumulate,cumulating,cumulated
cun,cunning,cunned
cund,cunding,cunded
cuntfuck,cuntfucking,cuntfucked
cup,cupping,cupped
cupboard,cupboarding,cupboarded
cupel,cupelling,cupelled
curarize,curarizing,curarized
curate,curating,curated
curb,curbing,curbed
curd,curding,curded
curdle,curdling,curdled
cure,curing,cured
curfuffle,curfuffling,curfuffled
curl,curling,curled
curlicue,curlicuing,curlicued
curmur,curmurring,curmurred
curr,curring,curred
curry,currying,curried
currycomb,currycombing,currycombed
cursor,cursoring,cursored
curtail,curtailing,curtailed
curtain,curtaining,curtained
curtain-raise,curtain-raising,curtain-raised
curve,curving,curved
cushion,cushioning,cushioned
cuss,cussing,cussed
custom,customing,customed
customise,customising,customised
customize,customizing,customized
cut,cutting,cut
cutesify,cutesifying,cutesified
cutify,cutifying,cutified
cutinize,cutinizing,cutinized
cwtch,cwtching,cwtched
cyanate,cyanating,cyanated
cyber,cybering,cybered
cyberattack,cyberattacking,cyberattacked
cyberbully,cyberbullying,cyberbullied
cybercast,cybercasting,cybercasted
cyberise,cyberising,cyberised
cyberize,cyberizing,cyberized
cybersex,cybersexing,cybersexed
cyberstalk,cyberstalking,cyberstalked
cycle,cycling,cycled
cyclize,cyclizing,cyclized
cyclodimerize,cyclodimerizing,cyclodimerized
cycloisomerize,cycloisomerizing,cycloisomerized
cyclomerize,cyclomerizing,cyclomerized
cyclostyle,cyclostyling,cyclostyled
cyclotetramerize,cyclotetramerizing,cyclotetramerized
cyclotrimerize,cyclotrimerizing,cyclotrimerized
cylindrify,cylindrifying,cylindrified
cypher,cyphering,cyphered
cytocentrifuge,cytocentrifuging,cytocentrifuged
cytolyze,cytolyzing,cytolyzed
cytoreduce,cytoreducing,cytoreduced
dab,dabbing,dabbed
dabble,dabbling,dabbled
dacoit,dacoiting,dacoited
daddle,daddling,daddled
dade,dading,daded
dado,dadoing,dadoed
daemonize,daemonizing,daemonized
daff,daffing,daffed
dag,dagging,dagged
dagger,daggering,daggered
daggle,daggling,daggled
dagnab,dagnabbing,dagnabbed
daguerreotype,daguerreotyping,daguerreotyped
daintify,daintifying,daintified
daisy-chain,daisy-chaining,daisy-chained
dally,dallying,dallied
dam,damming,dammed
damage,damaging,damaged
damascene,damascening,damascened
damask,damasking,damasked
damaskeen,damaskeening,damaskeened
damasken,damaskening,damaskened
dammish,dammishing,dammished
damn,damning,damned
damnify,damnifying,damnified
damp,damping,damped
damp-dry,damp-drying,damp-dried
dampen,dampening,dampened
dampne,dampning,dampned
dampproof,dampproofing,dampproofed
dance,dancing,danced
dander,dandering,dandered
dandify,dandifying,dandified
dandle,dandling,dandled
dandyize,dandyizing,dandyized
dang,danging,danged
danger,dangering,dangered
dangle,dangling,dangled
dank,danking,danked
dap,dapping,dapped
dapple,dappling,dappled
dare,daring,dared
darken,darkening,darkened
darkle,darkling,darkled
darn,darning,darned
darraign,darraigning,darraigned
darrain,darraining,darrained
dart,darting,darted
dartle,dartling,dartled
Darwinize,Darwinizing,Darwinized
dase,dasing,dased
dash,dashing,dashed
dashboard,dashboarding,dashboarded
dass,dassing,dassed
dastard,dastarding,dastarded
dastardize,dastardizing,dastardized
database,databasing,databased
date,dating,dated
date-rape,date-raping,date-raped
dateline,datelining,datelined
datestamp,datestamping,datestamped
dativize,dativizing,dativized
daub,daubing,daubed
daunce,dauncing,daunced
daunt,daunting,daunted
dave,daving,daved
daven,davening,davened
daw,dawing,dawed
dawdle,dawdling,dawdled
dawk,dawking,dawked
dawn,dawning,dawned
dawt,dawting,dawted
day,daying,dayed
day-trade,day-trading,day-traded
daysail,daysailing,daysailed
daytrade,daytrading,daytraded
daze,dazing,dazed
dazzle,dazzling,dazzled
de,dein,did
de-authorise,de-authorising,de-authorised
de-Christianise,de-Christianising,de-Christianised
de-Christianize,de-Christianizing,de-Christianized
de-dupe,de-duping,de-duped
de-emphasize,de-emphasizing,de-emphasized
de-emulsify,de-emulsifying,de-emulsified
de-equitize,de-equitizing,de-equitized
de-escalate,de-escalating,de-escalated
de-humanise,de-humanising,de-humanised
de-humanize,de-humanizing,de-humanized
de-ice,de-icing,de-iced
de-Islamise,de-Islamising,de-Islamised
de-muck,de-mucking,de-mucked
de-Muslimize,de-Muslimizing,de-Muslimized
de-Palestinianize,de-Palestinizing,de-Palestinized
deaccent,deaccenting,deaccented
deaccession,deaccessioning,deaccessioned
deacetylate,deacetylating,deacetylated
deacidify,deacidifying,deacidified
deacon,deaconing,deaconed
deactivate,deactivating,deactivated
dead,deading,deaded
dead-end,dead-ending,dead-ended
deadbolt,deadbolting,deadbolted
deaden,deadening,deadened
deadenylate,deadenylating,deadenylated
deadhead,deadheading,deadheaded
deadlift,deadlifting,deadlifted
deadline,deadlining,deadlined
deadlink,deadlinking,deadlinked
deadlock,deadlocking,deadlocked
deadpan,deadpanning,deadpanned
deadstick,deadsticking,deadsticked
deaerate,deaerating,deaerated
deaf,deafing,deafed
deafen,deafening,deafened
deafferent,deafferenting,deafferented
deagglomerate,deagglomerating,deagglomerated
deal,dealing,dealt
dealbate,dealbating,dealbated
dealign,dealigning,dealigned
dealkylate,dealkylating,dealkylated
deallocate,deallocating,deallocated
dealuminate,dealuminating,dealuminated
deambulate,deambulating,deambulated
deamidate,deamidating,deamidated
deaminate,deaminating,deaminated
dean,deaning,deaned
deanonymize,deanonymizing,deanonymized
dear,dearing,deared
dearn,dearning,dearned
dearomatise,dearomatising,dearomatised
dearomatize,dearomatizing,dearomatized
dearrest,dearresting,dearrested
dearticulate,dearticulating,dearticulated
deasphalt,deasphalting,deasphalted
deaspirate,deaspirating,deaspirated
deathmatch,deathmatching,deathmatched
deattribute,deattributing,deattributed
deaurate,deaurating,deaurated
deauthorise,deauthorising,deauthorised
deauthorize,deauthorizing,deauthorized
deaverage,deaveraging,deaveraged
debag,debagging,debagged
deball,deballing,deballed
deballast,deballasting,deballasted
debar,debarring,debarred
debarb,debarbing,debarbed
debark,debarking,debarked
debarrass,debarrassing,debarrassed
debase,debasing,debased
debate,debating,debated
debauch,debauching,debauched
debeak,debeaking,debeaked
debeard,debearding,debearded
debel,debelling,debelled
debellate,debellating,debellated
debigulate,debigulating,debigulated
debilitate,debilitating,debilitated
debit,debiting,debited
debitter,debittering,debittered
debituminize,debituminizing,debituminized
debleat,debleating,debleated
deblend,deblending,deblended
debloat,debloating,debloated
deblock,deblocking,deblocked
deblur,deblurring,deblurred
deboard,deboarding,deboarded
debond,debonding,debonded
debone,deboning,deboned
deboost,deboosting,deboosted
debosh,deboshing,deboshed
deboss,debossing,debossed
debottleneck,debottlenecking,debottlenecked
debouch,debouching,debouched
debouche,debouching,debouched
debounce,debouncing,debounced
debrain,debraining,debrained
debranch,debranching,debranched
debrand,debranding,debranded
debreast,debreasting,debreasted
debrick,debricking,debricked
debride,debriding,debrided
debrief,debriefing,debriefed
debrine,debrining,debrined
debruise,debruising,debruised
debuccalize,debuccalizing,debuccalized
debuff,debuffing,debuffed
debug,debugging,debugged
debulk,debulking,debulked
debunk,debunking,debunked
deburr,deburring,deburred
deburse,debursing,debursed
debus,debussing,debussed
debut,debuting,debuted
decaffeinate,decaffeinating,decaffeinated
decalcify,decalcifying,decalcified
decalibrate,decalibrating,decalibrated
decamp,decamping,decamped
decant,decanting,decanted
decantate,decantating,decantated
decapacitate,decapacitating,decapacitated
decapitalise,decapitalising,decapitalised
decapitalize,decapitalizing,decapitalized
decapitate,decapitating,decapitated
decapsulate,decapsulating,decapsulated
decarbonate,decarbonating,decarbonated
decarbonise,decarbonising,decarbonised
decarbonize,decarbonizing,decarbonized
decarbonylate,decarbonylating,decarbonylated
decarboxylate,decarboxylating,decarboxylated
decarburize,decarburizing,decarburized
decard,decarding,decarded
decardinalize,decardinalizing,decardinalized
decategorize,decategorizing,decategorized
decay,decaying,decayed
decease,deceasing,deceased
deceave,deceaving,deceaved
decede,deceding,deceded
deceive,deceiving,deceived
decelerate,decelerating,decelerated
decellularise,decellularising,decellularised
decellularize,decellularizing,decellularized
decensor,decensoring,decensored
decenter,decentering,decentered
decentralise,decentralising,decentralised
decentralize,decentralizing,decentralized
decentre,decentring,decentred
decerebrate,decerebrating,decerebrated
decern,decerning,decerned
decerp,decerping,decerped
decertify,decertifying,decertified
dechallenge,dechallenging,dechallenged
decharm,decharming,decharmed
dechlorinate,dechlorinating,dechlorinated
dechristianize,dechristianizing,dechristianized
dechrome,dechroming,dechromed
dechunk,dechunking,dechunked
decide,deciding,decided
decimalise,decimalising,decimalised
decimalize,decimalizing,decimalized
decimate,decimating,decimated
decipher,deciphering,deciphered
decision,decisioning,decisioned
decitizenize,decitizenizing,decitizenized
decivilise,decivilising,decivilised
decivilize,decivilizing,decivilized
deck,decking,decked
declaim,declaiming,declaimed
declare,declaring,declared
declass,declassing,declassed
declassify,declassifying,declassified
declaw,declawing,declawed
declimb,declimbing,declimbed
decline,declining,declined
decloak,decloaking,decloaked
declolorise,decolorising,decolorised
declutch,declutching,declutched
declutter,decluttering,decluttered
decocainize,decocainizing,decocainized
decock,decocking,decocked
decoct,decocting,decocted
decode,decoding,decoded
decohere,decohering,decohered
decoke,decoking,decoked
decollate,decollating,decollated
decolonise,decolonising,decolonised
decolonize,decolonizing,decolonized
decolor,decoloring,decolored
decolorate,decolorating,decolorated
decolorise,decolorising,decolorised
decolorize,decolorizing,decolorized
decolour,decolouring,decoloured
decolourise,decolourising,decolourised
decolourize,decolourizing,decolourized
decommercialize,decommercializing,decommercialized
decommission,decommissioning,decommissioned
decommodify,decommodifying,decommodified
decommunize,decommunizing,decommunized
decompactify,decompactifying,decompactified
decompartmentalise,decompartmentalising,decompartmentalised
decompartmentalize,decompartmentalizing,decompartmentalized
decompensate,decompensating,decompensated
decompile,decompiling,decompiled
decomplexify,decomplexifying,decomplexified
decompose,decomposing,decomposed
decompound,decompounding,decompounded
decompress,decompressing,decompressed
decon,deconning,deconned
deconcentrate,deconcentrating,deconcentrated
deconceptualise,deconceptualising,deconceptualised
deconceptualize,deconceptualizing,deconceptualized
deconcoct,deconcocting,deconcocted
decondition,deconditioning,deconditioned
deconfigure,deconfiguring,deconfigured
deconfine,deconfineing,deconfineed
deconflict,deconflicting,deconflicted
decongest,decongesting,decongested
deconsecrate,deconsecrating,deconsecrated
deconstruct,deconstructing,deconstructed
decontaminate,decontaminating,decontaminated
decontextualise,decontextualising,decontextualised
decontextualize,decontextualizing,decontextualized
decontract,decontracting,decontracted
deconvert,deconverting,deconverted
deconvolute,deconvoluting,deconvoluted
deconvolve,deconvolving,deconvolved
decorate,decorating,decorated
decore,decoring,decored
decorrelate,decorrelating,decorrelated
decorticate,decorticating,decorticated
decoupage,decoupaging,decoupaged
decouple,decoupling,decoupled
decoy,decoying,decoyed
decrassify,decrassifying,decrassified
decrease,decreasing,decreased
decree,decreeing,decreed
decrement,decrementing,decremented
decreolize,decreolizing,decreolized
decrepitate,decrepitating,decrepitated
decrescendo,decrescendoing,decrescendoed
decrew,decrewing,decrewed
decriminalise,decriminalising,decriminalised
decriminalize,decriminalizing,decriminalized
decrown,decrowning,decrowned
decrucify,decrucifying,decrucified
decrumb,decrumbing,decrumbed
decrunch,decrunching,decrunched
decrust,decrusting,decrusted
decry,decrying,decried
decrypt,decrypting,decrypted
deculture,deculturing,decultured
deculturize,deculturizing,deculturized
decumulate,decumulating,decumulated
decunt,decunting,decunted
decuple,decupling,decupled
decurt,decurting,decurted
decussate,decussating,decussated
decypher,decyphering,decyphered
dedecorate,dedecorating,dedecorated
dedent,dedenting,dedented
dedicate,dedicating,dedicated
dedifferentiate,dedifferentiating,dedifferentiated
dedisperse,dedispersing,dedispersed
dedramatize,dedramatizing,dedramatized
deduce,deducing,deduced
deduct,deducting,deducted
dedupe,deduping,deduped
deduplicate,deduplicating,deduplicated
dee,deein,dyun
deech,deeching,deeched
deed,deeding,deeded
deejay,deejaying,deejayed
deek,deekin,deeked
deeky,deekyin,deekied
deem,deeming,deemed
deemphasise,deemphasising,deemphasised
deemphasize,deemphasizing,deemphasized
deep-copy,deep-copying,deep-copied
deep-fry,deep-frying,deep-fried
deep-six,deep-sixing,deep-sixed
deep-throat,deep-throating,deep-throated
deepen,deepening,deepened
deepthroat,deepthroating,deepthroated
deescalate,deescalating,deescalated
deexcite,deexciting,deexcited
deface,defacing,defaced
defail,defailing,defailed
defalcate,defalcating,defalcated
defalk,defalking,defalked
defame,defaming,defamed
defamiliarise,defamiliarising,defamiliarised
defamiliarize,defamiliarizing,defamiliarized
defang,defanging,defanged
defat,defatting,defatted
defatigate,defatigating,defatigated
default,defaulting,defaulted
defease,defeasing,defeased
defeat,defeating,defeated
defecate,defecating,defecated
defect,defecting,defected
defeminise,defeminising,defeminised
defeminize,defeminizing,defeminized
defence,defencing,defenced
defend,defending,defended
defenestrate,defenestrating,defenestrated
defer,deferring,deferred
defeudalize,defeudalizing,defeudalized
defib,defibbing,defibbed
defibrate,defibrating,defibrated
defibrillate,defibrillating,defibrillated
defibrinate,defibrinating,defibrinated
defibrinize,defibrinizing,defibrinized
defictionalize,defictionalizing,defictionalized
defigure,defiguring,defigured
defilade,defilading,defiladed
defile,defiling,defiled
define,defining,defined
definitize,definitizing,definitized
defix,defixing,defixed
deflagrate,deflagrating,deflagrated
deflate,deflating,deflated
deflect,deflecting,deflected
deflesh,defleshing,defleshed
deflocculate,deflocculating,deflocculated
deflour,deflouring,defloured
deflow,deflowing,deflowed
deflower,deflowering,deflowered
defoam,defoaming,defoamed
defocus,defocusing,defocused
defog,defogging,defogged
defoliate,defoliating,defoliated
deforce,deforcing,deforced
deforest,deforesting,deforested
deform,deforming,deformed
deformalize,deformalizing,deformalized
deformation-retract,deformation-retracting,deformation-retracted
deformulate,deformulating,deformulated
defoul,defouling,defouled
defrag,defragging,defragged
defragment,defragmenting,defragmented
defraud,defrauding,defrauded
defray,defraying,defrayed
defriend,defriending,defriended
defrizz,defrizzing,defrizzed
defrock,defrocking,defrocked
defrost,defrosting,defrosted
defunct,defuncting,defuncted
defunctionalize,defunctionalizing,defunctionalized
defund,defunding,defunded
defunkify,defunkifying,defunkified
defuse,defusing,defused
defuze,defuzing,defuzed
defy,defying,defied
deg,degging,degged
degarnish,degarnishing,degarnished
degas,degassing,degassed
degauss,degaussing,degaussed
degazette,degazetting,degazetted
degender,degendering,degendered
degenerate,degenerating,degenerated
degerm,degerming,degermed
deghettoize,deghettoizing,deghettoized
deglaciate,deglaciating,deglaciated
deglamorize,deglamorizing,deglamorized
deglaze,deglazing,deglazed
deglobalise,deglobalising,deglobalised
deglobalize,deglobalizing,deglobalized
deglottalize,deglottalizing,deglottalized
deglove,degloving,degloved
deglutinate,deglutinating,deglutinated
deglycosylate,deglycosylating,deglycosylated
degrade,degrading,degraded
degranulate,degranulating,degranulated
degrease,degreasing,degreased
degroup,degrouping,degrouped
degum,degumming,degummed
degunk,degunking,degunked
degunkify,degunkifying,degunkified
degust,degusting,degusted
degustate,degustating,degustated
degut,degutting,degutted
dehire,dehiring,dehired
dehisce,dehiscing,dehisced
dehistoricize,dehistoricizing,dehistoricized
dehonestate,dehonestating,dehonestated
dehook,dehooking,dehooked
dehorn,dehorning,dehorned
dehort,dehorting,dehorted
dehull,dehulling,dehulled
dehumanise,dehumanising,dehumanised
dehumanize,dehumanizing,dehumanized
dehumidify,dehumidifying,dehumidified
dehusk,dehusking,dehusked
dehydrate,dehydrating,dehydrated
dehydrogenate,dehydrogenating,dehydrogenated
dehydrogenise,dehydrogenising,dehydrogenised
dehydrogenize,dehydrogenizing,dehydrogenized
dehypnotise,dehypnotising,dehypnotised
dehypnotize,dehypnotizing,dehypnotized
deice,deicing,deiced
deidentify,deidentifying,deidentified
deify,deifying,deified
deign,deigning,deigned
deindex,deindexing,deindexed
deindividualize,deindividualizing,deindividualized
deindustrialise,deindustrialising,deindustrialised
deindustrialize,deindustrializing,deindustrialized
deinitialize,deinitializing,deinitialized
deink,deinking,deinked
deinstall,deinstalling,deinstalled
deinstitutionalise,deinstitutionalising,deinstitutionalised
deinstitutionalize,deinstitutionalizing,deinstitutionalized
deintegrate,deintegrating,deintegrated
deinterlace,deinterlacing,deinterlaced
deinterleave,deinterleaving,deinterleaved
deionise,deionising,deionised
deionize,deionizing,deionized
deject,dejecting,dejected
dejudicialize,dejudicializing,dejudicialized
dejunk,dejunking,dejunked
deke,deking,deked
delabialize,delabializing,delabialized
delaminate,delaminating,delaminated
delapse,delapsing,delapsed
delate,delating,delated
delay,delaying,delayed
delayer,delayering,delayered
dele,deleing,deled
delectate,delectating,delectated
delegalize,delegalizing,delegalized
delegate,delegating,delegated
delegitimate,delegitimating,delegitimated
delegitimatise,delegitimatising,delegitimatised
delegitimatize,delegitimatizing,delegitimatized
delegitimise,delegitimising,delegitimised
delegitimize,delegitimizing,delegitimized
delete,deleting,deleted
delevel,deleveling,deleveled
deleverage,deleveraging,deleveraged
delibate,delibating,delibated
deliber,delibering,delibered
deliberate,deliberating,deliberated
delibrate,delibrating,delibrated
delicense,delicensing,delicensed
deliciate,deliciating,deliciated
deligate,deligating,deligated
delight,delighting,delighted
delignify,delignifying,delignified
delimb,delimbing,delimbed
deliminate,deliminating,deliminated
delimit,delimiting,delimited
delimitate,delimitating,delimitated
deline,delining,delined
delineate,delineating,delineated
delink,delinking,delinked
delint,delinting,delinted
delipidate,delipidating,delipidated
deliquate,deliquating,deliquated
deliquesce,deliquescing,deliquesced
deliquiate,deliquiating,deliquiated
delirate,delirating,delirated
delist,delisting,delisted
deliver,delivering,delivered
delivre,delivring,delivred
delocalize,delocalizing,delocalized
deloft,delofting,delofted
delope,deloping,deloped
delouse,delousing,deloused
delphie,delphie,delphied
delude,deluding,deluded
deluge,deluging,deluged
delurk,delurking,delurked
delustre,delustring,delustred
demagnetise,demagnetising,demagnetised
demagnetize,demagnetizing,demagnetized
demagnify,demagnifying,demagnified
demagogue,demagoguing,demagogued
demand,demanding,demanded
demanufacture,demanufacturing,demanufactured
demarcate,demarcating,demarcated
demarginalize,demarginalizing,demarginalized
demarginate,demarginating,demarginated
demark,demarking,demarked
demarket,demarketing,demarketed
demasculinize,demasculinizing,demasculinized
demassify,demassifying,demassified
demast,demasting,demasted
demate,demating,demated
dematerialise,dematerialising,dematerialised
dematerialize,dematerializing,dematerialized
demaund,demaunding,demaunded
demean,demeaning,demeaned
dement,dementing,demented
dementalize,dementalizing,dementalized
dementate,dementating,dementated
demephitize,demephitizing,demephitized
demerge,demerging,demerged
demerit,demeriting,demerited
demerse,demersing,demersed
demesmerize,demesmerizing,demesmerized
demetallize,demetallizing,demetallized
demethylate,demethylating,demethylated
demigrate,demigrating,demigrated
demilitarise,demilitarising,demilitarised
demilitarize,demilitarizing,demilitarized
demine,demining,demined
demineralise,demineralising,demineralised
demineralize,demineralizing,demineralized
deminiaturize,deminiaturizing,deminiaturized
demise,demising,demised
demist,demisting,demisted
demit,demitting,demitted
demix,demixing,demixed
demo,demoing,demoed
demob,demobbing,demobbed
demobilise,demobilising,demobilised
demobilize,demobilizing,demobilized
democratise,democratising,democratised
democratize,democratizing,democratized
demodulate,demodulating,demodulated
demolish,demolishing,demolished
demonetise,demonetising,demonetised
demonetize,demonetizing,demonetized
demonify,demonifying,demonified
demonise,demonising,demonised
demonize,demonizing,demonized
demonopolize,demonopolizing,demonopolized
demonstrate,demonstrating,demonstrated
demoralise,demoralising,demoralised
demoralize,demoralizing,demoralized
demoss,demossing,demossed
demote,demoting,demoted
demotivate,demotivating,demotivated
demount,demounting,demounted
dempne,dempning,dempned
demulce,demulcing,demulced
demulsify,demulsifying,demulsified
demultiplex,demultiplexing,demultiplexed
demur,demurring,demurred
demure,demuring,demured
demutualise,demutualising,demutualised
demutualize,demutualizing,demutualized
demyelinate,demyelinating,demyelinated
demystify,demystifying,demystified
demythologise,demythologising,demythologised
demythologize,demythologizing,demythologized
den,denning,denned
denarcotize,denarcotizing,denarcotized
denarrativize,denarrativizing,denarrativized
denasalize,denasalizing,denasalized
denationalise,denationalising,denationalised
denationalize,denationalizing,denationalized
denaturalise,denaturalising,denaturalised
denaturalize,denaturalizing,denaturalized
denature,denaturing,denatured
denaturize,denaturizing,denaturized
denay,denaying,denayed
denerdify,denerdifying,denerdified
denervate,denervating,denervated
denib,denibbing,denibbed
deniggerize,deniggerizing,deniggerized
denigrate,denigrating,denigrated
denitrify,denitrifying,denitrified
denitrogenate,denitrogenating,denitrogenated
denize,denizing,denized
denizen,denizening,denizened
denominate,denominating,denominated
denormalise,denormalising,denormalised
denormalize,denormalizing,denormalized
denotate,denotating,denotated
denote,denoting,denoted
denotify,denotifying,denotified
denounce,denouncing,denounced
densify,densifying,densified
dent,denting,dented
dentize,dentizing,dentized
denuclearise,denuclearising,denuclearised
denuclearize,denuclearizing,denuclearized
denudate,denudating,denudated
denude,denuding,denuded
denunciate,denunciating,denunciated
deny,denying,denied
deobfuscate,deobfuscating,deobfuscated
deobstruct,deobstructing,deobstructed
deodorise,deodorising,deodorised
deodorize,deodorizing,deodorized
deodourise,deodourising,deodourised
deodourize,deodourizing,deodourized
deoil,deoiling,deoiled
deop,deopping,deopped
deoppilate,deoppilating,deoppilated
deoptimize,deoptimizing,deoptimized
deorbit,deorbiting,deorbited
deorphanize,deorphanizing,deorphanized
deoxidate,deoxidating,deoxidated
deoxidise,deoxidising,deoxidised
deoxidize,deoxidizing,deoxidized
deoxygenate,deoxygenating,deoxygenated
deoxygenize,deoxygenizing,deoxygenized
depacketize,depacketizing,depacketized
depaint,depainting,depainted
depalletize,depalletizing,depalletized
depanelize,depanelizing,depanelized
depants,depantsing,depantsed
depart,departing,departed
departition,departitioning,departitioned
departmentalise,departmentalising,departmentalised
departmentalize,departmentalizing,departmentalized
depasture,depasturing,depastured
depatriarchalize,depatriarchalizing,depatriarchalized
depatriate,depatriating,depatriated
depattern,depatterning,depatterned
depauperate,depauperating,depauperated
depauperize,depauperizing,depauperized
depave,depaving,depaved
depeach,depeaching,depeached
depend,depending,depended
depeople,depeopling,depeopled
deperch,deperching,deperched
depersonalise,depersonalising,depersonalised
depersonalize,depersonalizing,depersonalized
dephase,dephasing,dephased
dephlegm,dephlegming,dephlegmed
dephlegmate,dephlegmating,dephlegmated
dephlogisticate,dephlogisticating,dephlogisticated
dephosphorylate,dephosphorylating,dephosphorylated
dephysicalize,dephysicalizing,dephysicalized
depict,depicting,depicted
depicture,depicturing,depictured
depiece,depiecing,depieced
depigment,depigmenting,depigmented
depilate,depilating,depilated
deplane,deplaning,deplaned
deplant,deplanting,deplanted
deplete,depleting,depleted
deplore,deploring,deplored
deploy,deploying,deployed
deplume,depluming,deplumed
depoetize,depoetizing,depoetized
depolarise,depolarising,depolarised
depolarize,depolarizing,depolarized
depolish,depolishing,depolished
depoliticalize,depoliticalizing,depoliticalized
depoliticise,depoliticising,depoliticised
depoliticize,depoliticizing,depoliticized
depollute,depolluting,depolluted
depolymerize,depolymerizing,depolymerized
depone,deponing,deponed
depopulate,depopulating,depopulated
deport,deporting,deported
depose,deposing,deposed
deposit,depositing,deposited
deposite,depositing,deposited
depower,depowering,depowered
deprave,depraving,depraved
deprecate,deprecating,deprecated
depreciate,depreciating,depreciated
depredate,depredating,depredated
deprehend,deprehending,deprehended
depress,depressing,depressed
depressure,depressuring,depressured
depressurise,depressurising,depressurised
depressurize,depressurizing,depressurized
deprioritise,deprioritising,deprioritised
deprioritize,deprioritizing,deprioritized
deprivatize,deprivatizing,deprivatized
deprive,depriving,deprived
deprivilege,deprivileging,deprivileged
deprofessionalize,deprofessionalizing,deprofessionalized
deprogram,deprogramming,deprogrammed
deprogramme,deprogramming,deprogrammed
deproject,deprojecting,deprojected
deprotect,deprotecting,deprotected
deproteinize,deproteinizing,deproteinized
deprotonate,deprotonating,deprotonated
deprovincialize,deprovincializing,deprovincialized
depublish,depublishing,depublished
depucelate,depucelating,depucelated
depuff,depuffing,depuffed
depulse,depulsing,depulsed
depurate,depurating,depurated
depure,depuring,depured
depute,deputing,deputed
deputise,deputising,deputised
deputize,deputizing,deputized
dequantitate,dequantitating,dequantitated
dequantize,dequantizing,dequantized
dequeue,dequeuing,dequeued
deracemize,deracemizing,deracemized
deracinate,deracinating,deracinated
deradicalise,deradicalising,deradicalised
deradicalize,deradicalizing,deradicalized
deraign,deraigning,deraigned
derail,derailing,derailed
derain,deraining,derained
deramp,deramping,deramped
derandomise,derandomising,derandomised
derandomize,derandomizing,derandomized
derange,deranging,deranged
derat,deratting,deratted
derate,derating,derated
dere,dering,dered
derecognise,derecognising,derecognised
derecognize,derecognizing,derecognized
deredden,dereddening,dereddened
dereference,dereferencing,dereferenced
deregister,deregistering,deregistered
deregulate,deregulating,deregulated
dereligionise,dereligionising,dereligionised
dereligionize,dereligionizing,dereligionized
derender,derendering,derendered
dereplicate,dereplicating,dereplicated
derepress,derepressing,derepressed
derequisition,derequisitioning,derequisitioned
derestrict,derestricting,derestricted
derez,derezing,derezed
derezz,derezzing,derezzed
deride,deriding,derided
derisk,derisking,derisked
derivate,derivating,derivated
derivatize,derivatizing,derivatized
derive,deriving,derived
dern,derning,derned
derne,derning,derned
derogate,derogating,derogated
derograte,derograting,derograted
deromanticise,deromanticising,deromanticised
deromanticize,deromanticizing,deromanticized
derp,derping,derped
derve,derving,derved
desacralize,desacralizing,desacralized
desalinate,desalinating,desalinated
desalinize,desalinizing,desalinized
desalivate,desalivating,desalivated
desalt,desalting,desalted
desanctify,desanctifying,desanctified
desand,desanding,desanded
desat,desatting,desatted
desaturate,desaturating,desaturated
descale,descaling,descaled
descant,descanting,descanted
descend,descending,descended
deschool,deschooling,deschooled
descope,descoping,descoped
descramble,descrambling,descrambled
descreen,descreening,descreened
describe,describing,described
descrive,descriving,descrived
descry,descrying,descried
deseasonalize,deseasonalizing,deseasonalized
desecate,desecating,desecated
desecrate,desecrating,desecrated
desecularize,desecularizing,desecularized
deseed,deseeding,deseeded
desegregate,desegregating,desegregated
deselect,deselecting,deselected
desensationalize,desensationalizing,desensationalized
desensitise,desensitising,desensitised
desensitize,desensitizing,desensitized
deserialise,deserialising,deserialised
deserialize,deserializing,deserialized
desert,deserting,deserted
desertify,desertifying,desertified
deserve,deserving,deserved
desex,desexing,desexed
desexualise,desexualising,desexualised
desexualize,desexualizing,desexualized
deshuffle,deshuffling,deshuffled
desiccate,desiccating,desiccated
desiderate,desiderating,desiderated
desier,desiering,desiered
design,designing,designed
designate,designating,designated
desilver,desilvering,desilvered
desilverize,desilverizing,desilverized
desilylate,desilylating,desilylated
desingularize,desingularizing,desingularized
desire,desiring,desired
desist,desisting,desisted
desk,desking,desked
deskew,deskewing,deskewed
deskill,deskilling,deskilled
desocialise,desocialising,desocialised
desocialize,desocializing,desocialized
desolate,desolating,desolated
desolder,desoldering,desoldered
desolvate,desolvating,desolvated
desophisticate,desophisticating,desophisticated
desorb,desorbing,desorbed
desoul,desouling,desouled
despair,despairing,despaired
desparple,desparpling,desparpled
despatch,despatching,despatched
despawn,despawning,despawned
despecificate,despecificating,despecificated
despeckle,despeckling,despeckled
despeed,despeeding,desped
despend,despending,despended
despise,despising,despised
despite,despiting,despited
despoil,despoiling,despoiled
despond,desponding,desponded
desponsate,desponsating,desponsated
desport,desporting,desported
despotize,despotizing,despotized
despread,despreading,despread
despumate,despumating,despumated
despume,despuming,despumed
desquamate,desquamating,desquamated
destabilise,destabilising,destabilised
destabilize,destabilizing,destabilized
destage,destaging,destaged
destalinize,destalinizing,destalinized
destandardise,destandardising,destandardised
destandardize,destandardizing,destandardized
destash,destashing,destashed
destem,destemming,destemmed
destigmatise,destigmatising,destigmatised
destigmatize,destigmatizing,destigmatized
destimulate,destimulating,destimulated
destinate,destinating,destinated
destine,destining,destined
destinkify,destinkifying,destinkified
destock,destocking,destocked
destool,destooling,destooled
destress,destressing,destressed
destroi,destroiing,destroied
destroy,destroying,destroyed
destruct,destructing,destructed
destructure,destructuring,destructured
desublimate,desublimating,desublimated
desugar,desugaring,desugared
desulfur,desulfuring,desulfured
desulfurate,desulfurating,desulfurated
desulfurise,desulfurising,desulfurised
desulfurize,desulfurizing,desulfurized
desulphurate,desulphurating,desulphurated
desulphurize,desulphurizing,desulphurized
desume,desuming,desumed
desumoylate,desumoylating,desumoylated
desuperheat,desuperheating,desuperheated
desymmetrize,desymmetrizing,desymmetrized
desynchronize,desynchronizing,desynchronized
desynonymize,desynonymizing,desynonymized
desysop,desysopping,desysopped
detach,detaching,detached
detag,detagging,detagged
detail,detailing,detailed
detain,detaining,detained
detangle,detangling,detangled
detartrate,detartrating,detartrated
detect,detecting,detected
detent,detenting,detented
deter,deterring,deterred
deterge,deterging,deterged
deteriorate,deteriorating,deteriorated
determin,determining,determined
determinate,determinating,determinated
determine,determining,determined
determinize,determinizing,determinized
deterritorialize,deterritorializing,deterritorialized
detest,detesting,detested
detestate,detestating,detestated
detext,detexting,detexted
dethatch,dethatching,dethatched
dethaw,dethawing,dethawed
dethrone,dethroning,dethroned
dethronize,dethronizing,dethronized
detin,detinning,detinned
detonate,detonating,detonated
detonize,detonizing,detonized
detort,detorting,detorted
detour,detouring,detoured
detox,detoxing,detoxed
detoxicate,detoxicating,detoxicated
detoxify,detoxifying,detoxified
detract,detracting,detracted
detraditionalise,detraditionalising,detraditionalised
detraditionalize,detraditionalizing,detraditionalized
detrain,detraining,detrained
detrect,detrecting,detrected
detrend,detrending,detrended
detribalize,detribalizing,detribalized
detrude,detruding,detruded
detruncate,detruncating,detruncated
detumesce,detumescing,detumesced
detune,detuning,detuned
deturb,deturbing,deturbed
deturbate,deturbating,deturbated
deturn,deturning,deturned
deturpate,deturpating,deturpated
detusk,detusking,detusked
deubiquitinate,deubiquitinating,deubiquitinated
deubiquitylate,deubiquitylating,deubiquitylated
deunionise,deunionising,deunionised
deurbanize,deurbanizing,deurbanized
deuterate,deuterating,deuterated
devalorize,devalorizing,devalorized
devaluate,devaluating,devaluated
devalue,devaluing,devalued
devan,devanning,devanned
devast,devasting,devasted
devastate,devastating,devastated
devein,deveining,deveined
devel,develling,develled
develope,developing,developed
devenustate,devenustating,devenustated
deverbalise,deverbalising,deverbalised
deverbalize,deverbalizing,deverbalized
devest,devesting,devested
deviate,deviating,deviated
devictimize,devictimizing,devictimized
devilize,devilizing,devilized
devirginate,devirginating,devirginated
devirginise,devirginising,devirginised
devirginize,devirginizing,devirginized
devise,devising,devised
devitalize,devitalizing,devitalized
devitrify,devitrifying,devitrified
devive,deviving,devived
devocalize,devocalizing,devocalized
devoice,devoicing,devoiced
devoid,devoiding,devoided
devolatilize,devolatilizing,devolatilized
devolute,devoluting,devoluted
devolve,devolving,devolved
devote,devoting,devoted
devour,devouring,devoured
devove,devoving,devoved
devow,devowing,devowed
devulcanize,devulcanizing,devulcanized
devulgarize,devulgarizing,devulgarized
devvel,devvelling,devvelled
dew,dewing,dewed
dewater,dewatering,dewatered
dewax,dewaxing,dewaxed
deweight,deweighting,deweighted
dewet,dewetting,dewetted
dewikify,dewikifying,dewikified
dewire,dewiring,dewired
deworm,deworming,dewormed
dewret,dewretting,dewretted
dexify,dexifying,dexified
dextrinize,dextrinizing,dextrinized
dezincify,dezincifying,dezincified
diabolify,diabolifying,diabolified
diabolize,diabolizing,diabolized
diadem,diademing,diademed
diagnose,diagnosing,diagnosed
diagnosticate,diagnosticating,diagnosticated
diagonalise,diagonalising,diagonalised
diagonalize,diagonalizing,diagonalized
dialog,dialoging,dialoged
dialogize,dialogizing,dialogized
dialogue,dialoguing,dialogued
dialyse,dialysing,dialysed
dialyze,dialyzing,dialyzed
diamond,diamonding,diamonded
diamondize,diamondizing,diamondized
diaper,diapering,diapered
diaphragm,diaphragming,diaphragmed
diarise,diarising,diarised
diarize,diarizing,diarized
diazotise,diazotising,diazotised
diazotize,diazotizing,diazotized
dib,dibbing,dibbed
dibble,dibbling,dibbled
dibs,dibsing,dibsed
dice,dicing,diced
dich,diching,diched
dichotomise,dichotomising,dichotomised
dichotomize,dichotomizing,dichotomized
dick,dicking,dicked
dicker,dickering,dickered
dictate,dictating,dictated
dictionary,dictionarying,dictionaried
didder,diddering,diddered
diddle,diddling,diddled
diddle-daddle,diddle-daddling,diddle-daddled
die,dying,died
die-cast,die-casting,die-cast
diecast,diecasting,diecast
diesel,dieseling,dieseled
dieselise,dieselising,dieselised
dieselize,dieselizing,dieselized
diet,dieting,dieted
diff,diffing,diffed
differ,differing,differed
difference,differencing,differenced
differentiate,differentiating,differentiated
difficilitate,difficilitating,difficilitated
difficult,difficulting,difficulted
difficultate,difficultating,difficultated
diffine,diffining,diffined
diffract,diffracting,diffracted
diffuse,diffusing,diffused
dig,digging,dug
digest,digesting,digested
dight,dighting,dight
digiscope,digiscoping,digiscoped
digit,digiting,digited
digitalise,digitalising,digitalised
digitalize,digitalizing,digitalized
digitate,digitating,digitated
digitise,digitising,digitised
digitize,digitizing,digitized
digladiate,digladiating,digladiated
dignify,dignifying,dignified
dignosce,dignoscing,dignosced
digress,digressing,digressed
dijudicate,dijudicating,dijudicated
dike,diking,diked
dilacerate,dilacerating,dilacerated
dilaniate,dilaniating,dilaniated
dilapidate,dilapidating,dilapidated
dilatate,dilatating,dilatated
dilate,dilating,dilated
dildo,dildoing,dildoed
dill,dilling,dilled
dilly-dally,dilly-dallying,dilly-dallied
dillydally,dillydallying,dillydallied
dilucidate,dilucidating,dilucidated
dilute,diluting,diluted
diluviate,diluviating,diluviated
dim,dimming,dimmed
dime,diming,dimed
dimension,dimensioning,dimensioned
dimensionalise,dimensionalising,dimensionalised
dimensionalize,dimensionalizing,dimensionalized
dimerise,dimerising,dimerised
dimerize,dimerizing,dimerized
dimidiate,dimidiating,dimidiated
diminish,diminishing,diminished
diminutivise,diminutivising,diminutivised
diminutivize,diminutivizing,diminutivized
dimit,dimitting,dimitted
dimple,dimpling,dimpled
din,dinning,dinned
dindle,dindling,dindled
dine,dining,dined
ding,dinging,dinged
dinge,dingeing,dinged
dinghy,dinghying,dinghied
dink,dinking,dinked
dint,dinting,dinted
dip,dipping,dipped
diphthongise,diphthongising,diphthongised
diphthongize,diphthongizing,diphthongized
diplomate,diplomating,diplomated
diplomatize,diplomatizing,diplomatized
direct,directing,directed
dirempt,dirempting,dirempted
dirk,dirking,dirked
dirt,dirting,dirted
dirty,dirtying,dirtied
dis,dissing,dissed
disable,disabling,disabled
disabuse,disabusing,disabused
disaccommodate,disaccommodating,disaccommodated
disaccord,disaccording,disaccorded
disaccustom,disaccustoming,disaccustomed
disacidify,disacidifying,disacidified
disacknowledge,disacknowledging,disacknowledged
disacquaint,disacquainting,disacquainted
disadjust,disadjusting,disadjusted
disadorn,disadorning,disadorned
disadvance,disadvancing,disadvanced
disadvantage,disadvantaging,disadvantaged
disadvise,disadvising,disadvised
disaffect,disaffecting,disaffected
disaffiliate,disaffiliating,disaffiliated
disaffirm,disaffirming,disaffirmed
disafforest,disafforesting,disafforested
disaggregate,disaggregating,disaggregated
disagree,disagreeing,disagreed
disalliege,disallieging,disallieged
disallow,disallowing,disallowed
disally,disallying,disallied
disambiguate,disambiguating,disambiguated
disanchor,disanchoring,disanchored
disanimate,disanimating,disanimated
disannex,disannexing,disannexed
disannul,disannulling,disannulled
disanoint,disanointing,disanointed
disapparate,disapparating,disapparated
disapparel,disapparelling,disapparelled
disappear,disappearing,disappeared
disapply,disapplying,disapplied
disappoint,disappointing,disappointed
disappoynt,disappoynting,disappoynted
disappreciate,disappreciating,disappreciated
disappropriate,disappropriating,disappropriated
disapprove,disapproving,disapproved
disarm,disarming,disarmed
disarrange,disarranging,disarranged
disarray,disarraying,disarrayed
disarticulate,disarticulating,disarticulated
disassemble,disassembling,disassembled
disassent,disassenting,disassented
disassimilate,disassimilating,disassimilated
disassociate,disassociating,disassociated
disattire,disattiring,disattired
disauthorize,disauthorizing,disauthorized
disavail,disavailing,disavailed
disavaunce,disavauncing,disavaunced
disavouch,disavouching,disavouched
disavow,disavowing,disavowed
disband,disbanding,disbanded
disbar,disbarring,disbarred
disbark,disbarking,disbarked
disbase,disbasing,disbased
disbecome,disbecoming,disbecame
disbelieve,disbelieving,disbelieved
disbench,disbenching,disbenched
disbend,disbending,disbent
disbind,disbinding,disbound
disbound,disbounding,disbounded
disbowel,disbowelling,disbowelled
disbranch,disbranching,disbranched
disbud,disbudding,disbudded
disburden,disburdening,disburdened
disburse,disbursing,disbursed
disburthen,disburthening,disburthened
discage,discaging,discaged
discalceate,discalceating,discalceated
discamp,discamping,discamped
discandy,discandying,discandied
discapacitate,discapacitating,discapacitated
discard,discarding,discarded
discase,discasing,discased
discede,disceding,disceded
discept,discepting,discepted
discern,discerning,discerned
discerp,discerping,discerped
discharge,discharging,discharged
dischurch,dischurching,dischurched
discide,disciding,discided
discind,discinding,discinded
disciple,discipling,discipled
discipline,disciplining,disciplined
disclaim,disclaiming,disclaimed
disclame,disclaming,disclamed
disclaunder,disclaundering,disclaundered
discloak,discloaking,discloaked
disclose,disclosing,disclosed
discloud,disclouding,disclouded
disclout,disclouting,disclouted
disclude,discluding,discluded
disco,discoing,discoed
discoast,discoasting,discoasted
discolor,discoloring,discolored
discolorate,discolorating,discolorated
discolour,discolouring,discoloured
discombobulate,discombobulating,discombobulated
discomfit,discomfiting,discomfited
discomfort,discomforting,discomforted
discommend,discommending,discommended
discommission,discommissioning,discommissioned
discommodate,discommodating,discommodated
discommode,discommoding,discommoded
discommon,discommoning,discommoned
discompany,discompanying,discompanied
discomplexion,discomplexioning,discomplexioned
discompose,discomposing,discomposed
discompt,discompting,discompted
disconcert,disconcerting,disconcerted
disconfirm,disconfirming,disconfirmed
disconnect,disconnecting,disconnected
disconsecrate,disconsecrating,disconsecrated
discontent,discontenting,discontented
discontinue,discontinuing,discontinued
discord,discording,discorded
discost,discosting,discosted
discounsel,discounselling,discounselled
discount,discounting,discounted
discountenance,discountenancing,discountenanced
discourage,discouraging,discouraged
discoure,discouring,discoured
discourse,discoursing,discoursed
discovenant,discovenanting,discovenanted
discover,discovering,discovered
discovre,discovring,discovred
discredit,discrediting,discredited
discretise,discretising,discretised
discretize,discretizing,discretized
discriminate,discriminating,discriminated
discrown,discrowning,discrowned
discruciate,discruciating,discruciated
disculpate,disculpating,disculpated
discumber,discumbering,discumbered
discure,discuring,discured
discuss,discussing,discussed
disdain,disdaining,disdained
disdeify,disdeifying,disdeified
disdeign,disdeigning,disdeigned
disease,diseasing,diseased
disedge,disedging,disedged
disedify,disedifying,disedified
disembark,disembarking,disembarked
disembarrass,disembarrassing,disembarrassed
disembellish,disembellishing,disembellished
disembitter,disembittering,disembittered
disembody,disembodying,disembodied
disembogue,disemboguing,disembogued
disembosom,disembosoming,disembosomed
disembrangle,disembrangling,disembrangled
disembroil,disembroiling,disembroiled
disemburden,disemburdening,disemburdened
disemploy,disemploying,disemployed
disempower,disempowering,disempowered
disenable,disenabling,disenabled
disenamour,disenamouring,disenamoured
disenchant,disenchanting,disenchanted
disencharm,disencharming,disencharmed
disencline,disenclining,disenclined
disenclose,disenclosing,disenclosed
disencumber,disencumbering,disencumbered
disendorse,disendorsing,disendorsed
disendow,disendowing,disendowed
disenfranchise,disenfranchising,disenfranchised
disengage,disengaging,disengaged
disennoble,disennobling,disennobled
disenrol,disenrolling,disenrolled
disenroll,disenrolling,disenrolled
disenslave,disenslaving,disenslaved
disentail,disentailing,disentailed
disentangle,disentangling,disentangled
disenter,disenterring,disenterred
disenthral,disenthralling,disenthralled
disenthrall,disenthralling,disenthralled
disenthrone,disenthroning,disenthroned
disentitle,disentitling,disentitled
disentomb,disentombing,disentombed
disentrail,disentrailing,disentrailed
disentrance,disentrancing,disentranced
disentwine,disentwining,disentwined
disequalize,disequalizing,disequalized
disespouse,disespousing,disespoused
disestablish,disestablishing,disestablished
disesteem,disesteeming,disesteemed
disfancy,disfancying,disfancied
disfashion,disfashioning,disfashioned
disfavor,disfavoring,disfavored
disfavour,disfavouring,disfavoured
disfeature,disfeaturing,disfeatured
disfigure,disfiguring,disfigured
disflesh,disfleshing,disfleshed
disforest,disforesting,disforested
disfranchise,disfranchising,disfranchised
disfrock,disfrocking,disfrocked
disfurnish,disfurnishing,disfurnished
disfurniture,disfurnituring,disfurnitured
disgage,disgaging,disgaged
disgarland,disgarlanding,disgarlanded
disgarnish,disgarnishing,disgarnished
disgarrison,disgarrisoning,disgarrisoned
disgest,disgesting,disgested
disglorify,disglorifying,disglorified
disgorge,disgorging,disgorged
disgrace,disgracing,disgraced
disgrade,disgrading,disgraded
disgraduate,disgraduating,disgraduated
disgregate,disgregating,disgregated
disgruntle,disgruntling,disgruntled
disguise,disguising,disguised
disgust,disgusting,disgusted
dish,dishing,dished
dishabilitate,dishabilitating,dishabilitated
dishabituate,dishabituating,dishabituated
dishable,dishabling,dishabled
dishallow,dishallowing,dishallowed
disharmonize,disharmonizing,disharmonized
dishaunt,dishaunting,dishaunted
disheart,dishearting,dishearted
dishearten,disheartening,disheartened
disheir,disheiring,disheired
dishelm,dishelming,dishelmed
disherit,disheriting,disherited
dishonnour,dishonnouring,dishonnoured
dishonor,dishonoring,dishonored
dishonour,dishonouring,dishonoured
dishorn,dishorning,dishorned
dishorse,dishorsing,dishorsed
dishouse,dishousing,dishoused
dishumor,dishumoring,dishumored
dishumour,dishumouring,dishumoured
disidentify,disidentifying,disidentified
disillusion,disillusioning,disillusioned
disillusionise,disillusionising,disillusionised
disillusionize,disillusionizing,disillusionized
disimbitter,disimbittering,disimbittered
disimpark,disimparking,disimparked
disimprison,disimprisoning,disimprisoned
disimprove,disimproving,disimproved
disincarcerate,disincarcerating,disincarcerated
disincarnate,disincarnating,disincarnated
disincentivise,disincentivising,disincentivised
disincentivize,disincentivizing,disincentivized
disincline,disinclining,disinclined
disinclose,disinclosing,disinclosed
disincorporate,disincorporating,disincorporated
disinfect,disinfecting,disinfected
disinfest,disinfesting,disinfested
disinflame,disinflaming,disinflamed
disinform,disinforming,disinformed
disinherit,disinheriting,disinherited
disinhibit,disinhibiting,disinhibited
disinhume,disinhuming,disinhumed
disinsect,disinsecting,disinsected
disinsure,disinsuring,disinsured
disintegrate,disintegrating,disintegrated
disinter,disinterring,disinterred
disinterest,disinteresting,disinterested
disintermediate,disintermediating,disintermediated
disinthral,disinthralling,disinthralled
disinthrall,disinthralling,disinthralled
disintricate,disintricating,disintricated
disinure,disinuring,disinured
disinvent,disinventing,disinvented
disinvest,disinvesting,disinvested
disinvigorate,disinvigorating,disinvigorated
disinvite,disinviting,disinvited
disinvolve,disinvolving,disinvolved
disject,disjecting,disjected
disjoin,disjoining,disjoined
disjoint,disjointing,disjointed
disk,disking,disked
disleaf,disleafing,disleafed
disleave,disleaving,disleaved
dislike,disliking,disliked
disliken,dislikening,dislikened
dislimb,dislimbing,dislimbed
dislimn,dislimning,dislimned
dislink,dislinking,dislinked
dislocate,dislocating,dislocated
dislodge,dislodging,dislodged
dismail,dismailing,dismailed
disman,dismanning,dismanned
dismantle,dismantling,dismantled
dismarch,dismarching,dismarched
dismarry,dismarrying,dismarried
dismask,dismasking,dismasked
dismast,dismasting,dismasted
dismay,dismaying,dismayed
dismember,dismembering,dismembered
dismembre,dismembring,dismembred
dismiss,dismissing,dismissed
dismortgage,dismortgaging,dismortgaged
dismount,dismounting,dismounted
dismutate,dismutating,dismutated
disnaturalize,disnaturalizing,disnaturalized
disneyfy,disneyfying,disneyfied
disobey,disobeying,disobeyed
disoblige,disobliging,disobliged
disorb,disorbing,disorbed
disordain,disordaining,disordained
disordre,disordring,disordred
disorganise,disorganising,disorganised
disorganize,disorganizing,disorganized
disorient,disorienting,disoriented
disorientate,disorientating,disorientated
disown,disowning,disowned
disoxidate,disoxidating,disoxidated
disoxygenate,disoxygenating,disoxygenated
dispace,dispacing,dispaced
dispair,dispairing,dispaired
dispand,dispanding,dispanded
disparage,disparaging,disparaged
dispark,disparking,disparked
disparkle,disparkling,disparkled
disparple,disparpling,disparpled
dispart,disparting,disparted
dispatch,dispatching,dispatched
dispauper,dispaupering,dispaupered
dispauperize,dispauperizing,dispauperized
dispeed,dispeeding,dispeeded
dispel,dispelling,dispelled
dispell,dispelling,dispelled
dispence,dispencing,dispenced
dispense,dispensing,dispensed
dispeople,dispeopling,dispeopled
disperge,disperging,disperged
disperple,disperpling,disperpled
disperse,dispersing,dispersed
dispirit,dispiriting,dispirited
dispise,dispising,dispised
displace,displacing,displaced
displant,displanting,displanted
display,displaying,displayed
disple,displing,displed
displease,displeasing,displeased
displenish,displenishing,displenished
displode,disploding,disploded
displume,displuming,displumed
dispone,disponing,disponed
disponge,disponging,disponged
dispope,dispoping,dispoped
disport,disporting,disported
dispose,disposing,disposed
disposit,dispositing,disposited
disposition,dispositioning,dispositioned
dispossess,dispossessing,dispossessed
dispost,disposting,disposted
dispraise,dispraising,dispraised
dispread,dispreading,dispreaded
disprefer,dispreferring,dispreferred
disprejudice,disprejudicing,disprejudiced
disprepare,dispreparing,disprepared
disprison,disprisoning,disprisoned
disprivilege,disprivileging,disprivileged
disprize,disprizing,disprized
disprofess,disprofessing,disprofessed
disprofit,disprofiting,disprofited
disproperty,dispropertying,dispropertied
disproportion,disproportioning,disproportioned
disproportionate,disproportionating,disproportionated
dispropriate,dispropriating,dispropriated
disprove,disproving,disproved
disprovide,disproviding,disprovided
dispunge,dispunging,dispunged
dispurpose,dispurposing,dispurposed
dispurse,dispursing,dispursed
dispurvey,dispurveying,dispurveyed
dispute,disputing,disputed
disqualify,disqualifying,disqualified
disquantity,disquantifying,disquantitied
disquiet,disquieting,disquieted
disquieten,disquietening,disquietened
disrange,disranging,disranged
disrank,disranking,disranked
disrate,disrating,disrated
disray,disraying,disrayed
disrealize,disrealizing,disrealized
disrecommend,disrecommending,disrecommended
disregard,disregarding,disregarded
disrelish,disrelishing,disrelished
disremember,disremembering,disremembered
disrepute,disreputing,disreputed
disrespect,disrespecting,disrespected
disreverence,disreverencing,disreverenced
disrobe,disrobing,disrobed
disroof,disroofing,disroofed
disroot,disrooting,disrooted
disrupt,disrupting,disrupted
diss,dissing,dissed
dissatisfy,dissatisfying,dissatisfied
dissave,dissaving,dissaved
disseat,disseating,disseated
dissect,dissecting,dissected
disseize,disseizing,disseized
dissemble,dissembling,dissembled
disseminate,disseminating,disseminated
dissent,dissenting,dissented
dissert,disserting,disserted
dissertate,dissertating,dissertated
disserve,disserving,disserved
dissettle,dissettling,dissettled
dissever,dissevering,dissevered
dissheathe,dissheathing,dissheathed
disship,disshipping,disshipped
dissimilate,dissimilating,dissimilated
dissimulate,dissimulating,dissimulated
dissimule,dissimuling,dissimuled
dissipate,dissipating,dissipated
disslander,disslandering,disslandered
dissocialize,dissocializing,dissocialized
dissociate,dissociating,dissociated
dissolve,dissolving,dissolved
dissonate,dissonating,dissonated
disspirit,disspiriting,disspirited
dissuade,dissuading,dissuaded
dissunder,dissundering,dissundered
dissyllabize,dissyllabizing,dissyllabized
distain,distaining,distained
distance,distancing,distanced
distantiate,distantiating,distantiated
distaste,distasting,distasted
distemper,distempering,distempered
distend,distending,distended
dister,disterring,disterred
disthrone,disthroning,disthroned
disthronize,disthronizing,disthronized
distil,distilling,distilled
distill,distilling,distilled
distinguish,distinguishing,distinguished
distitle,distitling,distitled
distort,distorting,distorted
distract,distracting,distracted
distrain,distraining,distrained
distream,distreaming,distreamed
distress,distressing,distressed
distribute,distributing,distributed
district,districting,districted
distrouble,distroubling,distroubled
distrust,distrusting,distrusted
distune,distuning,distuned
disturb,disturbing,disturbed
disturn,disturning,disturned
disunify,disunifying,disunified
disunite,disuniting,disunited
disuse,disusing,disused
disutilize,disutilizing,disutilized
disvalue,disvaluing,disvalued
disvelop,disveloping,disveloped
disvirgin,disvirgining,disvirgined
disvouch,disvouching,disvouched
diswarn,diswarning,diswarned
diswont,diswonting,diswonted
disworship,disworshipping,disworshipped
disyoke,disyoking,disyoked
dit,ditting,ditted
ditch,ditching,ditched
dite,diting,dited
dither,dithering,dithered
ditto,dittoing,dittoed
ditty,dittying,dittied
divagate,divagating,divagated
divaricate,divaricating,divaricated
divebomb,divebombing,divebombed
divel,divelling,divelled
divellicate,divellicating,divellicated
diverge,diverging,diverged
diversify,diversifying,diversified
divert,diverting,diverted
divertise,divertising,divertised
divest,divesting,divested
divide,dividing,divided
divine,divining,divined
divinify,divinifying,divinified
divinise,divinising,divinised
divinize,divinizing,divinized
divisionalize,divisionalizing,divisionalized
divorce,divorcing,divorced
divulgate,divulgating,divulgated
divulge,divulging,divulged
divvy,divvying,divvied
DIY,DIYing or DIY-ing,DIYed
dize,dizing,dized
dizen,dizening,dizened
dizz,dizzing,dizzed
dizzy,dizzying,dizzied
DJ,DJing,DJed
DL,DLing,DLed
DMCA,DMCAing,DMCAed
do,doing,did
doat,doating,doated
dob,dobbing,dobbed
dock,docking,docked
docket,docketing,docketed
dockise,dockising,dockised
dockize,dockizing,dockized
doctor,doctoring,doctored
doctorate,doctorating,doctorated
document,documenting,documented
dod,dodding,dodded
dodd,dodding,dodded
dodder,doddering,doddered
dodge,dodging,dodged
doff,doffing,doffed
dog,dogging,dogged
dog-ear,dog-earing,dog-eared
dog-paddle,dog-paddling,dog-paddled
dogear,dogearing,dogeared
dogfight,dogfighting,dogfought
dogfood,dogfooding,dogfooded
dogleg,doglegging,doglegged
dogmatize,dogmatizing,dogmatized
dognap,dognapping,dognapped
dogpile,dogpiling,dogpiled
dogsbody,dogsbodying,dogsbodied
dogsit,dogsitting,dogsat
dogsled,dogsledding,dogsledded
dogtrot,dogtrotting,dogtrotted
dogwhip,dogwhipping,dogwhipped
doink,doinking,doinked
Dolbyize,Dolbyizing,Dolbyized
dole,doling,doled
doll,dolling,dolled
dollarize,dollarizing,dollarized
dollop,dolloping,dolloped
dolly,dollying,dollied
dolt,dolting,dolted
dom,domming,dommed
domesticate,domesticating,domesticated
domesticize,domesticizing,domesticized
domicile,domiciling,domiciled
domiciliate,domiciliating,domiciliated
domify,domifying,domified
dominate,dominating,dominated
domineer,domineering,domineered
domino,dominoing,dominoed
don,donning,donned
donate,donating,donated
donk,donking,donked
donkey-punch,donkey-punching,donkey-punched
donkeypunch,donkeypunching,donkeypunched
donner,donnering,donnered
doodle,doodling,doodled
dook,dooking,dooked
doom,dooming,doomed
doomsay,doomsaying,doomsaid
door,dooring,doored
doorbell,doorbelling,doorbelled
doorknock,doorknocking,doorknocked
doorstep,doorstepping,doorstepped
dop,dopping,dopped
dope,doping,doped
dorkify,dorkifying,dorkified
dorsalize,dorsalizing,dorsalized
dorsiflex,dorsiflexing,dorsiflexed
dosado,dosadoing,dosadoed
dose,dosing,dosed
doss,dossing,dossed
dot,dotting,dotted
dote,doting,doted
double,doubling,doubled
double-bank,double-banking,double-banked
double-bluff,double-bluffing,double-bluffed
double-book,double-booking,double-booked
double-check,double-checking,double-checked
double-click,double-clicking,double-clicked
double-cross,double-crossing,double-crossed
double-deal,double-dealing,double-dealt
double-declutch,double-declutching,double-declutched
double-dip,double-dipping,double-dipped
double-end,double-ending,double-ended
double-fault,double-faulting,double-faulted
double-park,double-parking,double-parked
double-quick,double-quicking,double-quicked
double-quote,double-quoting,double-quoted
double-shot,double-shotting,double-shotted
double-team,double-teaming,double-teamed
double-time,double-timing,double-timed
doublecheck,doublechecking,doublechecked
doublecross,doublecrossing,doublecrossed
doubletrack,doubletracking,doubletracked
doubt,doubting,doubted
douche,douching,douched
dough,doughing,doughed
douse,dousing,doused
doust,dousting,dousted
dout,douting,douted
dovetail,dovetailing,dovetailed
dowdify,dowdifying,dowdified
dowel,dowelling,dowelled
dower,dowering,dowered
down,downing,downed
downarg,downarging,downarged
downbear,downbearing,downbore
downclimb,downclimbing,downclimbed
downclock,downclocking,downclocked
downcome,downcoming,downcame
downcycle,downcycling,downcycled
downdraw,downdrawing,downdrew
downface,downfacing,downfaced
downfall,downfalling,downfell
downfault,downfaulting,downfaulted
downgauge,downgauging,downgauged
downgrade,downgrading,downgraded
downlink,downlinking,downlinked
downlist,downlisting,downlisted
download,downloading,downloaded
downmix,downmixing,downmixed
downmodulate,downmodulating,downmodulated
downplay,downplaying,downplayed
downpour,downpouring,downpoured
downpress,downpressing,downpressed
downrank,downranking,downranked
downrate,downrating,downrated
downregulate,downregulating,downregulated
downrush,downrushing,downrushed
downsample,downsampling,downsampled
downscale,downscaling,downscaled
downselect,downselecting,downselected
downshift,downshifting,downshifted
downsize,downsizing,downsized
downstroy,downstroying,downstroyed
downtone,downtoning,downtoned
downtrod,downtrodding,downtrod
downvote,downvoting,downvoted
downweigh,downweighing,downweighed
downzone,downzoning,downzoned
dowry,dowrying,dowried
dowse,dowsing,dowsed
dox,doxing,doxed
doxologize,doxologizing,doxologized
doze,dozing,dozed
drab,drabbing,drabbed
drabble,drabbling,drabbled
draft,drafting,drafted
drag,dragging,"dragged or, in some dialects, drug"
draggle,draggling,draggled
dragnet,dragnetting,dragnetted
dragoon,dragooning,dragooned
drail,drailing,drailed
drain,draining,drained
dram,dramming,drammed
dramatise,dramatising,dramatised
dramatize,dramatizing,dramatized
drape,draping,draped
drat,dratting,dratted
draught,draughting,draughted
draughtproof,draughtproofing,draughtproofed
draw,drawing,drew
drawbore,drawboring,drawbored
drawknife,drawknifing,drawknifed
drawl,drawling,drawled
dread,dreading,dreaded
dreadlock,dreadlocking,dreadlocked
dredge,dredging,dredged
dree,dreeing,dreed
dreep,dreeping,dreeped
drein,dreining,dreined
drench,drenching,drenched
drenche,drenching,drenched
dress,dressing,dressed
dretch,dretching,dretched
dreul,dreuling,dreuled
dreve,dreving,dreved
drib,dribbing,dribbed
dribble,dribbling,dribbled
drift,drifting,drifted
driftnet,driftnetting,driftnetted
drill,drilling,drilled
drinck,drincking,dranck
drinkle,drinkling,drinkled
drip,dripping,dripped
drip-dry,drip-drying,drip-dried
drite,driting,drate
drizzle,drizzling,drizzled
droil,droiling,droiled
droll,drolling,drolled
drone,droning,droned
drool,drooling,drooled
droop,drooping,drooped
drop,dropping,dropped
drop-kick,drop-kicking,drop-kicked
dropkick,dropkicking,dropkicked
dropship,dropshipping,dropshipped
dross,drossing,drossed
drove,droving,droved
drown,drowning,drowned
drownd,drownding,drownded
drowse,drowsing,drowsed
droyle,droyling,droyled
drub,drubbing,drubbed
drudge,drudging,drudged
drug,drugging,drugged
drum,drumming,drummed
drumble,drumbling,drumbled
dry,drying,dried
dry-clean,dry-cleaning,dry-cleaned
dry-fire,dry-firing,dry-fired
dry-gulch,dry-gulching,dry-gulched
dry-heave,dry-heaving,dry-heaved
dry-hump,dry-humping,dry-humped
dry-tool,dry-tooling,dry-tooled
dryclean,drycleaning,drycleaned
drydock,drydocking,drydocked
dryfire,dryfiring,dryfired
drygulch,drygulching,drygulched
drynurse,drynursing,drynursed
drywall,drywalling,drywalled
dualise,dualising,dualised
dualize,dualizing,dualized
dub,dubbing,dubbed
dubitate,dubitating,dubitated
duchess,duchessing,duchessed
duck,ducking,ducked
duckwalk,duckwalking,duckwalked
duct,ducting,ducted
dudder,duddering,duddered
dude,duding,duded
duet,dueting,dueted
duff,duffing,duffed
duke,duking,duked
dulce,dulcing,dulced
dulcify,dulcifying,dulcified
dulcorate,dulcorating,dulcorated
dull,dulling,dulled
dumb,dumbing,dumbed
dumben,dumbening,dumbened
dumbfound,dumbfounding,dumbfounded
dumbsize,dumbsizing,dumbsized
dumfound,dumfounding,dumfounded
dumfounder,dumfoundering,dumfoundered
dummy,dummying,dummied
dump,dumping,dumped
dumple,dumpling,dumpled
dun,dunning,dunned
dunch,dunching or dunchin,dunched
duncify,duncifying,duncified
dung,dunging,dunged
dunk,dunking,dunked
dunsh,dunshin,dunshed
dunt,dunting,dunted
dup,dupping,dupped
dupe,duping,duped
duplex,duplexing,duplexed
duplicate,duplicating,duplicated
dure,during,dured
duress,duressing,duressed
dush,dushing,dushed
dusk,dusking,dusked
dusken,duskening,duskened
dust,dusting,dusted
Dutchify,Dutchifying,Dutchified
dwale,dwaling,dwaled
dwarf,dwarfing,dwarfed
dwindle,dwindling,dwindled
dwine,dwining,dwined
dwual,dwualing,dwualed
dyb,dybbing,dybbed
dye,dyeing,dyed
dynamise,dynamising,dynamised
dynamite,dynamiting,dynamited
dynamize,dynamizing,dynamized
dyslexify,dyslexifying,dyslexified
dysphemize,dysphemizing,dysphemized
dysregulate,dysregulating,dysregulated
e-mail,e-mailing,e-mailed
e-mentor,e-mentoring,e-mentored
eagle,eagling,eagled
ean,eaning,eaned
ear,earing,eared
earmark,earmarking,earmarked
earn,earning,earned
earnest,earnesting,earnested
earplug,earplugging,earplugged
earth,earthing,earthed
Earthscape,Earthscaping,Earthscaped
earwig,earwigging,earwigged
ease,easing,eased
easternise,easternising,easternised
easternize,easternizing,easternized
eavesdrop,eavesdropping,eavesdropped
eBay,eBaying,eBayed
ebb,ebbing,ebbed
ebonise,ebonising,ebonised
ebonize,ebonizing,ebonized
ebulliate,ebulliating,ebulliated
eccentricate,eccentricating,eccentricated
ecchymose,ecchymosing,ecchymosed
eche,eching,eched
echelon,echeloning,echeloned
echo,echoing,echoed
echolocate,echolocating,echolocated
echoplex,echoplexing,echoplexed
eckle,eckling,eckled
eclaircise,eclaircising,eclaircised
eclecticise,eclecticising,eclecticised
eclipse,eclipsing,eclipsed
eclose,eclosing,eclosed
economise,economising,economised
economize,economizing,economized
ecycle,ecycling,ecycled
edder,eddering,eddered
eddy,eddying,eddied
Edenize,Edenizing,Edenized
edge,edging,edged
edify,edifying,edified
edit,editing,edited
editionalise,editionalising,editionalised
editionalize,editionalizing,editionalized
editorialise,editorialising,editorialised
editorialize,editorializing,editorialized
educamate,educamating,educamated
educate,educating,educated
educationalize,educationalizing,educationalized
educe,educing,educed
edulcorate,edulcorating,edulcorated
edumacate,edumacating,edumacated
edutain,edutaining,edutained
eef,eefing,eefed
eeke,eeking,eeked
eel,eeling,eeled
eep,eeping,eeped
eff,effing,effed
efface,effacing,effaced
effascinate,effascinating,effascinated
effect,effecting,effected
effectuate,effectuating,effectuated
effeminate,effeminating,effeminated
effeminize,effeminizing,effeminized
effervesce,effervescing,effervesced
effigiate,effigiating,effigiated
efflagitate,efflagitating,efflagitated
efflate,efflating,efflated
effloresce,efflorescing,effloresced
effluviate,effluviating,effluviated
efflux,effluxing,effluxed
efforce,efforcing,efforced
efform,efforming,efformed
effort,efforting,efforted
effranchise,effranchising,effranchised
effront,effronting,effronted
effulge,effulging,effulged
effume,effuming,effumed
effund,effunding,effunded
effuse,effusing,effused
egerminate,egerminating,egerminated
egest,egesting,egested
egg,egging,egged
eglomerate,eglomerating,eglomerated
egocast,egocasting,egocasted
egoscan,egoscanning,egoscanned
egosurf,egosurfing,egosurfed
egotize,egotizing,egotized
egress,egressing,egressed
Egyptianize,Egyptianizing,Egyptianized
Egyptize,Egyptizing,Egyptized
eight-ball,eight-balling,eight-balled
eighty-six,eighty-sixing,eighty-sixed
eisegete,eisegeting,eisegeted
ejaculate,ejaculating,ejaculated
eject,ejecting,ejected
eke,eking,eked
elaborate,elaborating,elaborated
elance,elancing,elanced
elapse,elapsing,elapsed
elasticate,elasticating,elasticated
elasticise,elasticising,elasticised
elasticize,elasticizing,elasticized
elate,elating,elated
elbow,elbowing,elbowed
eld,elding,elded
elden,eldening,eldened
elect,electing,elected
electioneer,electioneering,electioneered
electricize,electricizing,electricized
electrify,electrifying,electrified
electrize,electrizing,electrized
electroblot,electroblotting,electroblotted
electrocauterize,electrocauterizing,electrocauterized
electrocute,electrocuting,electrocuted
electrodeposit,electrodepositing,electrodeposited
electrofuse,electrofusing,electrofused
electrolyse,electrolysing,electrolysed
electrolyze,electrolyzing,electrolyzed
electrophorese,electrophoresing,electrophoresed
electroplate,electroplating,electroplated
electroshock,electroshocking,electroshocked
electrostimulate,electrostimulating,electrostimulated
electrotype,electrotyping,electrotyped
elegise,elegising,elegised
elegize,elegizing,elegized
elenchize,elenchizing,elenchized
elevate,elevating,elevated
elicit,eliciting,elicited
elicitate,elicitating,elicitated
elide,eliding,elided
elimate,elimating,elimated
eliminate,eliminating,eliminated
eliquate,eliquating,eliquated
elix,elixing,elixed
elixate,elixating,elixated
ellipse,ellipsing,ellipsed
ellipt,ellipting,ellipted
ellisize,ellisizing,ellisized
elne,elning,elned
elocute,elocuting,elocuted
eloign,eloigning,eloigned
eloignate,eloignating,eloignated
eloin,eloining,eloined
elong,elonging,elonged
elongate,elongating,elongated
elope,eloping,eloped
elt,elting,elted
elucidate,elucidating,elucidated
elucubrate,elucubrating,elucubrated
elude,eluding,eluded
elute,eluting,eluted
elutriate,elutriating,elutriated
eluviate,eluviating,eluviated
emacerate,emacerating,emacerated
emaciate,emaciating,emaciated
emaculate,emaculating,emaculated
email,emailing,emailed
emanate,emanating,emanated
emancipate,emancipating,emancipated
emarginate,emarginating,emarginated
emasculate,emasculating,emasculated
embale,embaling,embaled
emball,emballing,emballed
embalm,embalming,embalmed
embank,embanking,embanked
embar,embarring,embarred
embarge,embarging,embarged
embargo,embargoing,embargoed
embark,embarking,embarked
embarn,embarning,embarned
embarrass,embarrassing,embarrassed
embase,embasing,embased
embastardize,embastardizing,embastardized
embathe,embathing,embathed
embattail,embattailing,embattailed
embattle,embattling,embattled
embay,embaying,embayed
embeam,embeaming,embeamed
embed,embedding,embedded
embellish,embellishing,embellished
embetter,embettering,embettered
embezzle,embezzling,embezzled
embiggen,embiggening,embiggened
embillow,embillowing,embillowed
embitter,embittering,embittered
emblanch,emblanching,emblanched
emblaze,emblazing,emblazed
emblazon,emblazoning,emblazoned
emblematicize,emblematicizing,emblematicized
emblematize,emblematizing,emblematized
emblemize,emblemizing,emblemized
embliss,emblissing,emblissed
embloom,emblooming,embloomed
emblossom,emblossoming,emblossomed
embody,embodying,embodied
embogue,emboguing,embogued
emboil,emboiling,emboiled
embolden,emboldening,emboldened
embondage,embondaging,embondaged
emborder,embordering,embordered
embosom,embosoming,embosomed
emboss,embossing,embossed
embottle,embottling,embottled
embow,embowing,embowed
embower,embowering,embowered
embowl,embowling,embowled
embox,emboxing,emboxed
embrace,embracing,embraced
embraid,embraiding,embraided
embrangle,embrangling,embrangled
embrave,embraving,embraved
embrew,embrewing,embrewed
embrighten,embrightening,embrightened
embrine,embrining,embrined
embrittle,embrittling,embrittled
embrocate,embrocating,embrocated
embroid,embroiding,embroided
embroider,embroidering,embroidered
embroil,embroiling,embroiled
embronze,embronzing,embronzed
embrown,embrowning,embrowned
embrue,embruing,embrued
embrute,embruting,embruted
embugger,embuggering,embuggered
emburse,embursing,embursed
embus,embussing,embussed
embush,embushing,embushed
embusy,embusying,embusied
emcee,emceeing,emceed
emend,emending,emended
emendate,emendating,emendated
emendicate,emendicating,emendicated
emerge,emerging,emerged
emigrate,emigrating,emigrated
emit,emitting,emitted
emmantle,emmantling,emmantled
emmarble,emmarbling,emmarbled
emmew,emmewing,emmewed
emmove,emmoving,emmoved
emolliate,emolliating,emolliated
emote,emoting,emoted
emotionalise,emotionalising,emotionalised
emotionalize,emotionalizing,emotionalized
emove,emoving,emoved
empair,empairing,empaired
empale,empaling,empaled
emparadise,emparadising,emparadised
empark,emparking,emparked
empassion,empassioning,empassioned
empathise,empathising,empathised
empathize,empathizing,empathized
empawn,empawning,empawned
empeach,empeaching,empeached
empearl,empearling,empearled
empeople,empeopling,empeopled
emphasise,emphasising,emphasised
emphasize,emphasizing,emphasized
empierce,empiercing,empierced
emplace,emplacing,emplaced
emplane,emplaning,emplaned
emplant,emplanting,emplanted
emplead,empleading,empleaded
emplore,emploring,emplored
employ,employing,employed
emplunge,emplunging,emplunged
empoison,empoisoning,empoisoned
empolder,empoldering,empoldered
empose,emposing,emposed
empoverish,empoverishing,empoverished
empower,empowering,empowered
empowre,empowring,empowred
empress,empressing,empressed
emprint,emprinting,emprinted
emprise,emprising,emprised
emprison,emprisoning,emprisoned
emprove,emproving,emproved
empty,emptying,emptied
empugn,empugning,empugned
empurple,empurpling,empurpled
empuzzle,empuzzling,empuzzled
emulate,emulating,emulated
emule,emuling,emuled
emulge,emulging,emulged
emulsify,emulsifying,emulsified
emvowel,emvowelling,emvowelled
enable,enabling,enabled
enact,enacting,enacted
enambush,enambushing,enambushed
enamor,enamoring,enamored
enamour,enamouring,enamoured
enantioenrich,enantioenriching,enantioenriched
enarch,enarching,enarched
enarmor,enarmoring,enarmored
enarmour,enarmouring,enarmoured
enavigate,enavigating,enavigated
enbibe,enbibing,enbibed
enbliss,enblissing,enblissed
enblow,enblowing,enblew
encage,encaging,encaged
encamp,encamping,encamped
encanker,encankering,encankered
encapsidate,encapsidating,encapsidated
encapsulate,encapsulating,encapsulated
encaptivate,encaptivating,encaptivated
encapture,encapturing,encaptured
encarnalize,encarnalizing,encarnalized
encase,encasing,encased
encash,encashing,encashed
encasket,encasketing,encasketed
encave,encaving,encaved
encephalize,encephalizing,encephalized
enchafe,enchafing,enchafed
enchain,enchaining,enchained
enchannel,enchanneling,enchanneled
enchant,enchanting,enchanted
encharge,encharging,encharged
enchase,enchasing,enchased
enchasten,enchastening,enchastened
enchaunt,enchaunting,enchaunted
encheer,encheering,encheered
enchisel,enchiselling,enchiselled
encipher,enciphering,enciphered
encircle,encircling,encircled
encise,encising,encised
encite,enciting,encited
enclasp,enclasping,enclasped
enclave,enclaving,enclaved
encline,enclining,enclined
encloister,encloistering,encloistered
enclose,enclosing,enclosed
enclothe,enclothing,enclothed
encloud,enclouding,enclouded
enclude,encluding,encluded
encoach,encoaching,encoached
encode,encoding,encoded
encoffin,encoffining,encoffined
encolden,encoldening,encoldened
encolour,encolouring,encoloured
encomber,encombering,encombered
encompass,encompassing,encompassed
encore,encoring,encored
encounter,encountering,encountered
encountre,encountring,encountred
encourage,encouraging,encouraged
encowl,encowling,encowled
encradle,encradling,encradled
encrease,encreasing,encreased
encrimson,encrimsoning,encrimsoned
encroach,encroaching,encroached
encrust,encrusting,encrusted
encrypt,encrypting,encrypted
enculturate,enculturating,enculturated
encumber,encumbering,encumbered
encunt,encunting,encunted
encur,encurring,encurred
encurtain,encurtaining,encurtained
encyst,encysting,encysted
end,ending,ended
endamage,endamaging,endamaged
endamnify,endamnifying,endamnified
endanger,endangering,endangered
endark,endarking,endarked
endarken,endarkening,endarkened
endart,endarting,endarted
endaunger,endaungering,endaungered
endazzle,endazzling,endazzled
endear,endearing,endeared
endeavor,endeavoring,endeavored
endeavour,endeavouring,endeavoured
endenize,endenizing,endenized
endenizen,endenizening,endenizened
endenture,endenturing,endentured
endict,endicting,endicted
endite,enditing,endited
endizen,endizening,endizened
endoctrine,endoctrining,endoctrined
endocytose,endocytosing,endocytosed
endogenise,endogenising,endogenised
endogenize,endogenizing,endogenized
endolour,endolouring,endoloured
endome,endoming,endomed
endorse,endorsing,endorsed
endoss,endossing,endossed
endow,endowing,endowed
endower,endowering,endowered
endplay,endplaying,endplayed
endree,endreeing,endreeed
endrudge,endrudging,endrudged
endue,enduing,endued
enduer,enduering,enduered
endungeon,endungeoning,endungeoned
endure,enduring,endured
enecate,enecating,enecated
energise,energising,energised
energize,energizing,energized
enervate,enervating,enervated
enerve,enerving,enerved
enfame,enfaming,enfamed
enfamish,enfamishing,enfamished
enfasten,enfastening,enfastened
enfeeble,enfeebling,enfeebled
enfeoff,enfeoffing,enfeoffed
enfetter,enfettering,enfettered
enfever,enfevering,enfevered
enfilade,enfilading,enfiladed
enfire,enfiring,enfired
enflame,enflaming,enflamed
enflesh,enfleshing,enfleshed
enflower,enflowering,enflowered
enfold,enfolding,enfolded
enforce,enforcing,enforced
enforest,enforesting,enforested
enform,enforming,enformed
enframe,enframing,enframed
enfranchise,enfranchising,enfranchised
enfranchize,enfranchizing,enfranchized
enfree,enfreeing,enfreed
enfreedom,enfreedoming,enfreedomed
enfreeze,enfreezing,enfroze
enfringe,enfringing,enfringed
engage,engaging,engaged
engaol,engaoling,engaoled
engarland,engarlanding,engarlanded
engarrison,engarrisoning,engarrisoned
engender,engendering,engendered
engendre,engendring,engendred
engild,engilding,engilded
engine,engining,engined
engineer,engineering,engineered
engird,engirding,engirded
engirdle,engirdling,engirdled
engirt,engirting,engirted
engladden,engladdening,engladdened
englamour,englamouring,englamoured
engle,engling,engled
English,Englishing,Englished
englobe,englobing,englobed
engloom,englooming,engloomed
englue,engluing,englued
englut,englutting,englutted
engolden,engoldening,engoldened
engore,engoring,engored
engorge,engorging,engorged
engraff,engraffing,engraffed
engraft,engrafting,engrafted
engrail,engrailing,engrailed
engrain,engraining,engrained
engrapple,engrappling,engrappled
engrasp,engrasping,engrasped
engrave,engraving,engraved
engraven,engravening,engravened
engreaten,engreatening,engreatened
engrieve,engrieving,engrieved
engroove,engrooving,engrooved
engross,engrossing,engrossed
enguard,enguarding,enguarded
engulf,engulfing,engulfed
engulph,engulphing,engulphed
engyve,engyving,engyved
enhabit,enhabiting,enhabited
enhalo,enhaloing,enhaloed
enhance,enhancing,enhanced
enharbour,enharbouring,enharboured
enharden,enhardening,enhardened
enhaunce,enhauncing,enhaunced
enhearten,enheartening,enheartened
enhedge,enhedging,enhedged
enhoney,enhoneying,enhoneyed
enhort,enhorting,enhorted
enhunger,enhungering,enhungered
enigmatize,enigmatizing,enigmatized
enioy,enioying,enioyed
enisle,enisling,enisled
enjail,enjailing,enjailed
enjoin,enjoining,enjoined
enjoy,enjoying,enjoyed
enkindle,enkindling,enkindled
enkitten,enkittening,enkittened
enlace,enlacing,enlaced
enlard,enlarding,enlarded
enlarge,enlarging,enlarged
enlargen,enlargening,enlargened
enlay,enlaying,enlaid
enleague,enleaguing,enleagued
enlengthen,enlengthening,enlengthened
enlessen,enlessening,enlessened
enlight,enlighting,enlighted
enlighten,enlightening,enlightened
enlimn,enlimning,enlimned
enlink,enlinking,enlinked
enlist,enlisting,enlisted
enlive,enliving,enlived
enliven,enlivening,enlivened
enlock,enlocking,enlocked
enlumine,enlumining,enlumined
enlute,enluting,enluted
enmarble,enmarbling,enmarbled
enmesh,enmeshing,enmeshed
enmew,enmewing,enmewed
enmire,enmiring,enmired
enmist,enmisting,enmisted
enmove,enmoving,enmoved
enmuffle,enmuffling,enmuffled
enmure,enmuring,enmured
ennew,ennewing,ennewed
enniche,enniching,enniched
ennoble,ennobling,ennobled
enode,enoding,enoded
enounce,enouncing,enounced
enpatron,enpatroning,enpatroned
enpierce,enpiercing,enpierced
enplane,enplaning,enplaned
enprison,enprisoning,enprisoned
enquere,enquering,enquered
enqueue,enqueuing or enqueueing,enqueued
enquicken,enquickening,enquickened
enquire,enquiring,enquired
enquote,enquoting,enquoted
enrace,enracing,enraced
enrage,enraging,enraged
enrange,enranging,enranged
enrank,enranking,enranked
enrapture,enrapturing,enraptured
enravish,enravishing,enravished
enregister,enregistering,enregistered
enrheum,enrheuming,enrheumed
enrich,enriching,enriched
enrichen,enrichening,enrichened
enridge,enridging,enridged
enring,enringing,enringed
enripen,enripening,enripened
enrobe,enrobing,enrobed
enrol,enrolling,enrolled
enroll,enrolling,enrolled
enroot,enrooting,enrooted
enround,enrounding,enrounded
ensafe,ensafing,ensafed
ensample,ensampling,ensampled
ensanguine,ensanguining,ensanguined
enscale,enscaling,enscaled
enschedule,enscheduling,enscheduled
ensconce,ensconcing,ensconced
enseal,ensealing,ensealed
enseam,enseaming,enseamed
ensear,ensearing,enseared
ensearch,ensearching,ensearched
enseel,enseeling,enseeled
ensepulcher,ensepulchering,ensepulchered
ensepulchre,ensepulchring,ensepulchred
enserf,enserfing,enserfed
enshackle,enshackling,enshackled
enshadow,enshadowing,enshadowed
ensheath,ensheathing,ensheathed
ensheathe,ensheathing,ensheathed
enshelter,ensheltering,ensheltered
enshield,enshielding,enshielded
enshrine,enshrining,enshrined
enshroud,enshrouding,enshrouded
ensign,ensigning,ensigned
ensilage,ensilaging,ensilaged
ensile,ensiling,ensiled
ensky,enskying,enskied
enslave,enslaving,enslaved
ensmallen,ensmallening,ensmallened
ensnare,ensnaring,ensnared
ensnarl,ensnarling,ensnarled
ensober,ensobering,ensobered
ensonify,ensonifying,ensonified
ensorcel,ensorceling,ensorceled
ensorcell,ensorcelling,ensorcelled
ensoul,ensouling,ensouled
enspect,enspecting,enspected
enspell,enspelling,enspelled
ensphere,ensphering,ensphered
enstall,enstalling,enstalled
enstamp,enstamping,enstamped
enstate,enstating,enstated
enstore,enstoring,enstored
enstraighten,enstraightening,enstraightened
enstraiten,enstraitening,enstraitened
enstrengthen,enstrengthening,enstrengthened
enstrew,enstrewing,enstrewed
enstyle,enstyling,enstyled
ensue,ensuing,ensued
ensure,ensuring,ensured
enswathe,enswathing,enswathed
ensweep,ensweeping,enswept
ensweeten,ensweetening,ensweetened
ent,enting,ented
entail,entailing,entailed
entame,entaming,entamed
entangel,entangeling,entangeled
entangle,entangling,entangled
entend,entending,entended
entender,entendering,entendered
enter,entering,entered
enterest,enteresting,enterested
enterfere,enterfering,enterfered
enterlace,enterlacing,enterlaced
entermete,entermeting,entermeted
enterplead,enterpleading,enterpleaded
enterprise,enterprising,enterprised
entertain,entertaining,entertained
entertake,entertaking,entertook
enthral,enthralling,enthralled
enthrall,enthralling,enthralled
enthrill,enthrilling,enthrilled
enthrone,enthroning,enthroned
enthronise,enthroniseing,enthroniseed
enthronize,enthronizing,enthronized
enthuse,enthusing,enthused
entice,enticing,enticed
entise,entising,entised
entitize,entitizing,entitized
entitle,entitling,entitled
entitule,entituling,entituled
entoil,entoiling,entoiled
entomb,entombing,entombed
entomologize,entomologizing,entomologized
entrail,entrailing,entrailed
entrain,entraining,entrained
entrance,entrancing,entranced
entrap,entrapping,entrapped
entre,entring,entred
entreat,entreating,entreated
entrench,entrenching,entrenched
entrigue,entriguing,entrigued
entrust,entrusting,entrusted
entune,entuning,entuned
enturbulate,enturbulating,enturbulated
entwin,entwinning,entwinned
entwine,entwining,entwined
entwist,entwisting,entwisted
entwite,entwiting,entwited
enubilate,enubilating,enubilated
enucleate,enucleating,enucleated
enumerate,enumerating,enumerated
enunciate,enunciating,enunciated
enure,enuring,enured
envassal,envassaling,envassaled
envault,envaulting,envaulted
enveigle,enveigling,enveigled
enveil,enveiling,enveiled
envelop,enveloping,enveloped
envelope,enveloping,enveloped
envenime,enveniming,envenimed
envenom,envenoming,envenomed
envenomate,envenomating,envenomated
envermeil,envermeiling,envermeiled
envie,envying,envied
envigor,envigoring,envigored
envigorate,envigorating,envigorated
envigourate,envigourating,envigourated
environ,environing,environed
envisage,envisaging,envisaged
envision,envisioning,envisioned
envoke,envoking,envoked
envolume,envoluming,envolumed
envolve,envolving,envolved
envy,envying,envied
enwall,enwalling,enwalled
enweaken,enweakening,enweakened
enwheel,enwheeling,enwheeled
enwiden,enwidening,enwidened
enwind,enwinding,enwound
enwisen,enwisening,enwisened
enwoman,enwomaning,enwomaned
enwomb,enwombing,enwombed
enwrap,enwrapping,enwrapped
enwreathe,enwreathing,enwreathed
enwrite,enwriting,enwrote
enzone,enzoning,enzoned
epicurize,epicurizing,epicurized
epigrammatize,epigrammatizing,epigrammatized
epilate,epilating,epilated
epilogize,epilogizing,epilogized
epiloguize,epiloguizing,epiloguized
epimerize,epimerizing,epimerized
episcopize,episcopizing,episcopized
epistle,epistling,epistled
epistolize,epistolizing,epistolized
epitaph,epitaphing,epitaphed
epithelialize,epithelializing,epithelialized
epitomise,epitomising,epitomised
epitomize,epitomizing,epitomized
eponymize,eponymizing,eponymized
epoxidise,epoxidising,epoxidised
epoxidize,epoxidizing,epoxidized
equalise,equalising,equalised
equalize,equalizing,equalized
equate,equating,equated
equibalance,equibalancing,equibalanced
equidistribute,equidistributing,equidistributed
equilibrate,equilibrating,equilibrated
equilibrize,equilibrizing,equilibrized
equip,equipping,equipped
equiparate,equiparating,equiparated
equipartition,equipartitioning,equipartitioned
equipoise,equipoising,equipoised
equiponderate,equiponderating,equiponderated
equitize,equitizing,equitized
equivalate,equivalating,equivalated
equivale,equivaling,equivaled
equivalence,equivalencing,equivalenced
equivalent,equivalenting,equivalented
equivalise,equivalising,equivalised
equivalue,equivaluing,equivalued
equivocate,equivocating,equivocated
er,erring,erred
eradiate,eradiating,eradiated
eradicate,eradicating,eradicated
erase,erasing,erased
erect,erecting,erected
eright,erighting,erighted
erme,erming,ermed
ermine,ermining,ermined
ern,erning,erned
erode,eroding,eroded
erogate,erogating,erogated
eroticise,eroticising,eroticised
eroticize,eroticizing,eroticized
erotise,erotising,erotised
erotize,erotizing,erotized
err,erring,erred
errand,erranding,erranded
error,erroring,errored
ert,erting,erted
eruct,eructing,eructed
eructate,eructating,eructated
erudiate,erudiating,erudiated
erupt,erupting,erupted
escalade,escalading,escaladed
escalate,escalating,escalated
escape,escaping,escaped
escarp,escarping,escarped
escheat,escheating,escheated
eschew,eschewing,eschewed
escort,escorting,escorted
escribe,escribing,escribed
escrow,escrowing,escrowed
esloin,esloining,esloined
espalier,espaliering,espaliered
espouse,espousing,espoused
esprise,esprising,esprised
espy,espying,espied
esquire,esquiring,esquired
essay,essaying,essayed
essentialize,essentializing,essentialized
essentiate,essentiating,essentiated
essoign,essoigning,essoigned
essoin,essoining,essoined
establish,establishing,established
esteem,esteeming,esteemed
esterify,esterifying,esterified
estheticise,estheticising,estheticised
estheticize,estheticizing,estheticized
estimate,estimating,estimated
estivate,estivating,estivated
estop,estopping,estopped
estrange,estranging,estranged
estrangle,estrangling,estrangled
estray,estraying,estrayed
estreat,estreating,estreated
estruate,estruating,estruated
estuate,estuating,estuated
etch,etching,etched
eternalise,eternalising,eternalised
eternalize,eternalizing,eternalized
eternify,eternifying,eternified
eternize,eternizing,eternized
ether,ethering,ethered
etherealise,etherealising,etherealised
etherealize,etherealizing,etherealized
etherify,etherifying,etherified
etherise,etherising,etherised
etherize,etherizing,etherized
ethify,ethifying,ethified
ethnicize,ethnicizing,ethnicized
ethnize,ethnizing,ethnized
ethoxylate,ethoxylating,ethoxylated
ethylate,ethylating,ethylated
etiolate,etiolating,etiolated
ettle,ettling,ettled
etymologise,etymologising,etymologised
etymologize,etymologizing,etymologized
euchre,euchring,euchred
euhemerize,euhemerizing,euhemerized
eulogise,eulogising,eulogised
eulogize,eulogizing,eulogized
eunuchate,eunuchating,eunuchated
euphemise,euphemising,euphemised
euphemize,euphemizing,euphemized
euphonise,euphonising,euphonised
euphonize,euphonizing,euphonized
euphuize,euphuizing,euphuized
euroize,euroizing,euroized
Europeanise,Europeanising,Europeanised
Europeanize,Europeanizing,Europeanized
euth,euthing,euthed
euthanase,euthanasing,euthanased
euthanatise,euthanatising,euthanatised
euthanatize,euthanatizing,euthanatized
euthanaze,euthanazing,euthanazed
euthanise,euthanising,euthanised
euthanize,euthanizing,euthanized
eutrophicate,eutrophicating,eutrophicated
evacate,evacating,evacated
evacuate,evacuating,evacuated
evade,evading,evaded
evaginate,evaginating,evaginated
evaluate,evaluating,evaluated
evanesce,evanescing,evanesced
evangelise,evangelising,evangelised
evangelize,evangelizing,evangelized
evanish,evanishing,evanished
evaporate,evaporating,evaporated
evapourate,evapourating,evapourated
eve,eving,eved
even,evening,evened
evene,evening,evened
eventerate,eventerating,eventerated
eventify,eventifying,eventified
eventilate,eventilating,eventilated
eventuate,eventuating,eventuated
evergreen,evergreening,evergreened
everlast,everlasting,everlasted
everlive,everliving,everlived
everse,eversing,eversed
evert,everting,everted
evesdrop,evesdropping,evesdropped
evestigate,evestigating,evestigated
evibrate,evibrating,evibrated
evict,evicting,evicted
evidence,evidencing,evidenced
evidentiate,evidentiating,evidentiated
evil-eye,evil-eyeing,evil-eyed
evince,evincing,evinced
evirate,evirating,evirated
eviscerate,eviscerating,eviscerated
evitate,evitating,evitated
evite,eviting,evited
evocate,evocating,evocated
evoke,evoking,evoked
evolve,evolving,evolved
evomit,evomiting,evomited
evulgate,evulgating,evulgated
ewte,ewting,ewted
ex,exing,exed
exacerbate,exacerbating,exacerbated
exacinate,exacinating,exacinated
exact,exacting,exacted
exacuate,exacuating,exacuated
exaggerate,exaggerating,exaggerated
exagitate,exagitating,exagitated
exalt,exalting,exalted
examin,examining,examined
examine,examining,examined
example,exampling,exampled
exanimate,exanimating,exanimated
exantlate,exantlating,exantlated
exarate,exarating,exarated
exasperate,exasperating,exasperated
exauctorate,exauctorating,exauctorated
exaugurate,exaugurating,exaugurated
exauthorate,exauthorating,exauthorated
exauthorize,exauthorizing,exauthorized
excamb,excambing,excambed
excambie,excambying,excambied
excarnate,excarnating,excarnated
excarnificate,excarnificating,excarnificated
excavate,excavating,excavated
excave,excaving,excaved
excecate,excecating,excecated
excede,exceding,exceded
exceed,exceeding,exceeded
excel,excelling,excelled
except,excepting,excepted
excern,excerning,excerned
excerp,excerping,excerped
excerpt,excerpting,excerpted
exchange,exchanging,exchanged
excide,exciding,excided
excise,excising,excised
excitate,excitating,excitated
excite,exciting,excited
exclaim,exclaiming,exclaimed
exclude,excluding,excluded
exclusivize,exclusivizing,exclusivized
excoct,excocting,excocted
excogitate,excogitating,excogitated
excommune,excommuning,excommuned
excommunicate,excommunicating,excommunicated
excoriate,excoriating,excoriated
excorticate,excorticating,excorticated
excreate,excreating,excreated
excrementize,excrementizing,excrementized
excrete,excreting,excreted
excruciate,excruciating,excruciated
exculpate,exculpating,exculpated
excur,excurring,excurred
excurse,excursing,excursed
excuse,excusing,excused
excuss,excussing,excussed
execrate,execrating,execrated
exect,execting,exected
execute,executing,executed
exegete,exegeting,exegeted
exeleutherostomize,exeleutherostomizing,exeleutherostomized
exemplifie,exemplifying,exemplified
exemplify,exemplifying,exemplified
exempt,exempting,exempted
exenterate,exenterating,exenterated
exercise,exercising,exercised
exersize,exersizing,exersized
exert,exerting,exerted
exestuate,exestuating,exestuated
exeunt,exeunting,exeunted
exfiltrate,exfiltrating,exfiltrated
exfoliate,exfoliating,exfoliated
exhalate,exhalating,exhalated
exhale,exhaling,exhaled
exhaust,exhausting,exhausted
exheredate,exheredating,exheredated
exhibit,exhibiting,exhibited
exhilarate,exhilarating,exhilarated
exhort,exhorting,exhorted
exhumate,exhumating,exhumated
exhume,exhuming,exhumed
exiccate,exiccating,exiccated
exile,exiling,exiled
exist,existing,existed
exit,exiting,exited
exnihilate,exnihilating,exnihilated
exoculate,exoculating,exoculated
exocytose,exocytosing,exocytosed
exolve,exolving,exolved
exonerate,exonerating,exonerated
exorbitate,exorbitating,exorbitated
exorcise,exorcising,exorcised
exorcize,exorcizing,exorcized
exoticise,exoticising,exoticised
exoticize,exoticizing,exoticized
exotify,exotifying,exotified
expand,expanding,expanded
expatiate,expatiating,expatiated
expatriate,expatriating,expatriated
expect,expecting,expected
expectorate,expectorating,expectorated
expede,expeding,expeded
expediate,expediating,expediated
expeditate,expeditating,expeditated
expedite,expediting,expedited
expel,expelling,expelled
expend,expending,expended
expense,expensing,expensed
experience,experiencing,experienced
experiment,experimenting,experimented
experimentalize,experimentalizing,experimentalized
experimentise,experimentising,experimentised
expertize,expertizing,expertized
expiate,expiating,expiated
expidite,expiditing,expidited
expire,expiring,expired
expiscate,expiscating,expiscated
explain,explaining,explained
explicate,explicating,explicated
explode,exploding,exploded
exploit,exploiting,exploited
exploitate,exploitating,exploitated
exploiter,exploitering,exploitered
explorate,explorating,explorated
explore,exploring,explored
expolish,expolishing,expolished
expone,exponing,exponed
exponentiate,exponentiating,exponentiated
export,exporting,exported
expose,exposing,exposed
exposit,expositing,exposited
expostulate,expostulating,expostulated
expound,expounding,expounded
express,expressing,expressed
exprobate,exprobating,exprobated
exprobrate,exprobrating,exprobrated
expropriate,expropriating,expropriated
expugn,expugning,expugned
expulse,expulsing,expulsed
expunge,expunging,expunged
expurgate,expurgating,expurgated
expurge,expurging,expurged
exquire,exquiring,exquired
exsanguinate,exsanguinating,exsanguinated
exscind,exscinding,exscinded
exscribe,exscribing,exscribed
exsect,exsecting,exsected
exsert,exserting,exserted
exsiccate,exsiccating,exsiccated
exsolve,exsolving,exsolved
exsufflate,exsufflating,exsufflated
exsuscitate,exsuscitating,exsuscitated
extemporise,extemporising,extemporised
extemporize,extemporizing,extemporized
extend,extending,extended
extenuate,extenuating,extenuated
exteriorise,exteriorising,exteriorised
exteriorize,exteriorizing,exteriorized
exterminate,exterminating,exterminated
extermine,extermining,extermined
externalise,externalising,externalised
externalize,externalizing,externalized
extill,extilling,extilled
extimulate,extimulating,extimulated
extinguish,extinguishing,extinguished
extirp,extirping,extirped
extirpate,extirpating,extirpated
extol,extolling,extolled
extoll,extolling,extolled
extort,extorting,extorted
extract,extracting,extracted
extradite,extraditing,extradited
extrapolate,extrapolating,extrapolated
extravagate,extravagating,extravagated
extravasate,extravasating,extravasated
extremize,extremizing,extremized
extricate,extricating,extricated
extruct,extructing,extructed
extrude,extruding,extruded
extubate,extubating,extubated
extuberate,extuberating,extuberated
exuberate,exuberating,exuberated
exudate,exudating,exudated
exude,exuding,exuded
exulcerate,exulcerating,exulcerated
exult,exulting,exulted
exundate,exundating,exundated
exungulate,exungulating,exungulated
exuperate,exuperating,exuperated
exuscitate,exuscitating,exuscitated
exuviate,exuviating,exuviated
eye,eyeing or eying,eyed
eyeball,eyeballing,eyeballed
eyefuck,eyefucking,eyefucked
eyewitness,eyewitnessing,eyewitnessed
eyndill,eyndilling,eyndilled
fab,fabbing,fabbed
fable,fabling,fabled
fabricate,fabricating,fabricated
fabulate,fabulating,fabulated
fabulize,fabulizing,fabulized
face,facing,faced
face-plant,face-planting,face-planted
facebook,facebooking,facebooked
facelift,facelifting,facelifted
facemail,facemailing,facemailed
facepalm,facepalming,facepalmed
faceplant,faceplanting,faceplanted
facilitate,facilitating,facilitated
facilize,facilizing,facilized
facsimile,facsimiling,facsimiled
fact-check,fact-checking,fact-checked
factify,factifying,factified
factionalise,factionalising,factionalised
factionalize,factionalizing,factionalized
factor,factoring,factored
factorise,factorising,factorised
factorize,factorizing,factorized
faddle,faddling,faddled
fade,fading,faded
fadge,fadging,fadged
faff,faffing,faffed
faffle,faffling,faffled
fafiate,fafiating,fafiated
fag,fagging,fagged
faggot,faggoting,faggoted
fagot,fagoting,fagoted
fail,failing,failed
fail-safe,fail-safing,fail-safed
fain,faining,fained
fainaigue,fainaiguing,fainaigued
faine,faining,fained
faint,fainting,fainted
fainten,faintening,faintened
fair,fairing,faired
fake,faking,faked
falchion,*falchioning,falchioned
falcon,falconing,falconed
fallow,fallowing,fallowed
falsecard,falsecarding,falsecarded
falsify,falsifying,falsified
falter,faltering,faltered
falwe,falweing,falweed
famble,fambling,fambled
fame,faming,famed
familiarise,familiarising,familiarised
familiarize,familiarizing,familiarized
famish,famishing,famished
famulate,famulating,famulated
fan,fanning,fanned
fanaticise,fanaticising,fanaticised
fanaticize,fanaticizing,fanaticized
fancy,fancying,fancied
fand,fanding,fanded
fandango,fandangoing,fandangoed
fandub,fandubbing,fandubbed
fang,fanging,fanged
fangirl,fangirling,fangirled
fangle,fangling,fangled
fankle,fankling,fankled
fansub,fansubbing,fansubbed
fantasise,fantasising,fantasised
fantasize,fantasizing,fantasized
fantasy,fantasying,fantasied
fap,fapping,fapped
farce,farcing,farced
fard,farding,farded
fardel,fardelling,fardelled
farewell,farewelling,farewelled
fark,farking,farked
farl,farling,farled
farm,farming,farmed
farnesylate,farnesylating,farnesylated
farrier,farriering,farriered
farrow,farrowing,farrowed
farsee,farseeing,farsaw
farspeak,farspeaking,farspoke
fart,farting,farted
fart-arse,fart-arsing,fart-arsed
fartarse,fart-arsing,fart-arsed
fasciate,fasciating,fasciated
fascinate,fascinating,fascinated
fascistize,fascistizing,fascistized
fash,fashing or fashin,fashed
fashion,fashioning,fashioned
fast,fasting,fasted
fast-forward,fast-forwarding,fast-forwarded
fasten,fastening,fastened
fat,fatting,fatted
fat-finger,fat-fingering,fat-fingered
fate,fating,fated
father,fathering,fathered
fathom,fathoming,fathomed
fatigate,fatigating,fatigated
fatigue,fatiguing,fatigued
fatten,fattening,fattened
fatwa,fatwaing,fatwaed
fatwah,fatwahing,fatwahed
fault,faulting,faulted
favor,favoring,favored
favorise,favorising,favorised
favorite,favoriting,favorited
favorize,favorizing,favorized
favour,favouring,favoured
favourise,favourising,favourised
favourite,favouriting,favourited
favourize,favourizing,favourized
fawn,fawning,fawned
fax,faxing,faxed
fay,faying,fayed
faze,fazing,fazed
feague,feaguing,feagued
feal,fealing,fealed
fear,fearing,feared
fearmonger,fearmongering,fearmongered
feast,feasting,feasted
feat,feating,feated
feather,feathering,feathered
feather-bed,feather-bedding,feather-bedded
featherbed,featherbedding,featherbedded
featherstitch,featherstitching,featherstitched
feature,featuring,featured
feaze,feazing,feazed
februate,februating,februated
feceate,feceating,feceated
feck,fecking,fecked
fecundate,fecundating,fecundated
fecundify,fecundifying,fecundified
feddle,feddling,feddled
federalise,federalising,federalised
federalize,federalizing,federalized
federate,federating,federated
FedEx,FedExing,FedExed
fee,feeing,feed
feeble,feebling,feebled
feed,feeding,fed
feedback,feedbacking,feedbacked
feedforward,feedforwarding,feedforwarded
feel,feeling,felt
feeze,feezing,feezed
feign,feigning,feigned
feine,feining,feined
feint,feinting,feinted
felch,felching,felched
felicitate,felicitating,felicitated
fell,felling,felled
fellate,fellating,fellated
fellow,fellowing,fellowed
fellowfeel,fellowfeeling,fellowfelt
fellowship,fellowshipping,fellowshipped
felt,felting,felted
felt-tip,felt-tipping,felt-tipped
felter,feltering,feltered
femalize,femalizing,femalized
femininize,femininizing,femininized
feminise,feminising,feminised
feminize,feminizing,feminized
fence,fencing,fenced
fend,fending,fended
fenerate,fenerating,fenerated
Fennicize,Fennicizing,Fennicized
feoff,feoffing,feoffed
ferk,ferking,ferked
ferment,fermenting,fermented
fermentate,fermentating,fermentated
fermionize,fermionizing,fermionized
ferret,ferreting,ferreted
ferruminate,ferruminating,ferruminated
ferry,ferrying,ferried
fertilise,fertilising,fertilised
fertilitate,fertilitating,fertilitated
fertilize,fertilizing,fertilized
ferule,feruling,feruled
fescue,fescuing,fescued
fess,fessing,fessed
fester,festering,festered
festinate,festinating,festinated
festoon,festooning,festooned
fet,fetting,fet
fetch,fetching,fetched
fete,feting,feted
fetishise,fetishising,fetishised
fetishize,fetishizing,fetishized
fetter,fettering,fettered
fettle,fettling,fettled
feud,feuding,feuded
feudalise,feudalising,feudalised
feudalize,feudalizing,feudalized
fever,fevering,fevered
fewter,fewtering,fewtered
feyne,feyning,feyned
fiance,fiancing,fianced
fianchetto,fianchettoing,fianchettoed
fiat,fiating,fiated
fib,fibbing,fibbed
fiberglass,fiberglassing,fiberglassed
fiberise,fiberising,fiberised
fiberize,fiberizing,fiberized
fibreglass,fibreglassing,fibreglassed
fibreise,fibreising,fibreised
fibreize,fibreizing,fibreized
fibrillate,fibrillating,fibrillated
fibrining,fibrininging,fibrininged
fibrise,fibrising,fibrised
fibrize,fibrizing,fibrized
fickle,fickling,fickled
fictionalise,fictionalising,fictionalised
fictionalize,fictionalizing,fictionalized
fictionise,fictionising,fictionised
fictionize,fictionizing,fictionized
fid,fiding,fided
fiddle,fiddling,fiddled
fiddlefart,fiddlefarting,fiddlefarted
fiddlefuck,fiddlefucking,fiddlefucked
fidge,fidging,fidged
field,fielding,fielded
field-test,field-testing,field-tested
fieldstrip,fieldstripping,fieldstripped
fife,fifing,fifed
fig,figging,figged
figger,figgering,figgered
fight,fighting,fought
figure,figuring,figured
fike,fiking,fiked
filch,filching,filched
file,filing,filed
filetype,filetyping,filetyped
filiate,filiating,filiated
filibuster,filibustering,filibustered
filigree,filigreeing,filigreed
filk,filking,filked
fill,filling,filled
fillet,filleting,filleted
fillip,filliping,filliped
film,filming,filmed
filmize,filmizing,filmized
filst,filsting,filsted
filsten,filstening,filstened
filter,filtering,filtered
filthen,filthening,filthened
filtrate,filtrating,filtrated
filtre,filtring,filtred
fimbriate,fimbriating,fimbriated
fin,finning,finned
finagle,finagling,finagled
finalise,finalising,finalised
finalize,finalizing,finalized
finance,financing,financed
financialise,financialising,financialised
finch,finching,finched
fine,fining,fined
fine-tune,fine-tuning,fine-tuned
finedraw,finedrawing,finedrew
fineer,fineering,fineered
finesse,finessing,finessed
finetune,finetuning,finetuned
finger,fingering,fingered
finger-paint,finger-painting,finger-painted
fingerbang,fingerbanging,fingerbanged
fingerfuck,fingerfucking,fingerfucked
fingerpaint,fingerpainting,fingerpainted
fingerpick,fingerpicking,fingerpicked
fingerprint,fingerprinting,fingerprinted
fingerspell,fingerspelling,fingerspelled
fingertip,fingertipping,fingertipped
finick,finicking,finicked
finify,finifying,finified
finish,finishing,finished
fink,finking,finked
Finnicise,Finnicising,Finnicised
Finnicize,Finnicizing,Finnicized
fire,firing,fired
firebathe,firebathing,firebathed
firebolt,firebolting,firebolted
firebomb,firebombing,firebombed
fireform,fireforming,fireformed
firehose,firehosing,firehosed
fireproof,fireproofing,fireproofed
firewalk,firewalking,firewalked
firewall,firewalling,firewalled
firk,firking,firked
firm,firming,firmed
firtle,firtling,firtled
fish,fishing,fished
fishify,fishifying,fishified
fishtail,fishtailing,fishtailed
fisk,fisking,fisked
fission,fissioning,fissioned
fissure,fissuring,fissured
fist,fisting,fisted
fist-fuck,fist-fucking,fist-fucked
fist-pump,fist-pumping,fist-pumped
fistbump,fistbumping,fistbumped
fistfight,fistfighting,fistfought
fisticuff,fisticuffing,fisticuffed
fistulate,fistulating,fistulated
five-star,five-starring,five-starred
fixate,fixating,fixated
fixture,fixturing,fixtured
fiz,fizzing,fizzed
fizz,fizzing,fizzed
fizzle,fizzling,fizzled
flabagast,flabagasting,flabagasted
flabaghast,flabaghasting,flabaghasted
flabbergast,flabbergasting,flabbergasted
flabbergaster,flabbergastering,flabbergastered
flabberghast,flabberghasting,flabberghasted
flabergast,flabergasting,flabergasted
flabrigast,flabrigasting,flabrigasted
flaccify,flaccifying,flaccified
flack,flacking,flacked
flacker,flackering,flackered
flag,flagging,flagged
flagellate,flagellating,flagellated
flagitate,flagitating,flagitated
flagrate,flagrating,flagrated
flail,flailing,flailed
flake,flaking,flaked
flam,flamming,flammed
flamb,flamb¨¦ing,flamb¨¦ed
flambe,flambeing,flambeed
flambee,flambeeing,flambeed
flame,flaming,flamed
flameproof,flameproofing,flameproofed
flamework,flameworking,flameworked
flange,flanging,flanged
flank,flanking,flanked
flanker,flankering,flankered
flannel,flanneling,flanneled
flap,flapping,flapped
flappergast,flappergasting,flappergasted
flare,flaring,flared
flash,flashing,flashed
flat,flatting,flatted
flate,flating,flated
flatline,flatlining,flatlined
flatten,flattening,flattened
flatter,flattering,flattered
flatulate,flatulating,flatulated
flaunt,flaunting,flaunted
flavor,flavoring,flavored
flavour,flavouring,flavoured
flaw,flawing,flawed
flawter,flawtering,flawtered
flay,flaying,flayed
fleck,flecking,flecked
flecker,fleckering,fleckered
fledge,fledging,fledged
flee,fleeing,fled
fleece,fleecing,fleeced
fleech,fleeching,fleeched
fleer,fleering,fleered
fleet,fleeting,fleeted
flehm,flehming,flehmed
flehmen,flehmening,flehmened
fleme,fleming,flemed
flemish,flemishing,flemished
flench,flenching,flenched
flense,flensing,flensed
flesh,fleshing,fleshed
fletch,fletching,fletched
fletcherize,fletcherizing,fletcherized
flex,flexing,flexed
fley,fleying,fleyed
flick,flicking,flicked
flicker,flickering,flickered
flidge,flidging,flidged
flight,flighting,flighted
flimflam,flimflamming,flimflammed
flinch,flinching,flinched
fling,flinging,flung
flint,flinting,flinted
flip,flipping,flipped
flip-flap,flip-flapping,flip-flapped
flip-flop,flip-flopping,flip-flopped
flipe,fliping,fliped
flipflop,flipflopping,flipflopped
flipper,flippering,flippered
flirt,flirting,flirted
flisk,flisking,flisked
flit,flitting,flitted
flitter,flittering,flittered
float,floating,floated
flob,flobbing,flobbed
flobber,flobbering,flobbered
flobbergrast,flobbergrasting,flobbergrasted
floccinaucinihilipilificate,floccinaucinihilipilificating,floccinaucinihilipilificated
flocculate,flocculating,flocculated
flock,flocking,flocked
flog,flogging,flogged
flood,flooding,flooded
floodlight,floodlighting,floodlighted
floodproof,floodproofing,floodproofed
floor,flooring,floored
floorboard,floorboarding,floorboarded
flop,flopping,flopped
floss,flossing,flossed
flote,floting,floted
flounce,flouncing,flounced
flounder,floundering,floundered
flour,flouring,floured
flourish,flourishing,flourished
flout,flouting,flouted
flow,flowing,flowed
flower,flowering,flowered
flox,floxing,floxed
flub,flubbing,flubbed
fluctuate,fluctuating,fluctuated
fluff,fluffing,fluffed
fluidify,fluidifying,fluidified
fluidise,fluidising,fluidised
fluidize,fluidizing,fluidized
fluke,fluking,fluked
flummox,flummoxing,flummoxed
flump,flumping,flumped
flunk,flunking,flunked
fluoresce,fluorescing,fluoresced
fluoridate,fluoridating,fluoridated
fluorinate,fluorinating,fluorinated
flurry,flurrying,flurried
flurt,flurting,flurted
flush,flushing,flushed
fluster,flustering,flustered
flustrate,flustrating,flustrated
flute,fluting,fluted
flutter,fluttering,fluttered
flux,fluxing,fluxed
fly,flying,flew
fly-fish,fly-fishing,fly-fished
fly-pitch,fly-pitching,fly-pitched
fly-tip,fly-tipping,fly-tipped
flyblow,flyblowing,flyblew
flyer,flyering,flyered
flypost,flyposting,flyposted
flyte,flyting,flyted
foal,foaling,foaled
foam,foaming,foamed
fob,fobbing,fobbed
focalise,focalising,focalised
focalize,focalizing,focalized
focus-group,focus-grouping,focus-grouped
fodder,foddering,foddered
fog,fogging,fogged
FOIL,FOILing,FOILed
foin,foining,foined
foind,foinding,found
foist,foisting,foisted
fold,folding,folded
foliate,foliating,foliated
folio,folioing,folioed
folk-etymologize,folk-etymologizing,folk-etymologized
foller,follering,follered
follow,following,followed
folwe,folwing,folwed
foment,fomenting,fomented
fon,fonning,fonned
fond,fonding,fonded
fondle,fondling,fondled
fondue,fondueing or fonduing,fondued
fook,fooking,fooked
fool,fooling,fooled
foolify,foolifying,foolified
fooster,foostering,foostered
foot,footing,footed
foot-slog,foot-slogging,foot-slogged
footer,footering,footered
footfuck,footfucking,footfucked
footle,footling,footled
footnote,footnoting,footnoted
footslog,footslogging,footslogged
foozle,foozling,foozled
forage,foraging,foraged
foray,foraying,forayed
forban,forbanning,forbanned
forbar,forbarring,forbarred
forbathe,forbathing,forbathed
forbear,forbearing,forbore
forbeat,forbeating,forbeat
forbise,forbising,forbised
forbisen,forbisening,forbisened
forbite,forbiting,forbit
forbleed,forbleeding,forbled
forbode,forboding,forboded
forbreak,forbreaking,forbroke
forbruise,forbruising,forbruised
forburn,forburning,forburned
forbuy,forbuying,forbought
force,forcing,forced
force-feed,force-feeding,force-fed
forcleave,forcleaving,forclove
forcling,forclinging,forclung
forclose,forclosing,forclosed
forclutch,forclutching,forclutched
forcover,forcovering,forcovered
forcremp,forcremping,forcremped
forcurse,forcursing,forcursed
forcut,forcutting,forcut
ford,fording,forded
fordeem,fordeeming,fordeemed
fordim,fordimming,fordimmed
fordo,fordoing,fordid
fordote,fordoting,fordoted
fordread,fordreading,fordreaded
fordrench,fordrenching,fordrenched
fordrive,fordriving,fordrove
fordry,fordrying,fordried
fordull,fordulling,fordulled
fordwine,fordwining,fordwined
fore-give,fore-giving,fore-gived
fore-slow,fore-slowing,fore-slowed
foreadmonish,foreadmonishing,foreadmonished
foreadvise,foreadvising,foreadvised
foreannounce,foreannouncing,foreannounced
foreappoint,foreappointing,foreappointed
forearm,forearming,forearmed
forebear,forebearing,forebore
forebite,forebiting,forebit
forebode,foreboding,foreboded
forebring,forebringing,forebrought
forebusy,forebusying,forebusied
forebuy,forebuying,forebought
forecall,forecalling,forecalled
forecheck,forechecking,forechecked
forechoose,forechoosing,forechose
foreclose,foreclosing,foreclosed
foreconceive,foreconceiving,foreconceived
foredate,foredating,foredated
foredeal,foredealing,foredealed
foredeclare,foredeclaring,foredeclared
foredeem,foredeeming,foredeemed
foredesign,foredesigning,foredesigned
foredestine,foredestining,foredestined
foredetermine,foredetermining,foredetermined
foredispose,foredisposing,foredisposed
foredo,foredoing,foredid
foredoom,foredooming,foredoomed
foredraw,foredrawing,foredrew
forefeel,forefeeling,forefelt
forefend,forefending,forefended
foreflow,foreflowing,foreflowed
forefoot,forefooting,forefooted
foregather,foregathering,foregathered
forego,foregoing,forewent
foreground,foregrounding,foregrounded
foreguard,foreguarding,foreguarded
foreguess,foreguessing,foreguessed
forehalsen,forehalsening,forehalsened
forehear,forehearing,foreheard
forehew,forehewing,forehewed
forehold,foreholding,foreheld
foreignise,foreignising,foreignised
foreignize,foreignizing,foreignized
forejudge,forejudging,forejudged
foreknow,foreknowing,foreknew
forel,forelling,forelled
forelay,forelaying,forelaid
forelead,foreleading,foreled
forelend,forelending,forelent
forelet,foreletting,forelet
forelie,forelying,forelay
forelift,forelifting,forelifted
forelike,forliking,forliked
forelook,forelooking,forelooked
foremind,foreminding,foreminded
foreordain,foreordaining,foreordained
foreordinate,foreordinating,foreordinated
foreown,foreowning,foreowned
foreplay,foreplaying,foreplayed
foreprize,foreprizing,foreprized
forereach,forereaching,forereached
foreread,forereading,foreread
forerun,forerunning,foreran
foresay,foresaying,foresaid
foresee,foreseeing,foresaw
foreseize,foreseizing,foreseized
foresend,foresending,foresent
foreset,foresetting,foreset
foreshadow,foreshadowing,foreshadowed
foreshame,foreshaming,foreshamed
foreshew,foreshewing,foreshewed
foreshorten,foreshortening,foreshortened
foreshow,foreshowing,foreshowed
foresignify,foresignifying,foresignified
foreslack,foreslacking,foreslacked
foreslow,foreslowing,foreslowed
foresmell,foresmelling,foresmelt
forespeak,forespeaking,forespoke
forespend,forespending,forespent
forest,foresting,forested
forestal,forestaling,forestaled
forestall,forestalling,forestalled
forestay,forestaying,forestayed
foreswear,foreswears,foreswore
foretake,foretaking,foretook
foretaste,foretasting,foretasted
foreteach,foreteaching,foretaught
foretell,foretelling,foretold
forethink,forethinking,forethought
foretoken,foretokening,foretokened
forewalk,forewalking,forewalked
forewarn,forewarning,forewarned
forewaste,forwasting,forwasted
foreweep,foreweeping,forewept
foreweigh,foreweighing,foreweighed
forewish,forewishing,forewished
forewit,forewitting,forewist
forfare,forfaring,forfared
forfeit,forfeiting,forfeited
forfend,forfending,forfended
forfete,forfeting,forfeted
forfight,forfighting,forfought
forflutter,forfluttering,forfluttered
forgab,forgabbing,forgabbed
forgather,forgathering,forgathered
forge,forging,forged
forgive,forgiving,forgave
forgnaw,forgnawing,forgnawed
forgo,forgoing,forwent
forgraith,forgraithing,forgraithed
forgrow,forgrowing,forgrew
forguilt,forguilting,forguilted
forhale,forhaling,forhaled
forhang,forhanging,forhanged
forhard,forharding,forharded
forharden,forhardening,forhardened
forhare,forharing,forhared
forhele,forheling,forhole
forhew,forhewing,forhewed
forhill,forhilling,forhilled
forhold,forholding,forheld
forhow,forhowing,forhowed
forhunger,forhungering,forhungered
forhush,forhushing,forhushed
forirk,forirking,forirked
forisfamiliate,forisfamiliating,forisfamiliated
forjudge,forjudging,forjudged
fork,forking,forked
forklift,forklifting,forklifted
forlay,forlaying,forlaid
forlead,forleading,forled
forleave,forleaving,forleft
forleet,forleeting,forleet
forlend,forlending,forlent
forlese,forlesing,forlore
forlet,forletting,forlet
forlie,forlying,forlay
forlighten,forlightening,forlightened
forlive,forliving,forlived
forlong,forlonging,forlonged
form,forming,formed
formake,formaking,formade
formalise,formalising,formalised
formalize,formalizing,formalized
format,formatting,formatted
formate,formating,formated
formay,formaying,formayed
formicate,formicating,formicated
formirken,formirkening,formirkened
formularise,formularising,formularised
formularize,formularizing,formularized
formulate,formulating,formulated
formulise,formulising,formulised
formulize,formulizing,formulized
formylate,formylating,formylated
forncast,forncasting,forncast
fornicate,fornicating,fornicated
fornumb,fornumbing,fornumbed
forpamper,forpampering,forpampered
forpass,forpassing,forpassed
forpine,forpining,forpined
forray,forraying,forrayed
forsake,forsaking,forsook
forsay,forsaying,forsaid
forscald,forscalding,forscalded
forsee,forseeing,forsaw
forseek,forseeking,forsought
forseethe,forseething,forseethed
forsench,forsenching,forsenched
forset,forsetting,forset
forshake,forshaking,forshook
forshame,forshaming,forshamed
forshorten,forshortening,forshortened
forshrink,forshrinking,forshrank
forshut,forshut,forshut
forsing,forsinging,forsang
forslack,forslacking,forslacked
forsleep,forsleeping,forslept
forslinger,forslingering,forslingered
forsloth,forslothing,forslothed
forslouthe,forslouthing,forslouthed
forslow,forslowing,forslowed
forslowth,forslowthing,forslowthed
forslug,forslugging,forslugged
forsmite,forsmiting,forsmote
forspan,forspanning,forspanned
forspare,forsparing,forspared
forspeak,forspeaking,forspoke
forspend,forspending,forspent
forspill,forspilling,forspilled
forspread,forspreading,forspread
forsta,forstaing,forstaed
forstaa,forstaaing,forstaaed
forstall,forstalling,forstalled
forstand,forstanding,forstood
forstaw,forstawing,forstawed
forsteal,forstealing,forstole
forstop,forstopping,forstopped
forsume,forsuming,forsumed
forswallow,forswallowing,forswallowed
forsweal,forswealing,forswealed
forswear,forswearing,forswore
forswelt,forswelting,forswelted
forswift,forswifting,forswifted
fortake,fortaking,fortook
fortatter,fortattering,fortattered
fortax,fortaxing,fortaxed
forteach,forteaching,fortaught
fortear,fortearing,fortore
forthbear,forthbearing,forthbore
forthbring,forthbringing,forthbrought
forthcome,forthcoming,forthcame
forthcut,forthcutting,forthcut
forthdraw,forthdrawing,forthdrew
forthfare,forthfaring,forthfared
forthfet,forthfetting,forthfet
forthfill,forthfilling,forthfilled
forthgang,forthganging,forthganged
forthglide,forthgliding,forthglided
forthgo,forthgoing,forthwent
forthink,forthinking,forthought
forthirst,forthirsting,forthirsted
forthlead,forthleading,forthled
forthlook,forthlooking,forthlooked
forthpass,forthpassing,forthpassed
forthput,forthputting,forthput
forthrist,forthristing,forthristed
forthrow,forthrowing,forthrew
forthsend,forthsending,forthsent
forthset,forthsetting,forthset
forthshow,forthshowing,forthshowed
forthspeak,forthspeaking,forspoke
forthtell,forthtelling,forthtold
forthwax,forthwaxing,forthwaxed
forthyete,forthyeteing,forthyeteed
fortify,fortifying,fortified
fortoggle,fortoggling,fortoggled
fortravel,fortraveling,fortraveled
fortread,fortreading,fortrod
fortress,fortressing,fortressed
fortune,fortuning,fortuned
fortunize,fortunizing,fortunized
forwake,forwaking,forwaked
forwalk,forwalking,forwalked
forwall,forwalling,forwalled
forwander,forwandering,forwandered
forward,forwarding,forwarded
forwarn,forwarning,forwarned
forwaste,forwasting,forwasted
forwax,forwaxing,forwaxed
forway,forwaying,forwayed
forwean,forweaning,forweaned
forwear,forwearing,forwore
forweary,forwearying,forwearied
forweep,foweeping,forwept
forwelk,forwelking,forwelked
forwerp,forwerping,forwerped
forwhore,forwhoring,forwhored
forwither,forwithering,forwithered
forwonder,forwondering,forwondered
forworship,forworshipping,forworshipped
forwound,forwounding,forwounded
forwrap,forwrapping,forwrapped
fossick,fossicking,fossicked
fossilate,fossilating,fossilated
fossilify,fossilifying,fossilified
fossilise,fossilising,fossilised
fossilize,fossilizing,fossilized
foster,fostering,fostered
fother,fothering,fothered
foul,fouling,fouled
foulder,fouldering,fouldered
found,founding,founded
founder,foundering,foundered
fountain,fountaining,fountained
four-flush,four-flushing,four-flushed
four-peat,four-peating,four-peated
fourpeat,fourpeating,fourpeated
foveate,foveating,foveated
fowl,fowling,fowled
fox,foxing,foxed
foxhunt,foxhunting,foxhunted
foxtrot,foxtrotting,foxtrotted
frab,frabbing,frabbed
frac,fraccing,fracced
frack,fracking,fracked
fract,fracting,fracted
fractalize,fractalizing,fractalized
fraction,fractioning,fractioned
fractionalize,fractionalizing,fractionalized
fractionate,fractionating,fractionated
fractionise,fractionising,fractionised
fractionize,fractionizing,fractionized
fracture,fracturing,fractured
frag,fragging,fragged
fragilize,fragilizing,fragilized
fragment,fragmenting,fragmented
fragmentise,fragmentising,fragmentised
fragmentize,fragmentizing,fragmentized
frail,frailing,frailed
frain,fraining,frained
fraise,fraising,fraised
fraist,fraisting,fraisted
frak,frakking,frakked
frame,framing,framed
franchise,franchising,franchised
frank,franking,franked
frap,frapping,frapped
frape,fraping,fraped
fratch,fratching,fratched
fraternalise,fraternalising,fraternalised
fraternalize,fraternalizing,fraternalized
fraternise,fraternising,fraternised
fraternize,fraternizing,fraternized
fraud,frauding,frauded
fraught,fraughting,fraughted
fray,fraying,frayed
frazzle,frazzling,frazzled
freak,freaking,freaked
freck,frecking,frecked
freckle,freckling,freckled
free,freeing,freed
freeball,freeballing,freeballed
freebase,freebasing,freebased
freecycle,freecycling,freecycled
freefall,freefalling,freefell
freehand,freehanding,freehanded
freelance,freelancing,freelanced
freeline,freelining,freelined
freeload,freeloading,freeloaded
freep,freeping,freeped
freeride,freeriding,freerode
freeroll,freerolling,freerolled
freerun,freerunning,freeran
freestyle,freestyling,freestyled
freewheel,freewheeling,freewheeled
freeze,freezing,froze
freeze-dry,freeze-drying,freeze-dried
freezeframe,freezeframing,freezeframed
freezeproof,freezeproofing,freezeproofed
freight,freighting,freighted
fremish,fremishing,fremished
French,Frenching,Frenched
French-kiss,French-kissing,French-kissed
Frenchify,Frenchifying,Frenchified
frenzy,frenzying,frenzied
frequent,frequenting,frequented
fresco,frescoing,frescoed
freshen,freshening,freshened
fress,fressing,fressed
fretsaw,fretsawing,fretsawed
fribble,fribbling,fribbled
fricassee,fricasseeing,fricasseed
fridge,fridging,fridged
friend,friending,friended
frieze,friezing,friezed
frig,frigging,frigged
frigerate,frigerating,frigerated
friggle,friggling,friggled
fright,frighting,frighted
frighten,frightening,frightened
frill,frilling,frilled
frine,frining,frined
fringe,fringing,fringed
frisbee,frisbeeing,frisbeed
frisk,frisking,frisked
frist,fristing,fristed
frit,fritting,fritted
frith,frithing,frithed
fritter,frittering,frittered
fritz,fritzing,fritzed
friz,frizzing,frizzed
frizz,frizzing,frizzed
frizzle,frizzling,frizzled
frob,frobbing,frobbed
frock,frocking,frocked
frog,frogging,frogged
frogmarch,frogmarching,frogmarched
frolic,frolicking,frolicked
frolick,frolicking,frolicked
frondesce,frondescing,frondesced
front,fronting,fronted
front-load,front-loading,front-loaded
frontload,frontloading,frontloaded
frontolyze,frontolyzing,frontolyzed
frosh,froshing,froshed
frost,frosting,frosted
frostbite,frostbiting,frostbit
frostproof,frostproofing,frostproofed
frot,frotting,frotted
frote,froting,froted
froth,frothing,frothed
frother,frothering,frothered
frottage,frottaging,frottaged
frounce,frouncing,frounced
froust,frousting,frousted
frover,frovering,frovered
frown,frowning,frowned
frowst,frowsting,frowsted
fructify,fructifying,fructified
fructuate,fructuating,fructuated
fruit,fruiting,fruited
fruiten,fruitening,fruitened
frump,frumping,frumped
frumple,frumpling,frumpled
frush,frushing,frushed
frustrate,frustrating,frustrated
fry,frying,fried
FTP,FTPing,FTPed
fub,fubbing,fubbed
fuck,fucking,fucked
fuddle,fuddling,fuddled
fudge,fudging,fudged
fuel,fueling,fueled
fuff,fuffing,fuffed
fuffle,fuffling,fuffled
fugle,fugling,fugled
fulfil,fulfilling,fulfilled
fulfill,fulfilling,fulfilled
fulgurate,fulgurating,fulgurated
full,fulling,fulled
fullbring,fullbringing,fullbrought
fullburn,fullburning,fullburned
fullcome,fullcoming,fullcame
fulldo,fulldoing,fulldid
fullend,fullending,fullended
fuller,fullering,fullered
fullfeed,fullfeeding,fullfed
fullfreme,fullfreming,fullfremed
fulminate,fulminating,fulminated
fulmine,fulmining,fulmined
fum,fumming,fummed
fumble,fumbling,fumbled
fume,fuming,fumed
fumigate,fumigating,fumigated
fun,funning,funned
funambulate,funambulating,funambulated
function,functioning,functioned
functionalize,functionalizing,functionalized
functionate,functionating,functionated
fund,funding,funded
fundraise,fundraising,fundraised
funeralize,funeralizing,funeralized
funerate,funerating,funerated
fungate,fungating,fungated
fungiproof,fungiproofing,fungiproofed
fungusproof,fungusproofing,fungusproofed
funk,funking,funked
fur,furring,furred
furbelow,furbelowing,furbelowed
furbish,furbishing,furbished
furcate,furcating,furcated
furdle,furdling,furdled
furl,furling,furled
furlough,furloughing,furloughed
furnace,furnacing,furnaced
furnish,furnishing,furnished
furrow,furrowing,furrowed
fursuit,fursuiting,fursuited
further,furthering,furthered
furtle,furtling,furtled
fuse,fusing,fused
fusillade,fusillading,fusilladed
fuss,fussing,fussed
fust,fusting,fusted
fustigate,fustigating,fustigated
fute,futing,futed
futter,futtering,futtered
futureproof,futureproofing,futureproofed
futurise,futurising,futurised
futurize,futurizing,futurized
futz,futzing,futzed
fuze,fuzing,fuzed
fuzz,fuzzing,fuzzed
fuzzify,fuzzifying,fuzzified
fuzzle,fuzzling,fuzzled
fyle,fyling,fyled
gab,gabbing,gabbed
gabble,gabbling,gabbled
gack,gacking,gacked
gad,gadding,gadded
gaff,gaffing,gaffed
gaffle,gaffling,gaffled
gafiate,gafiating,gafiated
gag,gagging,gagged
gage,gaging,gaged
gaggle,gaggling,gaggled
gain,gaining,gained
gainsay,gainsaying,gainsaid
gainstand,gainstanding,gainstood
gainstay,gainstaying,gainstayed
gait,gaiting,gaited
gaiter,gaitering,gaitered
galactosylate,galactosylating,galactosylated
gale,galing,galed
gall,galling,galled
gallant,gallanting,gallanted
gallicise,gallicising,gallicised
gallicize,gallicizing,gallicized
gallivant,gallivanting,gallivanted
gallop,galloping,galloped
gallopade,gallopading,gallopaded
gallow,gallowing,gallowed
gally,gallying,gallied
galumph,galumphing,galumphed
galvanise,galvanising,galvanised
galvanize,galvanizing,galvanized
galvinize,galvinizing,galvinized
gam,gamming,gammed
gamahauch,gamahauching,gamahauched
gamahuche,gamahuching,gamahuched
gamble,gambling,gambled
gambrel,gambrelling,gambrelled
game,gaming,gamed
gamemaster,gamemastering,gamemastered
gamify,gamifying,gamified
gammon,gammoning,gammoned
gan,gannin,went
ganch,ganching,ganched
gander,gandering,gandered
gane,ganing,ganed
gang,ganging,ganged
gang-fuck,gang-fucking,gang-fucked
gang-rape,gang-raping,gang-raped
gangbang,gangbanging,gangbanged
gangle,gangling,gangled
gangrape,gangraping,gangraped
gangrenate,gangrenating,gangrenated
gangrene,gangrening,gangrened
gank,ganking,ganked
gaol,gaoling,gaoled
gap,gapping,gapped
gape,gaping,gaped
gar,garring,gart
garage,garaging,garaged
garb,garbing,garbed
garbage,garbaging,garbaged
garbidge,garbidging,garbidged
garble,garbling,garbled
gard,garding,garded
garde,garding,garded
garden,gardening,gardened
gargarize,gargarizing,gargarized
gargle,gargling,gargled
garland,garlanding,garlanded
garner,garnering,garnered
garnett,garnetting,garnetted
garnish,garnishing,garnished
garnishee,garnisheeing,garnisheed
garotte,garotting,garotted
garrison,garrisoning,garrisoned
garrote,garrotting,garrotted
garrotte,garrotting,garrotted
garter,gartering,gartered
gas,gassing,gassed
gasconade,gasconading,gasconaded
gasface,gasfacing,gasfaced
gash,gashing,gashed
gasify,gasifying,gasified
gaslight,gaslighting,gaslighted
gasp,gasping,gasped
gast,gasting,gasted
gastrulate,gastrulating,gastrulated
gat,gatting,gatted
gate,gating,gated
gate-crash,gate-crashing,gate-crashed
gatecrash,gatecrashing,gatecrashed
gaud,gauding,gauded
gauffer,gauffering,gauffered
gauge,gauging,gauged
gaum,gauming,gaumed
gaup,gauppin,gaupped
gauze,gauzing,gauzed
gavage,gavaging,gavaged
gaw,gawing,gawed
gawk,gawking,gawked
gawp,gawping,gawped
gay-marry,gay-marrying,gay-married
gaybait,gaybaiting,gaybaited
gayne,gayning,gayned
gaze,gazing,gazed
gazette,gazetting,gazetted
gazump,gazumping,gazumped
gazunder,gazundering,gazundered
geal,gealing,gealed
gear,gearing,geared
geck,gecking,gecked
gedge,gedging,gedged
gee,geeing,geed
geek,geeking,geeked
geg,gegging,gegged
gekker,gekkering,gekkered
gel,gelling,gelled
gelatinate,gelatinating,gelatinated
gelatinise,gelatinising,gelatinised
gelatinize,gelatinizing,gelatinized
gem,gemming,gemmed
geminate,geminating,geminated
gemmate,gemmating,gemmated
gemote,gemoting,gemoted
gender,gendering,gendered
genderfuck,genderfucking,genderfucked
genderise,genderising,genderised
genderize,genderizing,genderized
genderswap,genderswapping,genderswapped
genealogize,genealogizing,genealogized
generalise,generalising,generalised
generalize,generalizing,generalized
generate,generating,generated
genericise,genericising,genericised
genericize,genericizing,genericized
geniculate,geniculating,geniculated
genlock,genlocking,genlocked
genotype,genotyping,genotyped
gentilize,gentilizing,gentilized
gentle,gentling,gentled
geocache,geocaching,geocached
geocode,geocoding,geocoded
geographize,geographizing,geographized
geolocate,geolocating,geolocated
geologize,geologizing,geologized
geometricize,geometricizing,geometricized
geometrize,geometrizing,geometrized
georeference,georeferencing,georeferenced
geosequester,geosequestering,geosequestered
geotag,geotagging,geotagged
geotarget,geotargeting,geotargeted
geranylate,geranylating,geranylated
germ,germing,germed
Germanify,Germanifying,Germanified
Germanize,Germanizing,Germanized
germinate,germinating,germinated
gern,gerning,gerned
gerrymander,gerrymandering,gerrymandered
gestate,gestating,gestated
gesticulate,gesticulating,gesticulated
gesture,gesturing,gestured
get,getting,got
gether,gethering,gethered
getter,gettering,gettered
gezumph,gezumphing,gezumphed
ghast,ghasting,ghasted
gherao,gheraoing,gheraoed
ghess,ghessing,ghessed
ghetto,ghettoing,ghettoed
ghettoise,ghettoising,ghettoised
ghettoize,ghettoizing,ghettoized
ghost,ghosting,ghosted
ghosten,ghostening,ghostened
ghostwrite,ghostwriting,ghostwritten
GI,GIing,GIed
giantize,giantizing,giantized
gib,gibbing,gibbed
gibber,gibbering,gibbered
gibe,gibing,gibed
giddy,giddying,giddied
GIF,GIFing,GIFed
gift,gifting,gifted
gift-wrap,gift-wrapping,gift-wrapped
gig,gigging,gigged
giggle,giggling,giggled
gillie,gillying,gillied
gillnet,gillnetting,gillnetted
gimblet,gimbleting,gimbleted
gimlet,gimleting,gimleted
gimmick,gimmicking,gimmicked
gimp,gimping,gimped
gin,ginning,ginned
ginger,gingering,gingered
gingle,gingling,gingled
gip,gipping,gipped
gipsy,gipsying,gipsied
girdle,girdling,girdled
girlcott,girlcotting,girlcotted
girlify,girlifying,girlified
girn,girning,girned
girt,girting,girted
girth,girthing,girthed
gise,gising,gised
gist,gisting,gisted
git,gitting,gitted
gittern,gitterning,gitterned
giue,giuing,gaue
give,giving,gave
glaciate,glaciating,glaciated
glad,gladding,gladded
glad-hand,glad-handing,glad-handed
gladden,gladdening,gladdened
gladder,gladdering,gladdered
gladhand,gladhanding,gladhanded
glair,glairing,glaired
glamorise,glamorising,glamorised
glamorize,glamorizing,glamorized
glamour,glamouring,glamoured
glamourise,glamourising,glamourised
glamourize,glamourizing,glamourized
glance,glancing,glanced
glare,glaring,glared
glark,glarking,glarked
glass,glassing,glassed
glassify,glassifying,glassified
glasspaper,glasspapering,glasspapered
glaum,glauming,glaumed
glaunce,glauncing,glaunced
glaver,glavering,glavered
glaze,glazing,glazed
gleam,gleaming,gleamed
glean,gleaning,gleaned
gleek,gleeking,gleeked
gleen,gleening,gleened
gleet,gleeting,gleeted
gleg,glegging,glegged
glei,gleiing,gleied
glent,glenting,glented
gley,gleying,gleyed
glib,glibbing,glibbed
glimmer,glimmering,glimmered
glimpse,glimpsing,glimpsed
glint,glinting,glinted
glissade,glissading,glissaded
glisten,glistening,glistened
glister,glistering,glistered
glitch,glitching,glitched
glitter,glittering,glittered
gloam,gloaming,gloamed
gloar,gloaring,gloared
gloat,gloating,gloated
glob,globbing,globbed
globalise,globalising,globalised
globalize,globalizing,globalized
globe,globing,globed
globe-trot,globe-trotting,globe-trotted
globetrot,globetrotting,globetrotted
glom,glomming,glommed
glome,gloming,glomed
glomerate,glomerating,glomerated
glomp,glomping,glomped
gloom,glooming,gloomed
gloop,glooping,glooped
glop,glopping,glopped
glope,gloping,gloped
gloppen,gloppening,gloppened
glore,gloring,glored
glorify,glorifying,glorified
glory,glorying,gloried
gloss,glossing,glossed
glottalise,glottalising,glottalised
glottalize,glottalizing,glottalized
glour,glouring,gloured
glout,glouting,glouted
glove,gloving,gloved
glow,glowing,glowed
glower,glowering,glowered
gloze,glozing,glozed
gluck,glucking,glucked
glucosylate,glucosylating,glucosylated
glue,gluing or glueing,glued
glug,glugging,glugged
glum,glumming,glummed
glump,glumping,glumped
glut,glutting,glutted
glutch,glutching,glutched
glutinate,glutinating,glutinated
glutton,gluttoning,gluttoned
gluttonise,gluttonising,gluttonised
gluttonize,gluttonizing,gluttonized
glycate,glycating,glycated
Gmail,Gmailing,Gmailed
gnar,gnarring,gnarred
gnarl,gnarling,gnarled
gnash,gnashing,gnashed
gnasp,gnasping,gnasped
gnast,gnasting,gnasted
gnaw,gnawing,gnawed
gnod,gnodding,gnodded
gnosticise,gnosticising,gnosticised
gnosticize,gnosticizing,gnosticized
go,going,went
goad,goading,goaded
goal-suck,goal-sucking,goal-sucked
goaltend,goaltending,goaltended
goat,goating,goated
gob,gobbing,gobbed
gobbet,gobbeting,gobbeted
gobble,gobbling,gobbled
goblinize,goblinizing,goblinized
gobsmack,gobsmacking,gobsmacked
god,godding,godded
godcast,godcasting,godcast
godfather,godfathering,godfathered
godmother,godmothering,godmothered
goffer,goffering,goffered
goggle,goggling,goggled
gold,golding,golded
gold-plate,gold plating,gold plated
goldbrick,goldbricking,goldbricked
golden,goldening,goldened
golf,golfing,golfed
golly,gollying,gollied
gong,gonging,gonged
gongoozle,gongoozling,gongoozled
goo,gooing,gooed
good,gooding,gooded
gooden,goodening,goodened
goof,goofing,goofed
google,googling,googled
googlebomb,googlebombing,googlebombed
googlewhore,googlewhoring,googlewhored
goose,goosing,goosed
goose-pen,goose-penning,goose-penned
goose-step,goose-stepping,goose-stepped
goosestep,goosestepping,goosestepped
gore,goring,gored
gorge,gorging,gorged
gorgonize,gorgonizing,gorgonized
gorm,gorming,gormed
gormandize,gormandizing,gormandized
gospel,gospelling,gospelled
gospelize,gospelizing,gospelized
Gothicise,Gothicising,Gothicised
Gothicize,Gothicizing,Gothicized
gouge,gouging,gouged
gourmandise,gourmandising,gourmandised
govern,governing,governed
governess,governessing,governessed
governmentalize,governmentalizing,governmentalized
gowk,gowking,gowked
gowl,gowling,gowled
gown,gowning,gowned
grab,grabbing,grabbed
grabble,grabbling,grabbled
grace,gracing,graced
gradate,gradating,gradated
gradation,gradationing,gradationed
grade,grading,graded
graduate,graduating,graduated
graff,graffing,graffed
graffiti,graffitiing,graffitied
graft,grafting,grafted
grain,graining,grained
graith,graithing,graithed
gralloch,gralloching,gralloched
grame,graming,gramed
grammar,grammaring,grammared
grammaticalise,grammaticalising,grammaticalised
grammaticalize,grammaticalizing,grammaticalized
grammaticize,grammaticizing,grammaticized
grandfather,grandfathering,grandfathered
grandstand,grandstanding,grandstanded
grane,graning,graned
grangerise,grangerising,grangerised
grangerize,grangerizing,grangerized
granitize,granitizing,granitized
grant,granting,granted
granularise,granularising,granularised
granularize,granularizing,granularized
granulate,granulating,granulated
graph,graphing,graphed
graphitise,graphitising,graphitised
graphitize,graphitizing,graphitized
grapple,grappling,grappled
grasp,grasping,grasped
grass,grassing,grassed
grasscycle,grasscycling,grasscycled
grate,grating,grated
graticulate,graticulating,graticulated
gratify,gratifying,gratified
gratinate,gratinating,gratinated
gratulate,gratulating,gratulated
graunch,graunching,graunched
graunt,graunting,graunted
gravel,gravelling,gravelled
gravitate,gravitating,gravitated
gray,graying,grayed
graylist,graylisting,graylisted
grayscale,grayscaling,grayscaled
graze,grazing,grazed
grease,greasing,greased
greaseproof,greaseproofing,greaseproofed
greaten,greatening,greatened
greave,greaving,greaved
grecize,grecizing,grecized
gree,greeing,greed
greek,greeking,greeked
green,greening,greened
greenify,greenifying,greenified
greenline,greenlining,greenlined
greenwash,greenwashing,greenwashed
greet,greeting,greeted
gregarize,gregarizing,gregarized
greit,greiting,greited
grep,grepping,grepped
grey,greying,greyed
greyhound,greyhounding,greyhounded
greylist,greylisting,greylisted
greyscale,greyscaling,greyscaled
grice,gricing,griced
grid,gridding,gridded
griddle,griddling,griddled
gride,griding,grided
grief,griefing,griefed
grieve,grieving,grieved
grift,grifting,grifted
grig,grigging,grigged
grill,grilling,grilled
grimace,grimacing,grimaced
grime,griming,grimed
grin,grinning,grinned
grip,gripping,gripped
gripe,griping,griped
gripple,grippling,grippled
grizzle,grizzling,grizzled
groan,groaning,groaned
groin,groining,groined
grok,grokking,grokked
grommet,grommeting,grommeted
groom,grooming,groomed
groop,grooping,grooped
groove,grooving,grooved
grope,groping,groped
gross,grossing,grossed
grouch,grouching,grouched
ground,grounding,grounded
group,grouping,grouped
grouse,grousing,groused
grout,grouting,grouted
grow,growing,grew
growe,growing,grewe
growl,growling,growled
growse,growsing,growsed
groze,grozing,grozed
grub,grubbing,grubbed
grubble,grubbling,grubbled
grubstake,grubstaking,grubstaked
grudge,grudging,grudged
grue,gruing,grued
gruff,gruffing,gruffed
grumble,grumbling,grumbled
grump,grumping,grumped
grundle,grundling,grundled
grunt,grunting,grunted
gruntle,gruntling,gruntled
grutch,grutching,grutched
gryde,gryding,gryded
grype,gryping,gryped
guarantee,guaranteeing,guaranteed
guaranty,guarantying,guarantied
guard,guarding,guarded
guarde,guarding,guarded
guarish,guarishing,guarished
gub,gubing,gubed
guddle,guddling,guddled
gudgeon,gudgeoning,gudgeoned
guerdon,guerdoning,guerdoned
guess,guessing,guessed
guesstimate,guesstimating,guesstimated
guest,guesting,guested
guestimate,guestimating,guestimated
guff,guffing,guffed
guffaw,guffawing,guffawed
guggle,guggling,guggled
guide,guiding,guided
guile,guiling,guiled
guillotine,guillotining,guillotined
guilt,guilting,guilted
guilt-trip,guilt-tripping,guilt-tripped
guitar,guitaring,guitared
gulch,gulching,gulched
gull,gulling,gulled
gully,gullying,gullied
gulp,gulping,gulped
gum,gumming,gummed
gummer,gummering,gummered
gun,gunning,gunned
gunge,gunging,gunged
gunzel,gunzelling,gunzelled
gunzip,gunzipping,gunzipped
gurge,gurging,gurged
gurgle,gurgling,gurgled
gurn,gurning,gurned
gush,gushing,gushed
gust,gusting,gusted
gut,gutting,gutted
guts,gutsing,gutsed
gutter,guttering,guttered
guttle,guttling,guttled
gutturalize,gutturalizing,gutturalized
gutturize,gutturizing,gutturized
guy,guying,guyed
guzzle,guzzling,guzzled
gybe,gybing,gybed
gym,gyming,gymed
gyp,gypping,gypped
gypsy,gypsying,gypsied
gyrate,gyrating,gyrated
gyre,gyring,gyred
gyrostabilize,gyrostabilizing,gyrostabilized
gyve,gyving,gyved
gzip,gzipping,gzipped
haberdash,haberdashing,haberdashed
habilitate,habilitating,habilitated
habit,habiting,habited
habituate,habituating,habituated
hack,hacking,hacked
hackle,hackling,hackled
hackney,hackneying,hackneyed
hacksaw,hacksawing,hacksawed
hade,hading,haded
hadronise,hadronising,hadronised
hadronize,hadronizing,hadronized
haemorrhage,haemorrhaging,haemorrhaged
haet,haeting,haeted
haffle,haffling,haffled
haft,hafting,hafted
hafta,-,hadda
hag,hagging,hagged
haggle,haggling,haggled
hagride,hagriding,"hagrode or, archaic hagrid"
hail,hailing,hailed
haint,hainting,hainted
hake,haking,haked
hale,haling,haled
half,halving,halved
half-inch,half-inching,half-inched
halfcock,halfcocking,halfcocked
halftone,halftoning,halftoned
hallelujah,hallelujahing,hallelujahed
hallmark,hallmarking,hallmarked
hallo,halloing,halloed
halloo,hallooing,hallooed
hallow,hallowing,hallowed
hallucinate,hallucinating,hallucinated
halo,haloing,haloed
halogenate,halogenating,halogenated
haloo,halooing,halooed
halp,halping,halped
halse,halsing,halsed
halsen,halsening,halsened
halt,halting,halted
halter,haltering,haltered
halve,halving,halved
ham,hamming,hammed
hamble,hambling,hambled
hammer,hammering,hammered
hammermill,hammermilling,hammermilled
hamper,hampering,hampered
hamshackle,hamshackling,hamshackled
hamstring,hamstringing,hamstrung
hance,hancing,hanced
hand,handing,handed
hand-code,hand-coding,hand-coded
hand-hold,hand-holding,hand-held
handbag,handbagging,handbagged
handball,handballing,handballed
handbrake,handbraking,handbraked
handcraft,handcrafting,handcrafted
handcuff,handcuffing,handcuffed
handfast,handfasting,handfasted
handicap,handicapping,handicapped
handknit,handknitting,handknitted
handle,handling,handled
handmake,handmaking,handmade
handpass,handpassing,handpassed
handpick,handpicking,handpicked
handplant,handplanting,handplanted
handsome,handsoming,handsomed
handwave,handwaving,handwaved
handwrite,handwriting,handwrote
hang-glide,hang-gliding,hang-glided
hank,hanking,hanked
hanker,hankering,hankered
hansel,hanselling,hanselled
hap,happing,happed
haplotype,haplotyping,haplotyped
happen,happening,happened
happify,happifying,happified
haptenize,haptenizing,haptenized
harang,haranging,haranged
harangue,haranguing,harangued
harass,harassing,harassed
harbinger,harbingering,harbingered
harbor,harboring,harbored
harbour,harbouring,harboured
hard-boil,hard-boiling,hard-boiled
hard-wire,hard-wiring,hard-wired
hardboil,hardboiling,hardboiled
hardcode,hardcoding,hardcoded
harden,hardening,hardened
hardwire,hardwiring,hardwired
hare,haring,hared
hark,harking,harked
harken,harkening,harkened
harlequin,harlequining,harlequined
harm,harming,harmed
harmonise,harmonising,harmonised
harmonize,harmonizing,harmonized
harnass,harnassing,harnassed
harness,harnessing,harnessed
harp,harping,harped
harpoon,harpooning,harpooned
harrage,harraging,harraged
harrow,harrowing,harrowed
harrumph,harrumphing,harrumphed
harry,harrying,harried
harsh,harshing,harshed
harshen,harshening,harshened
harten,hartening,hartened
hartshorn,hartshorning,hartshorned
harumph,harumphing,harumphed
harvest,harvesting,harvested
hash,hashing,hashed
hashtag,hashtagging,hashtagged
hasp,hasping,hasped
hassle,hassling,hassled
haste,hasting,hasted
hasten,hastening,hastened
hatch,hatching,hatched
hatchel,hatchelling,hatchelled
hate,hating,hated
hate-fuck,hate-fucking,hate-fucked
hatefuck,hatefucking,hatefucked
hatter,hattering,hattered
haul,hauling,hauled
haulse,haulsing,haulsed
haunce,hauncing,haunced
haunt,haunting,haunted
have,having,had
haven,havening,havened
haver,havering,havered
havoc,havocking,havocked
haw,hawing,hawed
hawk,hawking,hawked
hawm,hawming,hawmed
haxor,haxoring,haxored
hay,haying,hayed
hazard,hazarding,hazarded
haze,hazing,hazed
head,heading,headed
head-butt,head-butting,head-butted
headbang,headbanging,headbanged
headbutt,headbutting,headbutted
headcarry,headcarrying,headcarried
headdesk,headdesking,headdesked
headhunt,headhunting,headhunted
headline,headlining,headlined
headlong,headlonging,headlonged
headquarter,headquartering,headquartered
heaf,heafing,heafed
heal,healing,healed
heald,healding,healded
healthen,healthening,healthened
hean,heaning,heaned
heap,heaping,heaped
heapsort,heapsorting,heapsorted
hear,hearing,heard
hearken,hearkening,hearkened
hearse,hearsing,hearsed
hearsome,hearsoming,hearsomed
heart,hearting,hearted
hearten,heartening,heartened
hearthstone,hearthstoning,hearthstoned
heat,heating,heated
heat-seal,heat-sealing,heat-sealed
heathenize,heathenizing,heathenized
heatproof,heatproofing,heatproofed
heatsink,heatsinking,heatsinked
heave,heaving,"heaved or, nautical, hove"
heave-ho,heave-hoing,heave-hoed
heaven,heavening,heavened
heavenize,heavenizing,heavenized
heavy,heavying,heavied
hebetate,hebetating,hebetated
Hebraicize,Hebraicizing,Hebraicized
Hebraize,Hebraizing,Hebraized
heckle,heckling,heckled
hector,hectoring,hectored
heddle,heddling,heddled
hedge,hedging,hedged
hedge-hop,hedge-hopping,hedge-hopped
hedgehop,hedgehopping,hedgehopped
hee-haw,hee-hawing,hee-hawed
heed,heeding,heeded
heehaw,heehawing,heehawed
heel,heeling,heeled
heeld,heelding,heelded
heeltap,heeltapping,heeltapped
heeze,heezing,heezed
heft,hefting,hefted
hegemonise,hegemonising,hegemonised
hegemonize,hegemonizing,hegemonized
heigh-ho,heigh-hoing,heigh-hoed
heighten,heightening,heightened
heil,heiling,heiled
heist,heisting,heisted
heli-ski,heli-skiing,heli-skied
helicopt,helicopting,helicopted
helicopter,helicoptering,helicoptered
heliograph,heliographing,heliographed
heliski,heliskiing,heliskied
Hellenise,Hellenising,Hellenised
Hellenize,Hellenizing,Hellenized
hello,helloing,helloed
helm,helming,helmed
helve,helving,helved
hem,hemming,hemmed
hemisect,hemisecting,hemisected
hemorrhage,hemorrhaging,hemorrhaged
hemstitch,hemstitching,hemstitched
hen,henning,henned
hence,hencing,henced
hench,henching,henched
hend,hending,hended
henpeck,henpecking,henpecked
hent,henting,hent
heparinise,heparinising,heparinised
heparinize,heparinizing,heparinized
hepatize,hepatizing,hepatized
herald,heralding,heralded
herbarize,herbarizing,herbarized
herborize,herborizing,herborized
herd,herding,herded
hereticate,hereticating,hereticated
hermitize,hermitizing,hermitized
herniate,herniating,herniated
heroise,heroising,heroised
heroize,heroizing,heroized
herringbone,herringboning,herringboned
herry,herrying,herried
herse,hersing,hersed
herye,herying,heryed
hesitate,hesitating,hesitated
heterodimerize,heterodimerizing,heterodimerized
heterodyne,heterodyning,heterodyned
heterograft,heterografting,heterografted
heterolyze,heterolyzing,heterolyzed
heteronormalize,heteronormalizing,heteronormalized
heterosexualize,heterosexualizing,heterosexualized
hex,hexing,hexed
hibernate,hibernating,hibernated
Hibernicize,Hibernicizing,Hibernicized
hiccough,hiccoughing,hiccoughed
hick,hicking,hicked
hidate,hidating,hidated
hiddle,hiddling,hiddled
hide,hiding,hid
hie,hying or hieing,hied
hield,hielding,hielded
hierarchize,hierarchizing,hierarchized
higgle,higgling,higgled
high,highing,highed
highball,highballing,highballed
highen,highening,highened
highjack,highjacking,highjacked
highlight,highlighting,highlighted
hight,highting,hight
hightail,hightailing,hightailed
hijack,hijacking,hijacked
hike,hiking,hiked
hikoi,hikoiing,hikoied
hilite,hiliting,hilited
hill,hilling,hilled
hillo,hilloing,hilloed
hilloa,hilloaing,hilloaed
hilt,hilting,hilted
hinder,hindering,hindered
hindre,hindring,hindred
hinge,hinging or hingeing,hinged
hinny,hinnying,hinnied
hint,hinting,hinted
hip,hipping,hipped
hippity-hop,hippity-hopping,hippity-hopped
hippodrome,hippodroming,hippodromed
hire,hiring,hired
hirple,hirpling,hirpled
Hispanicize,Hispanicizing,Hispanicized
hiss,hissing,hissed
histogram,histogramming,histogrammed
histolyse,histolysing,histolysed
histolyze,histolyzing,histolyzed
historicize,historicizing,historicized
historify,historifying,historified
historize,historizing,historized
history,historying,historied
histrionize,histrionizing,histrionized
hit,hitting,hit
hitch,hitching,hitched
hitch-hike,hitch-hiking,hitch-hiked
hitchel,hitchelling,hitchelled
hitchhike,hitchhiking,hitchhiked
hive,hiving,hived
hivernate,hivernating,hivernated
hizz,hizzing,hizzed
hmm,hmming,hmmed
hmph,hmphing,hmphed
hoar,hoaring,hoared
hoard,hoarding,hoarded
hoarsen,hoarsening,hoarsened
hoast,hoasting,hoasted
hoax,hoaxing,hoaxed
hob,hobbing,hobbed
hob-nob,hob-nobbing,hob-nobbed
hobandnob,hobandnobbing,hobandnobbed
hobanob,hobanobbing,hobanobbed
hobble,hobbling,hobbled
hobday,hobdaying,hobdayed
hobnail,hobnailing,hobnailed
hobnob,hobnobbing,hobnobbed
hobo,hoboing,hoboed
hock,hocking,hocked
hockle,hockling,hockled
hocuspocus,hocuspocusing,hocuspocused
hode,hoding,hoded
hoe,hoeing,hoed
hoedown,hoedowning,hoedowned
hog,hogging,hogged
hog-tie,hog-tying,hog-tied
hogtie,hogtying,hogtied
hoick,hoicking,hoicked
hoiden,hoidening,hoidened
hoik,hoiking,hoiked
hoke,hoking,hoked
hold,holding,held
hole,holing,holed
holiday,holidaying,holidayed
holk,holking,holked
holla,hollaing,hollaed
holler,hollering,hollered
hollo,holloing,holloed
holloa,holloaing,holloaed
hollow,hollowing,hollowed
Hollywoodize,Hollywoodizing,Hollywoodized
holster,holstering,holstered
holystone,holystoning,holystoned
homage,homaging,homaged
home,homing,homed
homebrew,homebrewing,homebrewed
homer,homering,homered
homeschool,homeschooling,homeschooled
homestead,homesteading,homesteaded
homodimerize,homodimerizing,homodimerized
homodyne,homodyning,homodyned
homogenise,homogenising,homogenised
homogenize,homogenizing,homogenized
homologate,homologating,homologated
homologize,homologizing,homologized
homopolymerize,homopolymerizing,homopolymerized
homosexualise,homosexualising,homosexualised
homosexualize,homosexualizing,homosexualized
homotope,homotoping,homotoped
hone,honing,honed
honest,honesting,honested
honey,honeying,honeyed
honeycomb,honeycombing,honeycombed
honeyfuggle,honeyfuggling,honeyfuggled
honeyfugle,honeyfugling,honeyfugled
honeymoon,honeymooning,honeymooned
honk,honking,honked
honnor,honnoring,honnored
honnour,honnouring,honnoured
honor,honoring,honored
honour,honouring,honoured
hood,hooding,hooded
hoodoo,hoodooing,hoodooed
hoodwink,hoodwinking,hoodwinked
hoof,hoofing,hoofed
hook,hooking,hooked
hoon,hooning,hooned
hoop,hooping,hooped
hooray,hooraying,hoorayed
hoot,hooting,hooted
hoover,hoovering,hoovered
hop,hopping,hopped
hope,hoping,hoped
hopple,hoppling,hoppled
hopscotch,hopscotching,hopscotched
horizontalize,horizontalizing,horizontalized
hork,horking,horked
Horlicks,Horlicksing,Horlicksed
horn,horning,horned
hornify,hornifying,hornified
hornpipe,hornpiping,hornpiped
hornswoggle,hornswoggling,hornswoggled
horrify,horrifying,horrified
horse,horsing,horsed
horsecollar,horsecollaring,horsecollared
horseplay,horseplaying,horseplayed
horseshoe,horseshoeing,horseshoed
horsetrade,horsetradeing,horsetradeed
horsewhip,horsewhipping,horsewhipped
hose,hosing,hosed
hospitalise,hospitalising,hospitalised
hospitalize,hospitalizing,hospitalized
hospitate,hospitating,hospitated
host,hosting,hosted
hostilize,hostilizing,hostilized
hot,hotting,hotted
hot-desk,hot-desking,hot-desked
hot-swap,hot-swapping,hot-swapped
hot-tub,hot-tubbing,hot-tubbed
hot-wire,hot-wiring,hot-wired
hotbox,hotboxing,hotboxed
hotch,hotching,hotched
hotdesk,hotdesking,hotdesked
hotdog,hotdogging,hotdogged
hote,hoting,hight
hothouse,hothousing,hothoused
hotline,hotlining,hotlined
hotlist,hotlisting,hotlisted
hotpress,hotpressing,hotpressed
hotter,hottering,hottered
hotwire,hotwiring,hotwired
hough,houghing,houghed
hould,houlding,held
hound,hounding,hounded
house,housing,housed
house-sit,house-sitting,house-sat
housebreak,housebreaking,housebroke
houseclean,housecleaning,housecleaned
housekeep,housekeeping,housekept
housemaid,housemaiding,housemaided
housesit,housesitting,housesat
housetrain,housetraining,housetrained
housewife,housewifing,housewifed
housewive,housewiving,housewived
hove,hoving,hoved
hover,hovering,hovered
howel,howelling,howelled
howl,howling,howled
howp,howping,howped
hox,hoxing,hoxed
hoy,hoyin,hoyed
huck,hucking,hucked
hucklebuck,hucklebucking,hucklebucked
huckster,huckstering,huckstered
huddle,huddling,huddled
huff,huffing,huffed
hug,hugging,hugged
hugger,huggering,huggered
huggle,huggling,huggled
hulk,hulking,hulked
hull,hulling,hulled
hum,humming,hummed
humanify,humanifying,humanified
humanise,humanising,humanised
humanitarianize,humanitarianizing,humanitarianized
humanize,humanizing,humanized
humble,humbling,humbled
humbug,humbugging,humbugged
humect,humecting,humected
humectate,humectating,humectated
humidify,humidifying,humidified
humify,humifying,humified
humiliate,humiliating,humiliated
hummel,hummelling,hummelled
humor,humoring,humored
humorise,humorising,humorised
humorize,humorizing,humorized
humour,humouring,humoured
humourise,humourising,humourised
humourize,humourizing,humourized
hump,humping,humped
humph,humphing,humphed
hunch,hunching,hunched
hunger,hungering,hungered
hunker,hunkering,hunkered
hunt,hunting,hunted
hurdle,hurdling,hurdled
hurkle,hurkling,hurkled
hurl,hurling,hurled
hurr,hurring,hurred
hurrah,hurrahing,hurrahed
hurray,hurraying,hurrayed
hurry,hurrying,hurried
hurry-skurry,hurry-skurrying,hurry-skurried
hurt,hurting,hurt
hurtle,hurtling,hurtled
husband,husbanding,husbanded
hush,hushing,hushed
husk,husking,husked
hustle,hustling,hustled
huswife,huswifing,huswifed
hut,hutting,hutted
hutch,hutching,hutched
huxter,huxtering,huxtered
huzz,huzzing,huzzed
huzza,huzzaing,huzzaed
huzzah,huzzahing,huzzahed
hybernate,hybernating,hybernated
hybridise,hybridising,hybridised
hybridize,hybridizing,hybridized
hydrate,hydrating,hydrated
hydrocrack,hydrocracking,hydrocracked
hydrodesulfurize,hydrodesulfurizing,hydrodesulfurized
hydroentangle,hydroentangling,hydroentangled
hydrogenate,hydrogenating,hydrogenated
hydrogenise,hydrogenising,hydrogenised
hydrogenize,hydrogenizing,hydrogenized
hydroisomerize,hydroisomerizing,hydroisomerized
hydrolize,hydrolizing,hydrolized
hydrolyse,hydrolysing,hydrolysed
hydrolyze,hydrolyzing,hydrolyzed
hydrophilize,hydrophilizing,hydrophilized
hydroplane,hydroplaning,hydroplaned
hydrotreat,hydrotreating,hydrotreated
hydroxylate,hydroxylating,hydroxylated
hye,hying,hyed
hymn,hymning,hymned
hyp,hypping,hypped
hype,hyping,hyped
hyperacetylate,hyperacetylating,hyperacetylated
hyperactivate,hyperactivating,hyperactivated
hyperbolise,hyperbolising,hyperbolised
hyperbolize,hyperbolizing,hyperbolized
hypercompute,hypercomputing,hypercomputed
hypercorrect,hypercorrecting,hypercorrected
hypercriticize,hypercriticizing,hypercriticized
hyperextend,hyperextending,hyperextended
hyperlink,hyperlinking,hyperlinked
hypermutate,hypermutating,hypermutated
hyperosculate,hyperosculating,hyperosculated
hyperphosphorylate,hyperphosphorylating,hyperphosphorylated
hyperpolarise,hyperpolarising,hyperpolarised
hyperpolarize,hyperpolarizing,hyperpolarized
hyperregulate,hyperregulating,hyperregulated
hypersensitize,hypersensitizing,hypersensitized
hypersexualise,hypersexualising,hypersexualised
hypersexualize,hypersexualizing,hypersexualized
hyperstimulate,hyperstimulating,hyperstimulated
hypertextualize,hypertextualizing,hypertextualized
hypertexture,hypertexturing,hypertextured
hypertrophy,hypertrophying,hypertrophied
hyperventilate,hyperventilating,hyperventilated
hyphen,hyphening,hyphened
hyphenate,hyphenating,hyphenated
hypnotise,hypnotising,hypnotised
hypnotize,hypnotizing,hypnotized
hypostasize,hypostasizing,hypostasized
hypostatize,hypostatizing,hypostatized
hypothecate,hypothecating,hypothecated
hypothesise,hypothesising,hypothesised
hypothesize,hypothesizing,hypothesized
iambize,iambizing,iambized
ice,icing,iced
ice-jack,ice-jacking,ice-jacked
ice-skate,ice-skating,ice-skated
iconify,iconifying,iconified
iconize,iconizing,iconized
ICQ,ICQing,ICQed
ID,IDing,IDed
idealise,idealising,idealised
idealize,idealizing,idealized
ideate,ideating,ideated
identify,identifying,identified
ideologise,ideologising,ideologised
ideologize,ideologizing,ideologized
idiotize,idiotizing,idiotized
idle,idling,idled
idolatrize,idolatrizing,idolatrized
idolise,idolising,idolised
idolize,idolizing,idolized
igg,igging,igged
iggy,iggying,iggied
ignify,ignifying,ignified
ignite,igniting,ignited
ignore,ignoring,ignored
ill-treat,ill-treating,ill-treated
illapse,illapsing,illapsed
illaqueate,illaqueating,illaqueated
illegalise,illegalising,illegalised
illegalize,illegalizing,illegalized
illegitimatize,illegitimatizing,illegitimatized
illiberalize,illiberalizing,illiberalized
illighten,illightening,illightened
illtreat,illtreating,illtreated
illude,illuding,illuded
illume,illuming,illumed
illuminate,illuminating,illuminated
illumine,illumining,illumined
illuminize,illuminizing,illuminized
illure,illuring,illured
illustrate,illustrating,illustrated
image,imaging,imaged
imagin,imagining,imagined
imagine,imagining,imagined
imbalm,imbalming,imbalmed
imband,imbanding,imbanded
imbank,imbanking,imbanked
imbar,imbarring,imbarred
imbark,imbarking,imbarked
imbarn,imbarning,imbarned
imbarrass,imbarrassing,imbarrassed
imbase,imbasing,imbased
imbastardize,imbastardizing,imbastardized
imbathe,imbathing,imbathed
imbay,imbaying,imbayed
imbecilitate,imbecilitating,imbecilitated
imbed,imbedding,imbedded
imbezzle,imbezzling,imbezzled
imbibe,imbibing,imbibed
imbitter,imbittering,imbittered
imblaze,imblazing,imblazed
imblazon,imblazoning,imblazoned
imbody,imbodying,imbodied
imboil,imboiling,imboiled
imbolden,imboldening,imboldened
imborder,imbordering,imbordered
imbosk,imbosking,imbosked
imbosom,imbosoming,imbosomed
imboss,imbossing,imbossed
imbound,imbounding,imbounded
imbow,imbowing,imbowed
imbowel,imboweling,imboweled
imbower,imbowering,imbowered
imbox,imboxing,imboxed
imbrace,imbracing,imbraced
imbraid,imbraiding,imbraided
imbrangle,imbrangling,imbrangled
imbreathe,imbreathing,imbreathed
imbreed,imbreeding,imbred
imbrew,imbrewing,imbrewed
imbricate,imbricating,imbricated
imbring,imbringing,imbrought
imbrown,imbrowning,imbrowned
imbrue,imbruing,imbrued
imbrute,imbruting,imbruted
imbue,imbuing,imbued
imburse,imbursing,imbursed
imitate,imitating,imitated
immanacle,immanacling,immanacled
immanentise,immanentising,immanentised
immanentize,immanentizing,immanentized
immantle,immantling,immantled
immask,immasking,immasked
immaterialize,immaterializing,immaterialized
immerge,immerging,immerged
immerse,immersing,immersed
immesh,immeshing,immeshed
immew,immewing,immewed
immigrate,immigrating,immigrated
immingle,immingling,immingled
immiserate,immiserating,immiserated
immit,immitting,immitted
immix,immixing,immixed
immobilise,immobilising,immobilised
immobilize,immobilizing,immobilized
immolate,immolating,immolated
immortalise,immortalising,immortalised
immortalize,immortalizing,immortalized
immould,immoulding,immoulded
immunise,immunising,immunised
immunize,immunizing,immunized
immunoblot,immunoblotting,immunoblotted
immunodeplete,immunodepleting,immunodepleted
immunodetect,immunodetecting,immunodetected
immunolabel,immunolabeling,immunolabeled
immunolocalize,immunolocalizing,immunolocalized
immunoprotect,immunoprotecting,immunoprotected
immunosuppress,immunosuppressing,immunosuppressed
immure,immuring,immured
immute,immuting,immuted
imp,imping,imped
impact,impacting,impacted
impaint,impainting,impainted
impair,impairing,impaired
impale,impaling,impaled
impallid,impalliding,impallided
impalm,impalming,impalmed
impalsy,impalsying,impalsied
impanate,impanating,impanated
imparadise,imparadising,imparadised
impark,imparking,imparked
imparl,imparling,imparled
impart,imparting,imparted
impassion,impassioning,impassioned
impassionate,impassionating,impassionated
impaste,impasting,impasted
impasture,impasturing,impastured
impatronize,impatronizing,impatronized
impave,impaving,impaved
impawn,impawning,impawned
impeach,impeaching,impeached
impearl,impearling,impearled
impede,impeding,impeded
impedite,impediting,impedited
impeed,impeeding,impeeded
impel,impelling,impelled
impen,impenning,impenned
impend,impending,impended
impeople,impeopling,impeopled
imperialize,imperializing,imperialized
imperil,imperilling,imperilled
impermeabilize,impermeabilizing,impermeabilized
impersonalize,impersonalizing,impersonalized
impersonate,impersonating,impersonated
impest,impesting,impested
impester,impestering,impestered
impetrate,impetrating,impetrated
impierce,impiercing,impierced
impignorate,impignorating,impignorated
impinge,impinging,impinged
impinguate,impinguating,impinguated
implant,implanting,implanted
implate,implating,implated
impleach,impleaching,impleached
implead,impleading,impleaded
impledge,impledging,impledged
implement,implementing,implemented
implicate,implicating,implicated
implode,imploding,imploded
implore,imploring,implored
imploy,imploying,imployed
implunge,implunging,implunged
imply,implying,implied
impoison,impoisoning,impoisoned
impolder,impoldering,impoldered
impone,imponing,imponed
impoor,impooring,impoored
import,importing,imported
importunate,importunating,importunated
importune,importuning,importuned
impose,imposing,imposed
imposthumate,imposthumating,imposthumated
imposthume,imposthuming,imposthumed
impound,impounding,impounded
impoverish,impoverishing,impoverished
impower,impowering,impowered
impowre,impowring,impowred
imprecate,imprecating,imprecated
impregn,impregning,impregned
impregnate,impregnating,impregnated
impress,impressing,impressed
imprest,impresting,imprested
imprint,imprinting,imprinted
imprison,imprisoning,imprisoned
improbate,improbating,improbated
improper,impropering,impropered
impropriate,impropriating,impropriated
improve,improving,improved
improvisate,improvisating,improvisated
improvisatize,improvisatizing,improvisatized
improvise,improvising,improvised
improvize,improvizing,improvized
impugn,impugning,impugned
impulse,impulsing,impulsed
impure,impuring,impured
impurify,impurifying,impurified
impurple,impurpling,impurpled
impute,imputing,imputed
in,inning,inned
in-box,in-boxing,in-boxed
in-service,in-serviced,in-serviced
in-winter,in-wintering,in-wintered
inable,inabling,inabled
inactivate,inactivating,inactivated
inactuate,inactuating,inactuated
inamor,inamoring,inamored
inamour,inamouring,inamoured
inanimate,inanimating,inanimated
inarch,inarching,inarched
inaugur,inauguring,inaugured
inaugurate,inaugurating,inaugurated
inaurate,inaurating,inaurated
inawe,inawing,inawed
inbear,inbearing,inbore
inbeat,inbeating,inbeat
inbelch,inbelching,inbelched
inbind,inbinding,inbound
inbland,inblanding,inblanded
inblind,inblinding,inblinded
inblow,inblowing,inblew
inboard,inboarding,inboarded
inborrow,inborrowing,inborrowed
inbound,inbounding,inbounded
inbox,inboxing,inboxed
inbreak,inbreaking,inbroke
inbreathe,inbreathing,inbreathed
inbreed,inbreeding,inbred
inbring,inbringing,inbrought
inbuild,inbuilding,inbuilt
inburn,inburning,inburned
incage,incaging,incaged
incandesce,incandescing,incandesced
incant,incanting,incanted
incapacitate,incapacitating,incapacitated
incapsulate,incapsulating,incapsulated
incarcerate,incarcerating,incarcerated
incardinate,incardinating,incardinated
incarn,incarning,incarned
incarnadine,incarnadining,incarnadined
incarnate,incarnating,incarnated
incase,incasing,incased
incask,incasking,incasked
incend,incending,incended
incense,incensing,incensed
incent,incenting,incented
incentivise,incentivising,incentivised
incentivize,incentivizing,incentivized
incept,incepting,incepted
inch,inching,inched
inchamber,inchambering,inchambered
inchant,inchanting,inchanted
inchase,inchasing,inchased
inchaunt,inchaunting,inchaunted
inchoate,inchoating,inchoated
incide,inciding,incided
incinerate,incinerating,incinerated
incircle,incircling,incircled
incise,incising,incised
incite,inciting,incited
inclasp,inclasping,inclasped
incline,inclining,inclined
incloister,incloistering,incloistered
inclose,inclosing,inclosed
incloud,inclouding,inclouded
include,including,included
incomber,incombering,incombered
incombine,incombining,incombined
incommodate,incommodating,incommodated
incommode,incommoding,incommoded
incompass,incompassing,incompassed
inconvenience,inconveniencing,inconvenienced
incoop,incooping,incooped
incorporate,incorporating,incorporated
incorpse,incorpsing,incorpsed
incourage,incouraging,incouraged
incrassate,incrassating,incrassated
increase,increasing,increased
increate,increating,increated
incremate,incremating,incremated
increment,incrementing,incremented
increpate,increpating,increpated
increst,incresting,incrested
incriminate,incriminating,incriminated
incross,incrossing,incrossed
incrust,incrusting,incrusted
incrustate,incrustating,incrustated
incubate,incubating,incubated
inculcate,inculcating,inculcated
inculk,inculking,inculked
inculpate,inculpating,inculpated
incumber,incumbering,incumbered
incur,incurring,incurred
incurtain,incurtaining,incurtained
incurvate,incurvating,incurvated
incurve,incurving,incurved
incuse,incusing,incused
incute,incuting,incuted
incyst,incysting,incysted
indamage,indamaging,indamaged
indanger,indangering,indangered
indart,indarting,indarted
indear,indearing,indeared
indeavor,indeavoring,indeavored
indeavour,indeavouring,indeavoured
indebt,indebting,indebted
indef,indeffing,indeffed
indemnify,indemnifying,indemnified
indenize,indenizing,indenized
indenizen,indenizening,indenizened
indent,indenting,indented
indenture,indenturing,indentured
independentize,independentizing,independentized
indevour,indevouring,indevoured
indew,indewing,indewed
index,indexing,indexed
Indianise,Indianising,Indianised
Indianize,Indianizing,Indianized
indicate,indicating,indicated
indict,indicting,indicted
indigenize,indigenizing,indigenized
indigitate,indigitating,indigitated
indignify,indignifying,indignified
indispose,indisposing,indisposed
inditch,inditching,inditched
indite,inditing,indited
individualise,individualising,individualised
individualize,individualizing,individualized
individuate,individuating,individuated
indoctrinate,indoctrinating,indoctrinated
indorse,indorsing,indorsed
indow,indowing,indowed
indubitate,indubitating,indubitated
induce,inducing,induced
induct,inducting,inducted
indue,induing,indued
indulge,indulging,indulged
indulgence,indulgencing,indulgenced
indulgiate,indulgiating,indulgiated
indungeon,indungeoning,indungeoned
indurate,indurating,indurated
indure,induring,indured
industrialise,industrialising,industrialised
industrialize,industrializing,industrialized
inearth,inearthing,inearthed
inebriate,inebriating,inebriated
inescate,inescating,inescated
inexist,inexisting,inexisted
ineye,ineying,ineyed
infall,infalling,infell
infame,infaming,infamed
infamize,infamizing,infamized
infang,infanging,infanged
infant,infanting,infanted
infantilise,infantilising,infantilised
infantilize,infantilizing,infantilized
infantize,infantizing,infantized
infarce,infarcing,infarced
infatuate,infatuating,infatuated
infect,infecting,infected
infeeble,infeebling,infeebled
infer,inferring,inferred
infest,infesting,infested
infeudate,infeudating,infeudated
infibulate,infibulating,infibulated
infield,infielding,infielded
infile,infiling,infiled
infill,infilling,infilled
infilm,infilming,infilmed
infilter,infiltering,infiltered
infiltrate,infiltrating,infiltrated
infirm,infirming,infirmed
infix,infixing,infixed
inflame,inflaming,inflamed
inflate,inflating,inflated
inflect,inflecting,inflected
inflesh,infleshing,infleshed
inflex,inflexing,inflexed
inflict,inflicting,inflicted
inflow,inflowing,inflowed
influence,influencing,influenced
infold,infolding,infolded
infoliate,infoliating,infoliated
inforce,inforcing,inforced
inform,informing,informed
informalize,informalizing,informalized
infound,infounding,infounded
infract,infracting,infracted
infranchise,infranchising,infranchised
infrigidate,infrigidating,infrigidated
infringe,infringing,infringed
infumate,infumating,infumated
infuriate,infuriating,infuriated
infuscate,infuscating,infuscated
infuse,infusing,infused
ingage,ingaging,ingaged
ingather,ingathering,ingathered
ingeminate,ingeminating,ingeminated
ingender,ingendering,ingendered
ingenerate,ingenerating,ingenerated
ingeniate,ingeniating,ingeniated
ingerminate,ingerminating,ingerminated
ingest,ingesting,ingested
ingirt,ingirting,ingirted
ingle,ingling,ingled
inglobe,inglobing,inglobed
inglut,inglutting,inglutted
ingo,ingoing,ingoed
ingorge,ingorging,ingorged
ingraff,ingraffing,ingraffed
ingraft,ingrafting,ingrafted
ingrain,ingraining,ingrained
ingrapple,ingrappling,ingrappled
ingratiate,ingratiating,ingratiated
ingrave,ingraving,ingraved
ingravidate,ingravidating,ingravidated
ingress,ingressing,ingressed
ingroove,ingrooving,ingrooved
ingross,ingrossing,ingrossed
ingrow,ingowing,ingrew
ingulf,ingulfing,ingulfed
ingurgitate,ingurgitating,ingurgitated
inhabit,inhabiting,inhabited
inhabitate,inhabitating,inhabitated
inhale,inhaling,inhaled
inhance,inhancing,inhanced
inhaunce,inhauncing,inhaunced
inhearse,inhearsing,inhearsed
inheart,inhearting,inhearted
inhere,inhering,inhered
inherit,inheriting,inherited
inherse,inhersing,inhersed
inhibit,inhibiting,inhibited
inhive,inhiving,inhived
inhold,inholding,inheld
inhoop,inhooping,inhooped
inhumate,inhumating,inhumated
inhume,inhuming,inhumed
inisle,inisling,inisled
init,initing,inited
initialise,initialising,initialised
initialize,initializing,initialized
initiate,initiating,initiated
inject,injecting,injected
injoin,injoining,injoined
injoint,injointing,injointed
injunct,injuncting,injuncted
injure,injuring,injured
injury,injurying,injuried
ink,inking,inked
inkle,inkling,inkled
inknot,inknotting,inknotted
inlace,inlacing,inlaced
inlapidate,inlapidating,inlapidated
inlard,inlarding,inlarded
inlarge,inlarging,inlarged
inlaw,inlawing,inlawed
inlay,inlaying,inlaid
inlead,inleading,inled
inleague,inleaguing,inleagued
inlet,inletting,inlet
inlight,inlighting,inlighted
inlighten,inlightening,inlightened
inline,inlining,inlined
inlist,inlisting,inlisted
inlive,inliving,inlived
inlock,inlocking,inlocked
inlumine,inlumining,inlumined
inmesh,inmeshing,inmeshed
inmew,inmewing,inmewed
inmove,inmoving,inmoved
inn,inning,inned
innate,innating,innated
innerduce,innerducing,innerduced
innervate,innervating,innervated
innerve,innerving,innerved
innew,innewing,innewed
innoculate,innoculating,innoculated
innodate,innodating,innodated
innovate,innovating,innovated
inocubate,inocubating,inocubated
inoculate,inoculating,inoculated
inodiate,inodiating,inodiated
inorder,inordering,inordered
inorganize,inorganizing,inorganized
inosculate,inosculating,inosculated
inquiet,inquieting,inquieted
inquinate,inquinating,inquinated
inquire,inquiring,inquired
inquisition,inquisitioning,inquisitioned
inrage,inraging,inraged
inrail,inrailing,inrailed
inregister,inregistering,inregistered
inroad,inroading,inroaded
inroll,inrolling,inrolled
inrush,inrushing,inrushed
insaniate,insaniating,insaniated
insconce,insconcing,insconced
inscribe,inscribing,inscribed
inscroll,inscrolling,inscrolled
insculp,insculping,insculped
inseam,inseaming,inseamed
insearch,insearching,insearched
insee,inseeing,insaw
inseminate,inseminating,inseminated
insend,insending,insent
insensate,insensating,insensated
insense,insensing,insensed
insert,inserting,inserted
inserve,inserving,inserved
inset,insetting,inset
insheathe,insheathing,insheathed
inshrine,inshrining,inshrined
inshure,inshuring,inshured
insidiate,insidiating,insidiated
insimulate,insimulating,insimulated
insinuate,insinuating,insinuated
insist,insisting,insisted
inslave,inslaving,inslaved
insnare,insnaring,insnared
insnarl,insnarling,insnarled
insolate,insolating,insolated
insolence,insolencing,insolenced
insonate,insonating,insonated
insonicate,insonicating,insonicated
insonify,insonifying,insonified
insoul,insouling,insouled
insource,insourcing,insourced
inspan,inspanning,inspanned
inspect,inspecting,inspected
insperse,inspersing,inspersed
insphere,insphering,insphered
inspiral,inspiraling,inspiraled
inspire,inspiring,inspired
inspirit,inspiriting,inspirited
inspissate,inspissating,inspissated
insta-call,insta-calling,insta-called
instacall,instacalling,instacalled
Instagram,Instagramming,Instagrammed
instal,installing,installed
install,installing,installed
instamp,instamping,instamped
instance,instancing,instanced
instanciate,instanciating,instanciated
instantiate,instantiating,instantiated
instar,instarring,instarred
instate,instating,instated
instaurate,instaurating,instaurated
instaure,instauring,instaured
insteep,insteeping,insteeped
instigate,instigating,instigated
instil,instilling,instilled
instill,instilling,instilled
instimulate,instimulating,instimulated
institute,instituting,instituted
institutionalise,institutionalising,institutionalised
institutionalize,institutionalizing,institutionalized
instop,instopping,instopped
instore,instoring,instored
instream,instreaming,instreamed
instrengthen,instrengthening,instrengthened
instrew,instrewing,instrewed
instruct,instructing,instructed
instrument,instrumenting,instrumented
instrumentalise,instrumentalising,instrumentalised
instrumentalize,instrumentalizing,instrumentalized
instyle,instyling,instyled
insuck,insucking,insucked
insue,insuing,insued
insufflate,insufflating,insufflated
insulate,insulating,insulated
insult,insulting,insulted
insume,insuming,insumed
insure,insuring,insured
inswathe,inswathing,inswathed
intail,intailing,intailed
intake,intaking,intaken
intangle,intangling,intangled
integrate,integrating,integrated
intellectualise,intellectualising,intellectualised
intellectualize,intellectualizing,intellectualized
intemperate,intemperating,intemperated
intend,intending,intended
intenerate,intenerating,intenerated
intensate,intensating,intensated
intensify,intensifying,intensified
inter,interring,interred
interact,interacting,interacted
interanimate,interanimating,interanimated
interbed,interbedding,interbedded
interbreed,interbreeding,interbred
interbring,interbringing,interbrought
intercalate,intercalating,intercalated
intercede,interceding,interceded
interceed,interceeding,interceeded
intercept,intercepting,intercepted
intercessionate,intercessionating,intercessionated
interchain,interchaining,interchained
interchange,interchanging,interchanged
interclose,interclosing,interclosed
intercloud,interclouding,interclouded
interclude,intercluding,intercluded
intercoil,intercoiling,intercoiled
intercome,intercoming,intercame
intercommon,intercommoning,intercommoned
intercommune,intercommuning,intercommuned
intercommunicate,intercommunicating,intercommunicated
intercompare,intercomparing,intercompared
interconnect,interconnecting,interconnected
interconvert,interconverting,interconverted
intercorrelate,intercorrelating,intercorrelated
intercrop,intercropping,intercropped
intercross,intercrossing,intercrossed
interculturalize,interculturalizing,interculturalized
intercur,intercurring,intercurred
intercut,intercutting,intercut
interdash,interdashing,interdashed
interdeal,interdealing,interdealed
interdevour,interdevouring,interdevoured
interdict,interdicting,interdicted
interdigitate,interdigitating,interdigitated
interdine,interdining,interdined
interduce,interducing,interduced
interess,interessing,interessed
interest,interesting,interested
interesterify,interesterifying,interesterified
interface,interfacing,interfaced
interfere,interfering,interfered
interfile,interfiling,interfiled
interfinger,interfingering,interfingered
interfix,interfixing,interfixed
interflow,interflowing,interflowed
interfold,interfolding,interfolded
interfoliate,interfoliating,interfoliated
interfuse,interfusing,interfused
intergern,intergerning,intergerned
intergrade,intergrading,intergraded
intergrow,intergrowing,intergrew
interilluminate,interilluminating,interilluminated
interiorize,interiorizing,interiorized
interjaculate,interjaculating,interjaculated
interject,interjecting,interjected
interjoin,interjoining,interjoined
interknit,interknitting,interknitted
interknot,interknotting,interknotted
interknow,interknowing,interknew
interlace,interlacing,interlaced
interlaminate,interlaminating,interlaminated
interlard,interlarding,interlarded
interlay,interlaying,interlaid
interleaf,interleafing,interleafed
interleave,interleaving,interleaved
interline,interlining,interlined
interlink,interlinking,interlinked
interlist,interlisting,interlisted
interlock,interlocking,interlocked
interlope,interloping,interloped
interlude,interluding,interluded
intermarry,intermarrying,intermarried
intermate,intermating,intermated
intermeddle,intermeddling,intermeddled
intermediate,intermediating,intermediated
intermell,intermelling,intermelled
intermention,intermentioning,intermentioned
intermesh,intermeshing,intermeshed
interminate,interminating,interminated
intermine,intermining,intermined
intermingle,intermingling,intermingled
intermit,intermitting,intermitted
intermix,intermixing,intermixed
intern,interning,interned
internalise,internalising,internalised
internalize,internalizing,internalized
internationalise,internationalising,internationalised
internationalize,internationalizing,internationalized
interne,interning,interned
internetwork,internetworking,internetworked
interoffice,interofficing,interofficed
interoperate,interoperating,interoperated
interosculate,interosculating,interosculated
interpale,interpaling,interpaled
interpel,interpelling,interpelled
interpellate,interpellating,interpellated
interpenetrate,interpenetrating,interpenetrated
interplace,interplacing,interplaced
interplant,interplanting,interplanted
interplay,interplaying,interplayed
interpledge,interpledging,interpledged
interpoint,interpointing,interpointed
interpolate,interpolating,interpolated
interpone,interponing,interponed
interpose,interposing,interposed
interpret,interpreting,interpreted
interracialize,interracializing,interracialized
interrail,interrailing,interrailed
interreact,interreacting,interreacted
interrelate,interrelating,interrelated
interrogate,interrogating,interrogated
interrupt,interrupting,interrupted
interscribe,interscribing,interscribed
intersect,intersecting,intersected
intersert,interserting,interserted
interset,intersetting,interset
intershine,intershining,intershone
intershock,intershocking,intershocked
intershow,intershowing,intershowed
interspace,interspacing,interspaced
intersperse,interspersing,interspersed
interstratify,interstratifying,interstratified
intersubstitute,intersubstituting,intersubstituted
intersuck,intersucking,intersucked
intertalk,intertalking,intertalked
intertangle,intertangling,intertangled
intertex,intertexing,intertexed
intertwine,intertwining,intertwined
intertwingle,intertwingling,intertwingled
intertwist,intertwisting,intertwisted
intervary,intervarying,intervaried
intervene,intervening,intervened
intervent,interventing,intervented
intervert,interverting,interverted
interview,interviewing,interviewed
intervise,intervising,intervised
intervisit,intervisiting,intervisited
intervolve,intervolving,intervolved
interwiki,interwikiing,interwikied
interwind,interwinding,interwound
interwork,interworking,interworked
interwreathe,interwreathing,interwreathed
inthrall,inthralling,inthralled
inthrill,inthrilling,inthrilled
inthrone,inthroning,inthroned
inthrong,inthronging,inthronged
inthronize,inthronizing,inthronized
intice,inticing,inticed
intimate,intimating,intimated
intimidate,intimidating,intimidated
intitle,intitling,intitled
intitule,intituling,intituled
intomb,intombing,intombed
intonate,intonating,intonated
intone,intoning,intoned
intort,intorting,intorted
intoxicate,intoxicating,intoxicated
intrap,intrapping,intrapped
intreasure,intreasuring,intreasured
intreat,intreating,intreated
intrench,intrenching,intrenched
intricate,intricating,intricated
intrigue,intriguing,intrigued
intro,introing,introed
introduce,introducing,introduced
introduct,introducting,introducted
introgress,introgressing,introgressed
introject,introjecting,introjected
intromit,intromitting,intromitted
introspect,introspecting,introspected
introsume,introsuming,introsumed
intrude,intruding,intruded
intrunk,intrunking,intrunked
intrust,intrusting,intrusted
intubate,intubating,intubated
intuit,intuiting,intuited
intumesce,intumescing,intumesced
intune,intuning,intuned
inturbidate,inturbidating,inturbidated
inturn,inturning,inturned
intwine,intwining,intwined
intwist,intwisting,intwisted
inumbrate,inumbrating,inumbrated
inundate,inundating,inundated
inure,inuring,inured
inurn,inurning,inurned
invacuate,invacuating,invacuated
invade,invading,invaded
invaginate,invaginating,invaginated
invalid,invaliding,invalided
invalidate,invalidating,invalidated
invect,invecting,invected
inveigh,inveighing,inveighed
inveigle,inveigling,inveigled
inveil,inveiling,inveiled
invenom,invenoming,invenomed
invent,inventing,invented
inventorize,inventorizing,inventorized
inventory,inventorying,inventoried
inverse,inversing,inversed
invert,inverting,inverted
invest,investing,invested
investigate,investigating,investigated
investure,investuring,investured
inveterate,inveterating,inveterated
invigilate,invigilating,invigilated
invigor,invigoring,invigored
invigorate,invigorating,invigorated
invigourate,invigourating,invigourated
invile,inviling,inviled
inviscate,inviscating,inviscated
inviscerate,inviscerating,inviscerated
invisibilize,invisibilizing,invisibilized
invisiblize,invisiblizing,invisiblized
invite,inviting,invited
invocate,invocating,invocated
invoice,invoicing,invoiced
invoke,invoking,invoked
involute,involuting,involuted
involve,involving,involved
inwall,inwalling,inwalled
inwander,inwandering,inwandered
inweave,inweaving,inwove
inwheel,inwheeling,inwheeled
inwomb,inwombing,inwombed
inwone,inwoning,inwoned
inwood,inwooding,inwooded
inwrap,inwrapping,inwrapped
inwreathe,inwreathing,inwreathed
inwrite,inwriting,inwrote
iodinate,iodinating,iodinated
iodine,iodining,iodined
iodise,iodising,iodised
iodize,iodizing,iodized
ionise,ionising,ionised
ionize,ionizing,ionized
iotize,iotizing,iotized
ipsatize,ipsatizing,ipsatized
IRC,IRCing,IRCed
ire,iring,ired
iridesce,iridescing,iridesced
iridize,iridizing,iridized
iris,irising,irised
irk,irking,irked
iron,ironing,ironed
ironise,ironising,ironised
ironize,ironizing,ironized
irradiate,irradiating,irradiated
irradicate,irradicating,irradicated
irreconcile,irreconciling,irreconciled
irregulate,irregulating,irregulated
irrigate,irrigating,irrigated
irritate,irritating,irritated
irrorate,irrorating,irrorated
irrugate,irrugating,irrugated
irrumate,irrumating,irrumated
irrupt,irrupting,irrupted
Islamicize,Islamicizing,Islamicized
Islamize,Islamizing,Islamized
island,islanding,islanded
island-hop,island-hopping,island-hopped
isolate,isolating,isolated
isomerize,isomerizing,isomerized
isotope,isotoping,isotoped
isotropize,isotropizing,isotropized
issue,issuing,issued
Italianate,Italianating,Italianated
Italianise,Italianising,Italianised
Italianize,Italianizing,Italianized
italicise,italicising,italicised
italicize,italicizing,italicized
itch,itching,itched
itemise,itemising,itemised
itemize,itemizing,itemized
iterate,iterating,iterated
ithe,ithing,ithed
itinerate,itinerating,itinerated
jab,jabbing,jabbed
jabber,jabbering,jabbered
jack,jacking,jacked
jack-knife,jack-knifing,jack-knifed
jackal,jackalling,jackalled
jackaroo,jackarooing,jackarooed
jackass,jackassing,jackassed
jacket,jacketing,jacketed
jackhammer,jackhammering,jackhammered
jackknife,jackknifing,jackknifed
jackrabbit,jackrabbiting,jackrabbited
jacobinize,jacobinizing,jacobinized
jactitate,jactitating,jactitated
jaculate,jaculating,jaculated
jacuzzi,jacuzziing,jacuzzied
jade,jading,jaded
jag,jagging,jagged
jail,jailing,jailed
jailbreak,jailbreaking,jailbroke
jalouse,jalousing,jaloused
jam,jamming,jammed
jam-pack,jam-packing,jam-packed
jambok,jambokking,jambokked
jampack,jampacking,jampacked
jangle,jangling,jangled
jant,janting,janted
japan,japanning,japanned
japanise,japanising,japanised
japanize,japanizing,japanized
jape,japing,japed
jar,jarring,jarred
jargle,jargling,jargled
jargon,jargoning,jargoned
jargonise,jargonising,jargonised
jargonize,jargonizing,jargonized
jark,jarking,jarked
jarp,jarping,jarped
jasperize,jasperizing,jasperized
jaunce,jauncing,jaunced
jaundice,jaundicing,jaundiced
jaunt,jaunting,jaunted
jaup,jauping,jauped
javelin,javelining,javelined
jaw,jawing,jawed
jaw-jaw,jaw-jawing,jaw-jawed
jawblock,jawblocking,jawblocked
jawbone,jawboning,jawboned
jawn,jawning,jawned
jaywalk,jaywalking,jaywalked
jazz,jazzing,jazzed
jazzify,jazzifying,jazzified
jedge,jedging,jedged
jee,jeeing,jeed
jeer,jeering,jeered
jeff,jeffing,jeffed
jell,jelling,jelled
jellify,jellifying,jellified
jelly,jellying,jellied
jemmy,jemmying,jemmied
jeopard,jeoparding,jeoparded
jeopardise,jeopardising,jeopardised
jeopardize,jeopardizing,jeopardized
jerk,jerking,jerked
jerry-rig,jerry-rigging,jerry-rigged
jerrybuild,jerrybuilding,jerrybuilt
jess,jessing,jessed
jest,jesting,jested
jet,jetting,jetted
jetpack,jetpacking,jetpacked
jetski,jetskiing,jetskied
jettison,jettisoning,jettisoned
jetty,jettying,jettied
jetwash,jetwashing,jetwashed
Jew,Jewing,Jewed
jib,jibbing,jibbed
jibber,jibbering,jibbered
jibe,jibing,jibed
jiff,jiffing,jiffed
jig,jigging,jigged
jigger,jiggering,jiggered
jiggle,jiggling,jiggled
jigsaw,jigsawing,jigsawed
jill,jilling,jilled
jillick,jillicking,jillicked
jilt,jilting,jilted
jimmy,jimmying,jimmied
jingle,jingling,jingled
jingoize,jingoizing,jingoized
jink,jinking,jinked
jinx,jinxing,jinxed
jip,jipping,jipped
JIT,JITing,JITed
jitter,jittering,jittered
jitterbug,jitterbugging,jitterbugged
jive,jiving,jived
jizz,jizzing,jizzed
job,jobbing,jobbed
job-hop,job-hopping,job-hopped
jobble,jobbling,jobbled
jobe,jobing,jobed
jock,jocking,jocked
jockey,jockeying,jockeyed
jog,jogging,jogged
joggle,joggling,joggled
join,joining,joined
joint,jointing,jointed
jointure,jointuring,jointured
joist,joisting,joisted
joke,joking,joked
jol,jolling,jolled
jole,joling,joled
jolley,jolleying,jolleyed
jolly,jollying,jollied
jolt,jolting,jolted
jones,jonesing,jonesed
jook,jooking,jooked
josh,joshing,joshed
Joss,Jossing,Jossed
jostle,jostling,jostled
jot,jotting,jotted
jouk,jouking,jouked
joul,jouling,jouled
jounce,jouncing,jounced
journal,journaling,journaled
journalize,journalizing,journalized
journey,journeying,journeyed
joust,jousting,jousted
jowl,jowling,jowled
joy,joying,joyed
joyne,joyning,joyned
joyride,joyriding,joyrode
joystick,joysticking,joysticked
juarez,warezing,warezed
jubilate,jubilating,jubilated
Judaize,Judaizing,Judaized
judder,juddering,juddered
judg,judging,judged
judge,judging,judged
judicialize,judicializing,judicialized
jug,jugging,jugged
juggle,juggling,juggled
jugulate,jugulating,jugulated
juice,juicing,juiced
juke,juking,juked
julienne,julienning,julienned
jumble,jumbling,jumbled
jumboize,jumboizing,jumboized
jump,jumping,jumped
jump-start,jump-starting,jump-started
jumper,jumpering,jumpered
jumpstart,jumpstarting,jumpstarted
junk,junking,junked
jupe,juping,juped
jury,jurying,juried
jury-rig,jury-rigging,jury-rigged
just,justing,justed
justify,justifying,justified
justle,justling,justled
jut,jutting,jutted
juvenilize,juvenilizing,juvenilized
juxtapose,juxtaposing,juxtaposed
juxtaposit,juxtapositing,juxtaposited
juxtaposition,juxtapositioning,juxtapositioned
k-line,k-lining,k-lined
kabob,kabobbing,kabobbed
kaleidoscope,kaleidoscoping,kaleidoscoped
kalsomine,kalsomining,kalsomined
kamikaze,kamikazeing,kamikazed
kangaroo,kangarooing,kangarooed
kanoodle,kanoodling,kanoodled
kaolinise,kaolinising,kaolinised
kaolinize,kaolinizing,kaolinized
kart,karting,karted
karyotype,karyotyping,karyotyped
kaw,kawing,kawed
kayak,kayaking,kayaked
kayo,kayoing,kayoed
kaypoh,kaypohing,kaypohed
kazoo,kazooing,kazooed
keak,keaking,keaked
kebab,kebabbing,kebabbed
keck,kecking,kecked
keckle,keckling,keckled
kedge,kedging,kedged
keek,keeking,keeked
keel,keeling,keeled
keelhaul,keelhauling,keelhauled
keen,keening,keened
keep,keeping,kept
keeve,keeving,keeved
kemb,kembing,kembed
keratinise,keratinising,keratinised
keratinize,keratinizing,keratinized
kerb,kerbing,kerbed
kerblam,kerblamming,kerblammed
kerf,kerfing,kerfed
kern,kerning,kerned
kernelise,kernelising,kernelised
kernelize,kernelizing,kernelized
kerrang,kerranging,kerranged
ketch,ketching,ketched
kettle,kettling,kettled
key,keying,keyed
keyboard,keyboarding,keyboarded
keyframe,keyframing,keyframed
keynote,keynoting,keynoted
keypunch,keypunching,keypunched
keyseat,keyseating,keyseated
keyword,keywording,keyworded
kibbitz,kibbitzing,kibbitzed
kibble,kibbling,kibbled
kibitz,kibitzing,kibitzed
kiboze,kibozing,kibozed
kick,kicking,kicked
kick-start,kick-starting,kick-started
kickban,kickbanning,kickbanned
kickflip,kickflipping,kickflipped
kickstart,kickstarting,kickstarted
kid,kidding,kidded
kife,kifing,kifed
kill,killing,killed
killfile,killfiling,killfiled
kiln,kilning,kilned
kilt,kilting,kilted
kindle,kindling,kindled
king,kinging,kinged
kink,kinking,kinked
kinkle,kinkling,kinkled
kip,kipping,kipped
kipe,kiping,kiped
kipper,kippering,kippered
kipsy,kipsying,kipsied
kiss,kissing,kissed
kiss-up,kissing-up,kissed-up
kissle,kissling,kissled
kist,kisting,kisted
kit,kitting,kitted
kitbash,kitbashing,kitbashed
kite,kiting,kited
kiteboard,kiteboarding,kiteboarded
kitemark,kitemarking,kitemarked
kitesurf,kitesurfing,kitesurfed
kitten,kittening,kittened
kittle,kittling,kittled
kiver,kivering,kivered
klap,klapping,klapped
kleptoparasite,kleptoparasiting,kleptoparasited
kleptoparasitize,kleptoparasitizing,kleptoparasitized
kline,klining,klined
kludge,kludging,kludged
knab,knabbing,knabbed
knack,knacking,knacked
knacker,knackering,knackered
knag,knagging,knagged
knap,knapping,knapped
knapsack,knapsacking,knapsacked
knauvshawl,knauvshawling,knauvshawled
knaw,knawing,knawed
knawvshawl,knawvshawling,knawvshawled
knead,kneading,kneaded
knee,kneeing,kneed
kneecap,kneecapping,kneecapped
knell,knelling,knelled
knife,knifing,knifed
knight,knighting,knighted
knob,knobbing,knobbed
knobble,knobbling,knobbled
knock,knocking,knocked
knoll,knolling,knolled
knot,knotting,knotted
knout,knouting,knouted
knowleche,knowleching,knowleched
knowledge,knowledging,knowledged
knuckle,knuckling,knuckled
knuckleball,knuckleballing,knuckleballed
knucklewalk,knucklewalking,knucklewalked
knurl,knurling,knurled
kodak,kodaking,kodaked
kohl,kohling,kohled
konk,konking,konked
kosher,koshering,koshered
kosherize,kosherizing,kosherized
kotow,kotowing,kotowed
kowtow,kowtowing,kowtowed
kraal,kraaling,kraaled
krige,kriging,kriged
kvell,kvelling,kvelled
kvetch,kvetching,kvetched
kvitch,kvitching,kvitched
kyanise,kyanising,kyanised
kyanize,kyanizing,kyanized
kyke,kyking,kyked
labefy,labifying,labefied
labell,labelling,labelled
labialize,labializing,labialized
labiate,labiating,labiated
labilise,labilising,labilised
labilize,labilizing,labilized
labor,laboring,labored
labour,labouring,laboured
labrish,labrishing,labrished
labyrinth,labyrinthing,labyrinthed
lace,lacing,laced
lacerate,lacerating,lacerated
lachrymate,lachrymating,lachrymated
lack,lacking,lacked
lacker,lackering,lackered
lackey,lackeying,lackeyed
laconize,laconizing,laconized
lacquer,lacquering,lacquered
lacquey,lacqueying,lacqueyed
lactate,lactating,lactated
lactify,lactifying,lactified
ladder,laddering,laddered
lade,lading,laded
ladify,ladifying,ladified
ladle,ladling,ladled
ladyfy,ladyfying,ladyfied
laff,laffing,laffed
lag,lagging,lagged
laicise,laicising,laicised
laicize,laicizing,laicized
laik,laiking,laiked
lain,laining,lained
lair,lairing,laired
lait,laiting,laited
lake,laking,laked
lallygag,lallygagging,lallygagged
lam,lamming,lammed
lamb,lambing,lambed
lambast,lambasting,lambasted
lambaste,lambasting,lambasted
lame,laming,lamed
lament,lamenting,lamented
laminarize,laminarizing,laminarized
laminate,laminating,laminated
lamp,lamping,lamped
lampoon,lampooning,lampooned
lampshade,lampshading,lampshaded
lampwork,lampworking,lampworked
lance,lancing,lanced
lanch,lanching,lanched
lancinate,lancinating,lancinated
land,landing,landed
landfill,landfilling,landfilled
landlock,landlocking,landlocked
landmark,landmarking,landmarked
landscape,landscaping,landscaped
language,languaging,languaged
languish,languishing,languished
langure,languring,langured
laniate,laniating,laniated
lank,lanking,lanked
lanken,lankening,lankened
lant,lanting,lanted
lantern,lanterning,lanterned
lap,lapping,lapped
lapidate,lapidating,lapidated
lapidify,lapidifying,lapidified
lapper,lappering,lappered
lappet,lappeting,lappeted
lapse,lapsing,lapsed
lard,larding,larded
lare,laring,lared
largen,largening,largened
lark,larking,larked
LARP,LARPing,LARPed
lase,lasing,lased
laser,lasering,lasered
lash,lashing,lashed
lasso,lassoing,lassoed
last,lasting,lasted
latch,latching,latched
lateralize,lateralizing,lateralized
lath,lathing,lathed
lathe,lathing,lathed
lather,lathering,lathered
latibulize,latibulizing,latibulized
Latinise,Latinising,Latinised
Latinize,Latinizing,Latinized
latrate,latrating,*latrated
lattice,latticing,latticed
laud,lauding,lauded
laudanum,laudanuming,laudanumed
laugh,laughing,laughed
laughe,laughing,laughed
launch,launching,launched
launder,laundering,laundered
laundress,laundressing,laundressed
laureate,laureating,laureated
lauter,lautering,lautered
lavage,lavaging,lavaged
lave,laving,laved
laveer,laveering,laveered
lavish,lavishing,lavished
lawe,lawing,lawed
lawyer,lawyering,lawyered
lay,laying,laid
layaway,layawaying,layawayed
layer,layering,layered
layn,layning,layned
Lazarus,Lazarusing,Lazarused
laze,lazing,lazed
leach,leaching,leached
lead,leading,leaded
leaf,leafing,leafed
leaflet,leafleting,leafleted
league,leaguing,leagued
leaguer,leaguering,leaguered
leak,leaking,leaked
leam,leaming,leamed
leapfrog,leapfrogging,leapfrogged
lear,learing,leared
lease,leasing,leased
leash,leashing,leashed
leather,leathering,leathered
leave,leaving,left
leaven,leavening,leavened
leaze,leazing,leazed
lech,leching,leched
lecher,lechering,lechered
lecture,lecturing,lectured
leech,leeching,leeched
leer,leering,leered
leese,leesing,leesed
left-click,left-clicking,left-clicked
left-drag,left-dragging,left-dragged
leg,legging,legged
legalise,legalising,legalised
legalize,legalizing,legalized
lege,leging,leged
legend,legending,legended
legislate,legislating,legislated
legitimate,legitimating,legitimated
legitimatize,legitimatizing,legitimatized
legitimise,legitimising,legitimised
legitimize,legitimizing,legitimized
leint,leinting,leinted
lek,lekking,lekked
lemmatise,lemmatising,lemmatised
lemmatize,lemmatizing,lemmatized
lemme,-,lemme
lemonize,lemonizing,lemonized
lend,lending,lent
length,lengthing,lengthed
lengthen,lengthening,lengthened
lenify,lenifying,lenified
lenite,leniting,lenited
lens,lensing,lensed
lere,lering,lered
lesbianize,lesbianizing,lesbianized
lese,lesing,lesed
lesion,lesioning,lesioned
less,lessing,lessed
lessen,lessening,lessened
lesson,lessoning,lessoned
letch,letching,letched
lethargize,lethargizing,lethargized
letheonize,letheonizing,letheonized
letter,lettering,lettered
letterbox,letterboxing,letterboxed
letterhack,letterhacking,letterhacked
levant,levanting,levanted
levee,leveeing,leveed
lever,levering,levered
leverage,leveraging,leveraged
levigate,levigating,levigated
levitate,levitating,levitated
levy,levying,levied
Lewinsky,Lewinskying,Lewinskyed
lex,lexing,lexed
lexicalise,lexicalising,lexicalised
lexicalize,lexicalizing,lexicalized
liaise,liaising,liaised
liaison,liaisoning,liaisoned
lib,libbing,libbed
libate,libating,libated
liberalise,liberalising,liberalised
liberalize,liberalizing,liberalized
liberate,liberating,liberated
libidinize,libidinizing,libidinized
librate,librating,librated
licence,licencing,licenced
license,licensing,licensed
lick,licking,licked
lickspittle,lickspittling,lickspittled
lid,lidding,lidded
lie,lying,lied
lifelog,lifelogging,lifelogged
lifen,lifening,lifened
lift,lifting,lifted
lig,ligging,ligged
ligate,ligating,ligated
ligature,ligaturing,ligatured
lige,liging,liged
lighten,lightening,lightened
lighter,lightering,lightered
lightning,lightninging,lightninged
lignify,lignifying,lignified
like,liking,liked
liken,likening,likened
likeness,likenessing,likenessed
lill,lilling,lilled
lilt,lilting,lilted
limb,limbing,limbed
limbec,limbecking,limbecked
limber,limbering,limbered
lime,liming,limed
Limehouse,Limehousing,Limehoused
limewash,limewashing,limewashed
limit,limiting,limited
limn,limning,limned
limp,limping,limped
linearise,linearising,linearised
linearize,linearizing,linearized
linger,lingering,lingered
liniment,linimenting,linimented
linish,linishing,linished
link,linking,linked
linker,linkering,linkered
linkify,linkifying,linkified
lionise,lionising,lionised
lionize,lionizing,lionized
lip,lipping,lipped
lip-read,lip-reading,lip-read
lip-sync,lip-syncing,lip-synced
lip-synch,lip-synching,lip-synched
lipolyze,lipolyzing,lipolyzed
liposuck,liposucking,liposucked
liposuction,liposuctioning,liposuctioned
lippen,lippening,lippened
lipread,lipreading,lipread
lipsync,lipsyncing,lipsynced
lipsynch,lipsynching,lipsynched
liquate,liquating,liquated
liquefy,liquefying,liquefied
liquidate,liquidating,liquidated
liquidise,liquidising,liquidised
liquidize,liquidizing,liquidized
liquify,liquifying,liquified
liquor,liquoring,liquored
liquour,liquouring,liquoured
lirk,lirking,lirked
lirt,lirting,lirted
lisp,lisping,lisped
liss,lissing,lissed
lisse,lissing,lissed
list,listing,listed
listen,listening,listened
lit,litting,litted
lite,liting,lited
literalize,literalizing,literalized
lithe,lithing,lithed
lithify,lithifying,lithified
lithograph,lithographing,lithographed
lithotype,lithotyping,lithotyped
litigate,litigating,litigated
litter,littering,littered
liue,liuing,liued
live,living,lived
liveblog,liveblogging,liveblogged
liven,livening,livened
livery,liverying,liveried
livescan,livescanning,livescanned
lixiviate,lixiviating,lixiviated
load,loading,loaded
loaf,loafing,loafed
loam,loaming,loamed
loan,loaning,loaned
loanshark,loansharking,loansharked
loathe,loathing,loathed
loave,loaving,loaved
lob,lobbing,lobbed
lobby,lobbying,lobbied
loblolly,loblollying,loblollied
lobotomize,lobotomizing,lobotomized
lobster,lobstering,lobstered
lobtail,lobtailing,lobtailed
localise,localising,localised
localize,localizing,localized
locate,locating,located
lock,locking,locked
lock-pick,lock-picking,lock-picked
lockpick,lockpicking,lockpicked
lockstitch,lockstitching,lockstitched
locomote,locomoting,locomoted
lodge,lodging,lodged
lofe,lofing,lofed
loff,loffing,loffed
loft,lofting,lofted
log,logging,logged
logarithmize,logarithmizing,logarithmized
logic,logicking,logicked
logroll,logrolling,logrolled
loiter,loitering,loitered
lojbanize,lojbanizing,lojbanized
loll,lolling,lolled
lollop,lolloping,lolloped
lollygag,lollygagging,lollygagged
Londonize,Londonizing,Londonized
long,longing,longed
longboard,longboarding,longboarded
longe,longeing,longed
longline,longlining,longlined
longlist,longlisting,longlisted
loo,looing,looed
look,looking,looked
lookbook,lookbooking,lookbooked
loom,looming,loomed
loop,looping,looped
loophole,loopholing,loopholed
loose,loosing,loosed
loosen,loosening,loosened
loot,looting,looted
lop,lopping,lopped
lope,loping,loped
lopper,loppering,loppered
lord,lording,lorded
loricate,loricating,loricated
lorry,lorrying,lorried
lose,losing,lost
lot,lotting,lotted
lotion,lotioning,lotioned
louche,louching,louched
louden,loudening,loudened
louk,louking,louked
loun,louning,louned
lounge,lounging,lounged
lour,louring,loured
louse,lousing,loused
lout,louting,louted
love,loving,loved
lovelify,lovelifying,lovelified
low,lowing,lowed
lowball,lowballing,lowballed
lower,lowering,lowered
lowercasify,lowercasifying,lowercasified
lowlight,lowlighting,lowlighted
loyalize,loyalizing,loyalized
lozenge,lozenging,lozenged
lu,luing,lued
lube,lubing,lubed
lubricate,lubricating,lubricated
luck,lucking,lucked
lucubrate,lucubrating,lucubrated
luff,luffing,luffed
lug,lugging,lugged
luge,luging,luged
lull,lulling,lulled
lullaby,lullabying,lullabied
lumber,lumbering,lumbered
lumberjack,lumberjacking,lumberjacked
luminate,luminating,luminated
lumine,lumining,lumined
luminesce,luminescing,luminesced
lump,lumping,lumped
lunch,lunching,lunched
luncheon,luncheoning,luncheoned
lunge,lunging or lungeing,lunged
lurch,lurching,lurched
lure,luring,lured
lurk,lurking,lurked
lurry,lurrying,lurried
lurv,lurving,lurved
lurve,lurving,lurved
lush,lushing,lushed
lusk,lusking,lusked
lust,lusting,lusted
luster,lustering,lustered
lustrate,lustrating,lustrated
lustre,lustring,lustred
lute,luting,luted
luteinize,luteinizing,luteinized
lux,luxing,luxed
luxate,luxating,luxated
luxuriate,luxuriating,luxuriated
lynch,lynching,lynched
lyophilise,lyophilising,lyophilised
lyophilize,lyophilizing,lyophilized
lyse,lysing,lysed
maa,maaing,maaed
mabble,mabbling,mabbled
macadamize,macadamizing,macadamized
macarize,macarizing,macarized
macdink,macdinking,macdinked
mace,macing,maced
macerate,macerating,macerated
MacGyver,MacGyvering,MacGyvered
machete,macheting,macheted
machicolate,machicolating,machicolated
machinate,machinating,machinated
machine,machining,machined
machine-gun,machine-gunning,machine-gunned
machinegun,machinegunning,machinegunned
mack,macking,macked
mackle,mackling,mackled
macromanage,macromanaging,macromanaged
mactate,mactating,mactated
maculate,maculating,maculated
macule,maculing,maculed
mad,madding,madded
madden,maddening,maddened
maddle,maddling,maddled
madefy,madefying,madefied
maderize,maderizing,maderized
maffick,mafficking,mafficked
maffle,maffling,maffled
magic,magicking,magicked
magnetify,magnetifying,magnetified
magnetise,magnetising,magnetised
magnetize,magnetizing,magnetized
magnificate,magnificating,magnificated
magnify,magnifying,magnified
mahoganize,mahoganizing,mahoganized
Mahometanize,Mahometanizing,Mahometanized
mail,mailing,mailed
mail-order,mail-ordering,mail-ordered
mailbomb,mailbombing,mailbombed
mailshot,mailshotting,mailshotted
maim,maiming,maimed
mainline,mainlining,mainlined
mainprise,mainprising,mainprised
mainstream,mainstreaming,mainstreamed
maintain,maintaining,maintained
majestify,majestifying,majestified
major,majoring,majored
majorate,majorating,majorated
majorize,majorizing,majorized
make,making,made
maladapt,maladapting,maladapted
malagarouse,malagarousing,malagaroused
malagruze,malagruzing,malagruzed
malaprop,malapropping,malapropped
malax,malaxing,malaxed
malaxate,malaxating,malaxated
Malayise,Malayising,Malayised
Malayize,Malayizing,Malayized
maledict,maledicting,maledicted
maleficiate,maleficiating,maleficiated
maletreat,maletreating,maletreated
malfunction,malfunctioning,malfunctioned
malign,maligning,maligned
malignify,malignifying,malignified
malinger,malingering,malingered
malinvest,malinvesting,malinvested
malky,malkying,malkied
mall,malling,malled
malleableize,malleableizing,malleableized
malleablize,malleablizing,malleablized
malleate,malleating,malleated
mallet,malleting,malleted
malloc,mallocing,malloced
malt,malting,malted
maltreat,maltreating,maltreated
malveuille,malveuilling,malveuilled
mamaguy,mamaguying,mamaguyed
mambo,mamboing,mamboed
mammer,mammering,mammered
mammock,mammocking,mammocked
mammonize,mammonizing,mammonized
man,manning,manned
man-handle,man-handling,man-handled
manace,manacing,manaced
manacle,manacling,manacled
manage,managing,managed
mancipate,mancipating,mancipated
mand,manding,manded
mandate,mandating,mandated
mander,mandering,mandered
manducate,manducating,manducated
maneuver,maneuvering,maneuvered
maneuvre,maneuvring,maneuvred
mangle,mangling,mangled
mango,mangoing,mangoed
manhandle,manhandling,manhandled
manicure,manicuring,manicured
manifest,manifesting,manifested
manifesto,manifestoing,manifestoed
manifold,manifolding,manifolded
manipulate,manipulating,manipulated
mank,manking,manked
mannerize,mannerizing,mannerized
manoeuver,manoeuvering,manoeuvered
manoeuvre,manoeuvring,manoeuvred
manscape,manscaping,manscaped
manse,mansing,mansed
mansplain,mansplaining,mansplained
manswear,manswearing,manswore
mantle,mantling,mantled
manualize,manualizing,manualized
manufacture,manufacturing,manufactured
manumise,manumising,manumised
manumit,manumitting,manumitted
manure,manuring,manured
manuscribe,manuscribing,manuscribed
manwhore,manwhoring,manwhored
Maorify,Maorifying,Maorified
map,mapping,mapped
mar,marring,marred
maraud,marauding,marauded
marbelize,marbelizing,marbelized
marble,marbling,marbled
marbleize,marbleizing,marbleized
marcel,marcelling,marcelled
march,marching,marched
marcot,marcotting,marcotted
mard,marding,marded
margin,margining,margined
marginalise,marginalising,marginalised
marginalize,marginalizing,marginalized
marginate,marginating,marginated
marinade,marinading,marinaded
marinate,marinating,marinated
marinize,marinizing,marinized
marionette,marionetting,marionetted
mark,marking,marked
marker,markering,markered
market,marketing,marketed
marketise,marketising,marketised
marketize,marketizing,marketized
marl,marling,marled
marline,marlining,marlined
marmalade,marmalading,marmaladed
marmalise,marmalising,marmalised
marmalize,marmalizing,marmalized
Marmite,Marmiting,Marmited
maroon,marooning,marooned
marroon,marrooning,marrooned
marry,marrying,married
mart,marting,marted
martel,martelling,martelled
martemper,martempering,martempered
martialize,martializing,martialized
Martinize,Martinizing,Martinized
martyr,martyring,martyred
martyrize,martyrizing,martyrized
marver,marvering,marvered
mascara,mascaraing,mascaraed
masculate,masculating,masculated
masculinise,masculinising,masculinised
masculinize,masculinizing,masculinized
mase,masing,mased
mash,mashing,mashed
mask,masking,masked
masker,maskering,maskered
mason,masoning,masoned
masque,masquing,masqued
masquerade,masquerading,masqueraded
mass,massing,massed
mass-produce,mass-producing,mass-produced
massacer,massacering,massacered
massacre,massacring,massacred
massage,massaging,massaged
massify,massifying,massified
mast,masting,masted
master,mastering,mastered
mastermind,masterminding,masterminded
masthead,mastheading,mastheaded
masticate,masticating,masticated
mastre,mastring,mastred
masturbate,masturbating,masturbated
mat,matting,matted
match,matching,matched
matchmake,matchmaking,matchmade
mate,mating,mated
material,materialling,materialled
materialise,materialising,materialised
materialize,materializing,materialized
maternalise,maternalising,maternalised
maternalize,maternalizing,maternalized
mathematicise,mathematicising,mathematicised
mathematicize,mathematicizing,mathematicized
mathematise,mathematising,mathematised
mathematize,mathematizing,mathematized
matriculate,matriculating,matriculated
matronize,matronizing,matronized
matter,mattering,mattered
mattify,mattifying,mattified
maturate,maturating,maturated
mature,maturing,matured
mau-mau,mau-mauing,mau-maued
maudle,maudling,maudled
maul,mauling,mauled
maunch,maunching,maunched
maund,maunding,maunded
maunder,maundering,maundered
mawn,mawning,mawned
max,maxing,maxed
maximalize,maximalizing,maximalized
maximise,maximising,maximised
maximize,maximizing,maximized
may,-,mayed
maze,mazing,mazed
McDonaldize,McDonaldizing,McDonaldized
meach,meaching,meached
meager,meagering,meagered
meagre,meagring,meagred
meal,mealing,mealed
mean,meaning,meant
meander,meandering,meandered
means-test,means testing,means tested
measure,measuring,measured
meaw,meawing,meawed
meawl,meawling,meawled
mechanicalize,mechanicalizing,mechanicalized
mechanise,mechanising,mechanised
mechanize,mechanizing,mechanized
meddle,meddling,meddled
MEDEVAC,MEDEVACing,MEDEVACed
mediate,mediating,mediated
mediatise,mediatising,mediatised
mediatize,mediatizing,mediatized
medicalise,medicalising,medicalised
medicalize,medicalizing,medicalized
medicate,medicating,medicated
medicine,medicining,medicined
medievalize,medievalizing,medievalized
medise,medising,medised
meditate,meditating,meditated
Mediterraneanise,Mediterraneanising,Mediterraneanised
Mediterraneanize,Mediterraneanizing,Mediterraneanized
medivac,medivacking,medivacked
Medize,Medizing,Medized
medley,medleying,medleyed
medly,medlying,medlied
mee-maw,mee-mawing,mee-mawed
meech,meeching,meeched
meed,meeding,meeded
meek,meeking,meeked
meeken,meekening,meekened
meep,meeping,meeped
meet,meeting,met
meeten,meetening,meetened
megadose,megadosing,megadosed
megaphone,megaphoning,megaphoned
melancholize,melancholizing,melancholized
melanize,melanizing,melanized
meld,melding,melded
mele,meling,meled
melee,meleeing,meleed
meliorate,meliorating,meliorated
mell,melling,melled
mellify,mellifying,mellified
mellow,mellowing,mellowed
melodise,melodising,melodised
melodize,melodizing,melodized
melodramatise,melodramatising,melodramatised
melodramatize,melodramatizing,melodramatized
member,membering,membered
memo,memoing,memoed
memoise,memoising,memoised
memoize,memoizing,memoized
memorate,memorating,memorated
memorialise,memorialising,memorialised
memorialize,memorializing,memorialized
memorise,memorising,memorised
memorize,memorizing,memorized
menace,menacing,menaced
mend,mending,mended
mendelize,mendelizeing,mendelizeed
mendicate,mendicating,mendicated
mense,mensing,mensed
menstrate,menstrating,menstrated
menstruate,menstruating,menstruated
mensurate,mensurating,mensurated
mentalize,mentalizing,mentalized
mention,mentioning,mentioned
mentor,mentoring,mentored
meou,meouing,meoued
meow,meowing,meowed
merce,mercing,merced
mercerise,mercerising,mercerised
mercerize,mercerizing,mercerized
merchand,merchanding,merchanded
merchandise,merchandising,merchandised
merchandize,merchandizing,merchandized
merchant,merchanting,merchanted
mercify,mercifying,mercified
mercurialize,mercurializing,mercurialized
mercurify,mercurifying,mercurified
mere,mering,mered
merengue,merenguing,merengued
merge,merging,merged
mergesort,mergesorting,mergesorted
merit,meriting,merited
merk,merking,merked
merrimake,merrimaking,merrimade
merrow,merrowing,merrowed
merrymake,merrymaking,merrymade
mese,mesing,mesed
mesh,meshing,meshed
mesmerise,mesmerising,mesmerised
mesmerize,mesmerizing,mesmerized
mess,messing,messed
message,messaging,messaged
messenger,messengering,messengered
metablog,metablogging,metablogged
metabolise,metabolising,metabolised
metabolize,metabolizing,metabolized
metal,metalling,metalled
metalise,metalising,metalised
metalize,metalizing,metalized
metallicize,metallicizing,metallicized
metallise,metallising,metallised
metallize,metallizing,metallized
metamorphize,metamorphizing,metamorphized
metamorphose,metamorphosing,metamorphosed
metamorphosise,metamorphosising,metamorphosised
metamorphosize,metamorphosizing,metamorphosized
metaphorise,metaphorising,metaphorised
metaphorize,metaphorizing,metaphorized
metaphrase,metaphrasing,metaphrased
metastasise,metastasising,metastasised
metastasize,metastasizing,metastasized
metastatize,metastatizing,metastatized
metastisize,metastisizing,metastisized
metathesize,metathesizing,metathesized
mete,meting,meted
metempsychose,metempsychosing,metempsychosed
meteorize,meteorizing,meteorized
meter,metering,metered
methodize,methodizing,methodized
methylate,methylating,methylated
metonymize,metonymizing,metonymized
metre,metring,metred
metric,metricking,metricked
metricate,metricating,metricated
metricize,metricizing,metricized
metrify,metrifying,metrified
mew,mewing,mewed
mewl,mewling,mewled
Mexicanize,Mexicanizing,Mexicanized
mezzotint,mezzotinting,mezzotinted
mezzotinto,mezzotintoing,mezzotintoed
miaou,miaouing,miaoued
miaow,miaowing,miaowed
miaul,miauling,miauled
mich,miching,miched
micher,michering,michered
micro-aggress,micro-aggressing,micro-aggressed
microaggress,microaggressing,microaggressed
microassay,microassaying,microassayed
microblog,microblogging,microblogged
microchip,microchipping,microchipped
microchunk,microchunking,microchunked
microcrack,microcracking,microcracked
microdissect,microdissecting,microdissected
microencapsulate,microencapsulating,microencapsulated
microfabricate,microfabricating,microfabricated
microfilm,microfilming,microfilmed
microinject,microinjecting,microinjected
micromanage,micromanaging,micromanaged
microminiaturize,microminiaturizing,microminiaturized
micronise,micronising,micronised
micronize,micronizing,micronized
micropattern,micropatterning,micropatterned
microphone,microphoning,microphoned
microphotograph,microphotographing,microphotographed
micropolish,micropolishing,micropolished
microprogram,microprogramming,microprogrammed
microregulate,microregulating,microregulated
Microsoft,Microsofting,Microsofted
Microsoftify,Microsoftifying,Microsoftified
microtitrate,microtitrating,microtitrated
microtome,microtoming,microtomed
microwave,microwaving,microwaved
micturate,micturating,micturated
middle-click,middle-clicking,middle-clicked
midwive,midwiving,midwived
miff,miffing,miffed
mightsome,mightsoming,mightsomed
migrate,migrating,migrated
mike,miking,miked
milden,mildening,mildened
mildew,mildewing,mildewed
mildewproof,mildewproofing,mildewproofed
milepost,mileposting,mileposted
milestone,milestoning,milestoned
militarise,militarising,militarised
militarize,militarizing,militarized
militate,militating,militated
militiate,militiating,militiated
milk,milking,milked
mill,milling,milled
milse,milsing,milsed
milt,milting,milted
mime,miming,mimed
mimeograph,mimeographing,mimeographed
mimic,mimicking,mimicked
mimick,mimicking,mimicked
mimmer,mimmering,mimmered
min,minning,minned
mince,mincing,minced
mind,minding,minded
mind-read,mind-reading,mind-read
mindfuck,mindfucking,mindfucked
mindscrew,mindscrewing,mindscrewed
mindwipe,mindwiping,mindwiped
mine,mining,mined
mineralize,mineralizing,mineralized
mineralogize,mineralogizing,mineralogized
minge,minging,minged
mingle,mingling,mingled
mingle-mangle,mingle-mangling,mingle-mangled
miniate,miniating,miniated
miniaturise,miniaturising,miniaturised
miniaturize,miniaturizing,miniaturized
minify,minifying,minified
minimalise,minimalising,minimalised
minimalize,minimalizing,minimalized
minimax,minimaxing,minimaxed
minimise,minimising,minimised
minimize,minimizing,minimized
miniprep,miniprepping,miniprepped
minish,minishing,minished
minister,ministering,ministered
minnow,minnowing,minnowed
minor,minoring,minored
minorate,minorating,minorated
minoritise,minoritising,minoritised
minoritize,minoritizing,minoritized
minse,minsing,minsed
mint,minting,minted
minuet,minueting,minueted
minute,minuting,minuted
miraculize,miraculizing,miraculized
mirage,miraging,miraged
Miranda,Mirandaing,Mirandaed
Mirandize,Mirandizing,Mirandized
mire,miring,mired
mirk,mirking,mirked
mirken,mirkening,mirkened
mirror,mirroring,mirrored
mirrour,mirrouring,mirroured
mirv,mirving,mirved
mis-hit,mis-hits,mis-hitting
mis-sell,mis-selling,mis-sold
misacknowledge,misacknowledging,misacknowledged
misadapt,misadapting,misadapted
misaddress,misaddressing,misaddressed
misadjust,misadjusting,misadjusted
misadvise,misadvising,misadvised
misaffect,misaffecting,misaffected
misaffirm,misaffirming,misaffirmed
misaim,misaiming,misaimed
misalign,misaligning,misaligned
misallege,misalleging,misalleged
misallocate,misallocating,misallocated
misally,misallying,misallied
misanalyse,misanalysing,misanalysed
misanalyze,misanalyzing,misanalyzed
misapply,misapplying,misapplied
misapprehend,misapprehending,misapprehended
misappropriate,misappropriating,misappropriated
misarrange,misarranging,misarranged
misascribe,misascribing,misascribed
misassign,misassigning,misassigned
misassociate,misassociating,misassociated
misattend,misattending,misattended
misattribute,misattributing,misattributed
misavise,misavising,misavised
misbear,misbearing,misbore
misbeat,misbeating,misbeat
misbecome,misbecoming,misbecame
misbede,misbeding,misbode
misbefall,misbefalling,misbefell
misbehave,misbehaving,misbehaved
misbelieve,misbelieving,misbelieved
misbeseem,misbeseeming,misbeseemed
misbestow,misbestowing,misbestowed
misbind,misbinding,misbound
misbrand,misbranding,misbranded
misbrook,misbrooking,misbrooked
misbuild,misbuilding,misbuilt
misbutton,misbuttoning,misbuttoned
miscalculate,miscalculating,miscalculated
miscalibrate,miscalibrating,miscalibrated
miscall,miscalling,miscalled
miscapitalise,miscapitalising,miscapitalised
miscapitalize,miscapitalizing,miscapitalized
miscarry,miscarrying,miscarried
miscast,miscasting,miscast
miscategorise,miscategorising,miscategorised
miscategorize,miscategorizing,miscategorized
miscegenate,miscegenating,miscegenated
miscensure,miscensuring,miscensured
mischaracterise,mischaracterising,mischaracterised
mischaracterize,mischaracterizing,mischaracterized
mischarge,mischarging,mischarged
mischieve,mischieving,mischieved
mischoose,mischoosing,mischose
mischristen,mischristening,mischristened
miscite,misciting,miscited
misclassify,misclassifying,misclassified
miscognize,miscognizing,miscognized
miscolor,miscoloring,miscolored
miscolour,miscolouring,miscoloured
miscome,miscoming,miscame
miscommunicate,miscommunicating,miscommunicated
miscomprehend,miscomprehending,miscomprehended
miscompute,miscomputing,miscomputed
misconceive,misconceiving,misconceived
misconduct,misconducting,misconducted
misconfigure,misconfiguring,misconfigured
misconjecture,misconjecturing,misconjectured
misconjugate,misconjugating,misconjugated
misconnect,misconnecting,misconnected
misconsecrate,misconsecrating,misconsecrated
misconster,misconstering,misconstered
misconstruct,misconstructing,misconstructed
misconstrue,misconstruing,misconstrued
misconvert,misconverting,misconverted
miscook,miscooking,miscooked
miscopy,miscopying,miscopied
miscorrect,miscorrecting,miscorrected
miscost,miscosting,miscosted
miscount,miscounting,miscounted
miscreate,miscreating,miscreated
miscue,miscuing,miscued
miscure,miscuring,miscured
misdate,misdating,misdated
misdeal,misdealing,misdealt
misdeem,misdeeming,misdeemed
misdefend,misdefending,misdefended
misdefine,misdefining,misdefined
misdemean,misdemeaning,misdemeaned
misderive,misderiving,misderived
misdescribe,misdescribing,misdescribed
misdesign,misdesigning,misdesigned
misdetermine,misdetermining,misdetermined
misdevelop,misdeveloping,misdeveloped
misdevote,misdevoting,misdevoted
misdiagnose,misdiagnosing,misdiagnosed
misdiet,misdieting,misdieted
misdight,misdighting,misdight
misdirect,misdirecting,misdirected
misdistinguish,misdistinguishing,misdistinguished
misdistribute,misdistributing,misdistributed
misdivide,misdividing,misdivided
misdo,misdoing,misdid
misdoom,misdooming,misdoomed
misdoubt,misdoubting,misdoubted
miseducate,miseducating,miseducated
misemploy,misemploying,misemployed
misencode,misencoding,misencoded
misenter,misentering,misentered
misentreat,misentreating,misentreated
misestimate,misestimating,misestimated
misevaluate,misevaluating,misevaluated
misexplain,misexplaining,misexplained
misexpound,misexpounding,misexpounded
misexpress,misexpressing,misexpressed
misfall,misfalling,misfell
misfare,misfaring,misfared
misfashion,misfashioning,misfashioned
misfeed,misfeeding,misfed
misfield,misfielding,misfielded
misfile,misfiling,misfiled
misfire,misfiring,misfired
misfit,misfitting,misfitted
misfold,misfolding,misfolded
misform,misforming,misformed
misformat,misformatting,misformatted
misframe,misframing,misframed
misfriend,misfriending,misfriended
misfunction,misfunctioning,misfunctioned
misgauge,misgauging,misgauged
misgender,misgendering,misgendered
misget,misgetting,misgot
misgive,misgiving,misgave
misgo,misgoing,miswent
misgovern,misgoverning,misgoverned
misgrade,misgrading,misgraded
misgraft,misgrafting,misgrafted
misground,misgrounding,misgrounded
misgrow,misgrowing,misgrew
misguess,misguessing,misguessed
misguggle,misguggling,misguggled
misguide,misguiding,misguided
misguilt,misguilting,misguilted
mish-mash,mish-mashing,mish-mashed
mishandle,mishandling,mishandled
mishappen,mishappening,mishappened
mishear,mishearing,misheard
misheed,misheeding,misheeded
mishit,mishitting,mishit
mishmash,mishmashing,mishmashed
mishold,misholding,misheld
mishope,mishoping,mishoped
misidentify,misidentifying,misidentified
misimplement,misimplementing,misimplemented
misimprint,misimprinting,misimprinted
misimprove,misimproving,misimproved
misincline,misinclining,misinclined
misinfer,misinferring,misinferred
misinform,misinforming,misinformed
misinspire,misinspiring,misinspired
misinstruct,misinstructing,misinstructed
misintend,misintending,misintended
misinterpret,misinterpreting,misinterpreted
misinvest,misinvesting,misinvested
misjoin,misjoining,misjoined
misjudge,misjudging,misjudged
miskeep,miskeeping,miskept
miskey,miskeying,miskeyed
miskick,miskicking,miskicked
miskindle,miskindling,miskindled
misknow,misknowing,misknew
mislay,mislaying,mislaid
misle,misling,misled
mislead,misleading,misled
mislie,mislying,mislay
mislight,mislighting,mislighted
mislike,misliking,misliked
mislink,mislinking,mislinked
mislist,mislisting,mislisted
mislive,misliving,mislived
mislocalize,mislocalizing,mislocalized
mislocate,mislocating,mislocated
mislodge,mislodging,mislodged
mislook,mislooking,mislooked
mislove,misloving,misloved
misluck,mislucking,mislucked
mismail,mismailing,mismailed
mismake,mismaking,mismade
mismanage,mismanaging,mismanaged
mismap,mismapping,mismapped
mismark,mismarking,mismarked
mismarket,mismarketing,mismarketed
mismatch,mismatching,mismatched
mismate,mismating,mismated
mismean,mismeaning,mismeant
mismeasure,mismeasuring,mismeasured
mismeter,mismetering,mismetered
misname,misnaming,misnamed
misnomer,misnomering,misnomered
misnote,misnoting,misnoted
misnumber,misnumbering,misnumbered
misnurture,misnurturing,misnurtured
misobserve,misobserving,misobserved
misogynise,misogynising,misogynised
misoperate,misoperating,misoperated
misorder,misordering,misordered
misown,misowning,misowned
mispaint,mispainting,mispainted
mispair,mispairing,mispaired
misparaphrase,misparaphrasing,misparaphrased
misparse,misparsing,misparsed
mispay,mispaying,mispaid
misperceive,misperceiving,misperceived
misperson,mispersoning,mispersoned
mispersuade,mispersuading,mispersuaded
misphrase,misphrasing,misphrased
misplace,misplacing,misplaced
misplan,misplanning,misplanned
misplant,misplanting,misplanted
misplay,misplaying,misplayed
misplease,mispleasing,mispleased
mispoint,mispointing,mispointed
misportray,misportraying,misportrayed
mispraise,mispraising,mispraised
mispredict,mispredicting,mispredicted
misprescribe,misprescribing,misprescribed
misprice,mispricing,mispriced
misprint,misprinting,misprinted
misprise,misprising,misprised
misprize,misprizing,misprized
misprocess,misprocessing,misprocessed
misproduce,misproducing,misproduced
misprogram,misprogramming,misprogrammed
mispronounce,mispronouncing,mispronounced
misproportion,misproportioning,misproportioned
mispunctuate,mispunctuating,mispunctuated
misqualify,misqualifying,misqualified
misqueme,misqueming,misquemed
misquote,misquoting,misquoted
misraise,misraising,misraised
misrate,misrating,misrated
misread,misreading,misread
misrecall,misrecalling,misrecalled
misreceive,misreceiving,misreceived
misrecite,misreciting,misrecited
misreckon,misreckoning,misreckoned
misrecognize,misrecognizing,misrecognized
misrecollect,misrecollecting,misrecollected
misrecord,misrecording,misrecorded
misrede,misreding,misreded
misregard,misregarding,misregarded
misregulate,misregulating,misregulated
misrehearse,misrehearsing,misrehearsed
misrelate,misrelating,misrelated
misremember,misremembering,misremembered
misrender,misrendering,misrendered
misrepeat,misrepeating,misrepeated
misreport,misreporting,misreported
misrepresent,misrepresenting,misrepresented
misrepute,misreputing,misreputed
misrespect,misrespecting,misrespected
misrhyme,misrhyming,misrhymed
misroute,misrouting,misrouted
misrule,misruling,misruled
miss,missing,missed
missay,missaying,missaid
missed-call,missed-calling,missed-called
missee,misseeing,missaw
misseek,misseeking,missought
misseem,misseeming,misseemed
misselect,misselecting,misselected
missend,missending,missent
misserve,misserving,misserved
misset,missetting,misset
misshape,misshaping,misshaped
misshelve,misshelving,misshelved
missificate,missificating,missificated
mission,missioning,missioned
missionaryize,missionaryizing,missionaryized
missionise,missionising,missionised
missionize,missionizing,missionized
missit,missitting,missat
missort,missorting,missorted
missound,missounding,missounded
misspeak,misspeaking,misspoke
misspend,misspending,misspent
misstate,misstating,misstated
misstay,misstaying,misstayed
misstrike,misstriking,misstruck
misswear,misswearing,misswore
mist,misting,misted
mistag,mistagging,mistagged
mistake,mistaking,mistook
misteach,misteaching,mistaught
mistell,mistelling,mistold
mistemper,mistempering,mistempered
mister,mistering,mistered
misterm,misterming,mistermed
misthink,misthinking,misthought
misthread,misthreading,misthreaded
misthrow,misthrowing,misthrew
mistide,mistiding,mistided
mistify,mistifying,mistified
mistime,mistiming,mistimed
mistitle,mistitling,mistitled
mistle,mistling,mistled
mistrack,mistracking,mistracked
mistrain,mistraining,mistrained
mistranscribe,mistranscribing,mistranscribed
mistranslate,mistranslating,mistranslated
mistransliterate,mistransliterating,mistransliterated
mistreat,mistreating,mistreated
mistrist,mistristing,mistristed
mistrow,mistrowing,mistrowed
mistrust,mistrusting,mistrusted
mistune,mistuning,mistuned
misturn,misturning,misturned
mistutor,mistutoring,mistutored
mistype,mistyping,mistyped
misunderestimate,misunderestimating,misunderestimated
misunderstand,misunderstanding,misunderstood
misuse,misusing,misused
misvalue,misvaluing,misvalued
misvote,misvoting,misvoted
misvouch,misvouching,misvouched
miswander,miswandering,miswandered
miswant,miswanting,miswanted
miswear,miswearing,miswore
misween,misweening,misweened
miswend,miswending,miswent
misword,miswording,misworded
misworship,misworshipping,misworshipped
miswrite,miswriting,miswrote
misyoke,misyoking,misyoked
mitch,mitching,mitched
miter,mitering,mitered
mithe,mithing,mithed
mither,mithering,mithered
mithridatize,mithridatizing,mithridatized
mitigate,mitigating,mitigated
mitose,mitosing,mitosed
mitre,mitring,mitred
mizzle,mizzling,mizzled
moan,moaning,moaned
mob,mobbing,mobbed
mobilise,mobilising,mobilised
mobilize,mobilizing,mobilized
moble,mobling,mobled
moblog,moblogging,moblogged
mock,mocking,mocked
mocque,mocquing,mocqued
mod,modding,modded
modalise,modalising,modalised
modelize,modelizing,modelized
modell,modelling,modelled
modem,modeming,modemed
moder,modering,modered
moderate,moderating,moderated
modernise,modernising,modernised
modernize,modernizing,modernized
modificate,modificating,modificated
modify,modifying,modified
modularise,modularising,modularised
modularize,modularizing,modularized
modulate,modulating,modulated
Mohammedanize,Mohammedanizing,Mohammedanized
moider,moidering,moidered
moil,moiling,moiled
moisten,moistening,moistened
moistureproof,moistureproofing,moistureproofed
moisturise,moisturising,moisturised
moisturize,moisturizing,moisturized
moither,moithering,moithered
molarize,molarizing,molarized
mold,molding,molded
molder,moldering,moldered
moleskin,moleskinning,moleskinned
molest,molesting,molested
mollifie,mollifying,mollified
mollify,mollifying,mollified
molluscicide,mollusciciding,molluscicided
mollycoddle,mollycoddling,mollycoddled
molt,molting,molted
mommick,mommicking,mommicked
monarchize,monarchizing,monarchized
Mondayize,Mondayizing,Mondayized
mone,moning,moned
monest,monesting,monested
monetise,monetising,monetised
monetize,monetizing,monetized
monger,mongering,mongered
mongrelise,mongrelising,mongrelised
mongrelize,mongrelizing,mongrelized
monish,monishing,monished
monitor,monitoring,monitored
monochromatize,monochromatizing,monochromatized
monodisperse,monodispersing,monodispersed
monogram,monogramming,monogrammed
monograph,monographing,monographed
monolog,monologing,monologed
monologise,monologising,monologised
monologize,monologizing,monologized
monologue,monologuing,monologued
monomerize,monomerizing,monomerized
monomethylate,monomethylating,monomethylated
monophthongise,monophthongising,monophthongised
monophthongize,monophthongizing,monophthongized
monopolise,monopolising,monopolised
monopolize,monopolizing,monopolized
monospace,monospacing,monospaced
monotone,monotoning,monotoned
monoubiquitinate,monoubiquitinating,monoubiquitinated
monoubiquitylate,monoubiquitylating,monoubiquitylated
monster,monstering,monstered
monsterise,monsterising,monsterised
monsterize,monsterizing,monsterized
montage,montaging,montaged
monumentalize,monumentalizing,monumentalized
moo,mooing,mooed
mooch,mooching,mooched
moodle,moodling,moodled
moon,mooning,mooned
moonball,moonballing,moonballed
moonlight,moonlighting,moonlighted
moonwalk,moonwalking,moonwalked
moor,mooring,moored
moot,mooting,mooted
mop,mopping,mopped
mope,moping,moped
mopy,mopying,mopied
moralise,moralising,moralised
moralize,moralizing,moralized
morcellate,morcellating,morcellated
mordant,mordanting,mordanted
more,moring,mored
Mormonise,Mormonising,Mormonised
Mormonize,Mormonizing,Mormonized
morph,morphing,morphed
morrice,morricing,morriced
mortalize,mortalizing,mortalized
mortar,mortaring,mortared
mortgage,mortgaging,mortgaged
mortice,morticing,morticed
mortify,mortifying,mortified
mortise,mortising,mortised
mosey,moseying,moseyed
mosh,moshing,moshed
mosquito,mosquitoing,mosquitoed
moss,mossing,mossed
mosy,mosying,mosied
moth,mothing,mothed
mothball,mothballing,mothballed
mother,mothering,mothered
mothproof,mothproofing,mothproofed
motion,motioning,motioned
motivate,motivating,motivated
motive,motiving,motived
motor,motoring,motored
motorbike,motorbiking,motorbiked
motorboat,motorboating,motorboated
motorcycle,motorcycling,motorcycled
motorise,motorising,motorised
motorize,motorizing,motorized
motorvate,motorvating,motorvated
mottle,mottling,mottled
mould,moulding,moulded
moulder,mouldering,mouldered
moult,moulting,moulted
mounch,mounching,mounched
mound,mounding,mounded
mount,mounting,mounted
mountainboard,mountainboarding,mountainboarded
mountebank,mountebanking,mountebanked
mourn,mourning,mourned
mouse,mousing,moused
mousetrap,mousetrapping,mousetrapped
mousle,mousling,mousled
mousse,moussing,moussed
mouth,mouthing,mouthed
mouthfuck,mouthfucking,mouthfucked
move,moving,moved
mow,mowing,mowed
moyle,moyling,moyled
mozy,mozying,mozied
MST,MSTing,MSTed
muck,mucking,mucked
mucker,muckering,muckered
muckle,muckling,muckled
muckrake,muckraking,muckraked
mud,mudding,mudded
muddle,muddling,muddled
muddy,muddying,muddied
mudpuddle,mudpuddling,mudpuddled
mue,muing,mued
muff,muffing,muffed
muffle,muffling,muffled
mug,mugging,mugged
muggle,muggling,muggled
mulch,mulching,mulched
mulct,mulcting,mulcted
mules,mulesing,mulesed
mull,mulling,mulled
muller,mullering,mullered
multiload,multiloading,multiloaded
multimerize,multimerizing,multimerized
multipartition,multipartitioning,multipartitioned
multiplex,multiplexing,multiplexed
multiplicate,multiplicating,multiplicated
multiply,multiplying,multiplied
multipost,multiposting,multiposted
multiracialize,multiracializing,multiracialized
multishirk,multishirking,multishirked
multitask,multitasking,multitasked
mum,mumming,mummed
mumble,mumbling,mumbled
mummify,mummifying,mummified
mummy,mummying,mummied
mump,mumping,mumped
munch,munching,munched
mundify,mundifying,mundified
munerate,munerating,munerated
mung,munging,munged
munge,munging,munged
municipalize,municipalizing,municipalized
munify,munifying,munified
munite,muniting,munited
munt,munting,munted
murder,murdering,murdered
mure,muring,mured
murk,murking,murked
murmur,murmuring,murmured
murr,murring,murred
murther,murthering,murthered
muscle,muscling,muscled
muscularize,muscularizing,muscularized
muse,musing,mused
mush,mushing,mushed
mushroom,mushrooming,mushroomed
music,musicking,musicked
musicalise,musicalising,musicalised
musicalize,musicalizing,musicalized
musk,musking,musked
Muslimize,Muslimizing,Muslimized
muss,mussing,mussed
mussitate,mussitating,mussitated
must,musting,musted
muster,mustering,mustered
mustre,mustring,mustred
mutagenize,mutagenizing,mutagenized
mutate,mutating,mutated
mute,muting,muted
mutilate,mutilating,mutilated
mutine,mutining,mutined
mutiny,mutinying,mutinied
mutter,muttering,muttered
mutualise,mutualising,mutualised
mutualize,mutualizing,mutualized
mux,muxing,muxed
muzzle,muzzling,muzzled
mwah-mwah,mwah-mwahing,mwah-mwahed
myek,myekin,made
myelinate,myelinating,myelinated
myristylate,myristylating,myristylated
myspace,myspacing,myspaced
mysterize,mysterizing,mysterized
mysticise,mysticising,mysticised
mysticize,mysticizing,mysticized
mystify,mystifying,mystified
myther,mythering,mythered
mythicize,mythicizing,mythicized
mythologise,mythologising,mythologised
mythologize,mythologizing,mythologized
mythopoeticize,mythopoeticizing,mythopoeticized
naai,naaiing,naaied
nab,nabbing,nabbed
nack,nacking,nacked
nadir,nadiring,nadired
nag,nagging,nagged
nail,nailing,nailed
nait,naiting,naited
nake,naking,naked
naken,nakening,nakened
name,naming,named
name-drop,name-dropping,name-dropped
namecheck,namechecking,namechecked
namedrop,namedropping,namedropped
namespace,namespacing,namespaced
Nance,Nancing,Nanced
nanny,nannying,nannied
nanofabricate,nanofabricating,nanofabricated
nanoimprint,nanoimprinting,nanoimprinted
nap,napping,napped
napalm,napalming,napalmed
nape,naping,naped
naphthalize,naphthalizing,naphthalized
napoo,napooing,napooed
nappy,nappying,nappied
narc,narcing,narced
narcoticize,narcoticizing,narcoticized
narcotise,narcotising,narcotised
narcotize,narcotizing,narcotized
nark,narking,narked
narrate,narrating,narrated
narrativise,narrativising,narrativised
narrativize,narrativizing,narrativized
narrow,narrowing,narrowed
narrowcast,narrowcasting,narrowcasted
nasalise,nasalising,nasalised
nasalize,nasalizing,nasalized
nationalise,nationalising,nationalised
nationalize,nationalizing,nationalized
nativize,nativizing,nativized
natter,nattering,nattered
naturalise,naturalising,naturalised
naturalize,naturalizing,naturalized
nature,naturing,natured
naturize,naturizing,naturized
nauseate,nauseating,nauseated
navigate,navigating,navigated
navvy,navvying,navvied
nay,naying,nayed
nay-say,nay-saying,nay-said
naysay,naysaying,naysaid
Nazify,Nazifying,Nazified
neal,nealing,nealed
neap,neaping,neaped
near,nearing,neared
nearshore,nearshoring,nearshored
neaten,neatening,neatened
neatify,neatifying,neatified
nebulise,nebulising,nebulised
nebulize,nebulizing,nebulized
necessitate,necessitating,necessitated
neck,necking,necked
necklace,necklacing,necklaced
necro,necroing,necroed
necromance,necromancing,necromanced
necropost,necroposting,necroposted
necropsy,necropsying,necropsied
necrose,necrosing,necrosed
necrotise,necrotising,necrotised
necrotize,necrotizing,necrotized
nectarize,nectarizing,nectarized
need,needing,needed
needle,needling,needled
neese,neesing,neesed
neeze,neezing,neezed
neg,negging,negged
negate,negating,negated
negative,negativing,negatived
negativize,negativizing,negativized
neglect,neglecting,neglected
negotiate,negotiating,negotiated
negrify,negrifying,negrified
negroize,negroizing,negroized
neigh,neighing,neighed
neighbor,neighboring,neighbored
neighbour,neighbouring,neighboured
nempne,nempning,nempned
neologise,neologising,neologised
neologize,neologizing,neologized
neoterise,neoterising,neoterised
neoterize,neoterizing,neoterized
nephrectomize,nephrectomizing,nephrectomized
nerf,nerfing,nerfed
nerve,nerving,nerved
nesh,neshing,neshed
neshen,neshening,neshened
nesslerize,nesslerizing,nesslerized
nest,nesting,nested
nestle,nestling,nestled
net,netting,netted
nether,nethering,nethered
netsplit,netsplitting,netsplitted
nettle,nettling,nettled
network,networking,networked
neuroimage,neuroimaging,neuroimaged
neuroticize,neuroticizing,neuroticized
neurotransmit,neurotransmitting,neurotransmitted
neuter,neutering,neutered
neutralise,neutralising,neutralised
neutralize,neutralizing,neutralized
nevermind,neverminding,-
new,newing,newed
new-model,new-modelling,new-modelled
newcoin,newcoining,newcoined
newcreate,newcreating,newcreated
newfangle,newfangling,newfangled
newfashion,newfashioning,newfashioned
newform,newforming,newformed
newfront,newfronting,newfronted
newfurnish,newfurnishing,newfurnished
newgroup,newgrouping,newgrouped
newmake,newmaking,newmade
newmodelize,newmodelizing,newmodelized
newmould,newmoulding,newmoulded
newname,newnaming,newnamed
newset,newsetting,newset
newspaper,newspapering,newspapered
newvamp,newvamping,newvamped
neyghbour,neyghbouring,neyghboured
nibble,nibbling,nibbled
nice,nicing,niced
nicen,nicening,nicened
nick,nicking,nicked
nickel,nickeling,nickeled
nickel-and-dime,nickel-and-diming,nickel-and-dimed
nicker,nickering,nickered
nickname,nicknaming,nicknamed
nictate,nictating,nictated
nictitate,nictitating,nictitated
nidder,niddering,niddered
nidificate,nidificating,nidificated
nidify,nidifying,nidified
nidulate,nidulating,nidulated
Nifong,Nifonging,Nifonged
niggle,niggling,niggled
nigh,nighing,nighed
nighen,nighening,nighened
night,nighting,nighted
nightclub,nightclubbing,nightclubbed
nihilate,nihilating,nihilated
nip,nipping,nipped
nipponize,nipponizing,nipponized
nither,nithering,nithered
nitpick,nitpicking,nitpicked
nitrate,nitrating,nitrated
nitrify,nitrifying,nitrified
nitrocarburize,nitrocarburizing,nitrocarburized
nitrogenate,nitrogenating,nitrogenated
nitrogenise,nitrogenising,nitrogenised
nitrogenize,nitrogenizing,nitrogenized
nitrosate,nitrosating,nitrosated
nitrosylate,nitrosylating,nitrosylated
nix,nixing,nixed
nixtamalize,nixtamalizing,nixtamalized
no-scope,no-scoping,no-scoped
no-show,no-showing,no-showed
nobble,nobbling,nobbled
nobilify,nobilifying,nobilified
nobilitate,nobilitating,nobilitated
nock,nocking,nocked
nod,nodding,nodded
nodulate,nodulating,nodulated
nog,nogging,nogged
noint,nointing,nointed
noise,noising,noised
nol-pros,nol-prossing,nol-prossed
nom,nomming,nommed
nomadize,nomadizing,nomadized
nominalise,nominalising,nominalised
nominalize,nominalizing,nominalized
nominate,nominating,nominated
non-plus,non-plussing,non-plussed
non-pros,non-prossing,non-prossed
nonconcur,nonconcurring,nonconcurred
nonconform,nonconforming,nonconformed
nonplus,nonplussing,nonplussed
nonpros,nonprossing,nonprossed
nonsense,nonsensing,nonsensed
nonsensify,nonsensifying,nonsensified
nonsuit,nonsuiting,nonsuited
noodge,noodging,noodged
noodle,noodling,noodled
noogie,noogying,noogied
noose,noosing,noosed
nop,nopping,nopped
nope,noping,noped
norm,norming,normed
normalise,normalising,normalised
normalize,normalizing,normalized
norn,norning,norned
north,northing,northed
nose,nosing,nosed
nose-pick,nose-picking,nose-picked
nosedive,nosediving,nosedived
nosegrind,nosegrinding,nosegrinded
nosel,noseling,noseled
noseprint,noseprinting,noseprinted
noseride,noseriding,noserode
nosh,noshing,noshed
nostalgize,nostalgizing,nostalgized
nostrificate,nostrificating,nostrificated
nostrify,nostrifying,nostrified
notarise,notarising,notarised
notarize,notarizing,notarized
notate,notating,notated
notch,notching,notched
note,noting,noted
notice,noticing,noticed
notify,notifying,notified
nott,notting,notted
nought,noughting,noughted
noun,nouning,nouned
nounize,nounizing,nounized
nourish,nourishing,nourished
noursle,noursling,noursled
nousle,nousling,nousled
novate,novating,novated
novelise,novelising,novelised
novelize,novelizing,novelized
noy,noying,noyed
nub,nubbing,nubbed
nubble,nubbling,nubbled
nubilate,nubilating,nubilated
nuclearise,nuclearising,nuclearised
nuclearize,nuclearizing,nuclearized
nucleate,nucleating,nucleated
nuddle,nuddling,nuddled
nudge,nudging,nudged
nudle,nudling,nudled
nudzh,nudzhing,nudzhed
nuke,nuking,nuked
null,nulling,nulled
nullify,nullifying,nullified
numb,numbing,numbed
number,numbering,numbered
numerate,numerating,numerated
numericise,numericising,numericised
numericize,numericizing,numericized
nuncle,nuncling,nuncled
nuncupate,nuncupating,nuncupated
nurdle,nurdling,nurdled
nurl,nurling,nurled
nurn,nurning,nurned
nurse,nursing,nursed
nursemaid,nursemaiding,nursemaided
nursle,nursling,nursled
nurstle,nurstling,nurstled
nurture,nurturing,nurtured
nustle,nustling,nustled
nut,nutting,nutted
nutate,nutating,nutated
nutcrack,nutcracking,nutcracked
nutmeg,nutmegging,nutmegged
nutrify,nutrifying,nutrified
nutshell,nutshelling,nutshelled
nutshot,nutshotting,nutshot
nuzzle,nuzzling,nuzzled
nymshift,nymshifting,nymshifted
oar,oaring,oared
oath,oathing,oathed
obambulate,obambulating,obambulated
obduce,obducing,obduced
obduct,obducting,obducted
obdure,obduring,obdured
obelise,obelising,obelised
obelize,obelizing,obelized
obesify,obesified,obesifying
obey,obeying,obeyed
obfirm,obfirming,obfirmed
obfuscate,obfuscating,obfuscated
object,objecting,objected
objectify,objectifying,objectified
objectivate,objectivating,objectivated
objectivize,objectivizing,objectivized
objectize,objectizing,objectized
objurgate,objurgating,objurgated
oblectate,oblectating,oblectated
obligate,obligating,obligated
oblige,obliging,obliged
oblique,obliquing,obliqued
obliterate,obliterating,obliterated
obliviate,obliviating,obliviated
obnubilate,onbubilating,onbubilated
obolize,obolizing,obolized
obrogate,obrogating,obrogated
obscure,obscuring,obscured
obsecrate,obsecrating,obsecrated
observe,observing,observed
obsess,obsessing,obsessed
obsign,obsigning,obsigned
obsignate,obsignating,obsignated
obsolesce,obsolescing,obsolesced
obsolete,obsoleting,obsoleted
obstetricate,obstetricating,obstetricated
obstipate,obstipating,obstipated
obstruct,obstructing,obstructed
obstupefy,obstupefying,obstupefied
obtain,obtaining,obtained
obtemper,obtempering,obtempered
obtemperate,obtemperating,obtemperated
obtend,obtending,obtended
obtest,obtesting,obtested
obtrude,obtruding,obtruded
obtruncate,obtruncating,obtruncated
obtund,obtunding,obtunded
obturate,obturating,obturated
obumbrate,obumbrating,obumbrated
obvert,obverting,obverted
obviate,obviating,obviated
occasion,occasioning,occasioned
occasionate,occasionating,occasionated
occlude,occluding,occluded
occult,occulting,occulted
occupate,occupating,occupated
occupy,occupying,occupied
occur,occurring,occurred
ochre,ochring,ochred
ocker,ockering,ockered
OCR,OCRing,OCRed
octuple,octupling,octupled
odize,odizing,odized
odorise,odorising,odorised
odorize,odorizing,odorized
off,offing,offed
off-bear,off-bearing,off-bore
off-gas,off-gassing,off-gassed
off-load,off-loading,off-loaded
off-road,off-roading,off-roaded
off-split,off-splitting,off-split
offbear,offbearing,offbore
offboard,offboarding,offboarded
offcap,offcapping,offcapped
offcast,offcasting,offcast
offcut,offcutting,offcut
offend,offending,offended
offer,offering,offered
offhold,offholding,offheld
officer,officering,officered
officialise,officialising,officialised
officialize,officializing,officialized
officiate,officiating,officiated
offlead,offleading,offled
offload,offloading,offloaded
offre,offring,offred
offsaddle,offsaddling,offsaddled
offshore,offshoring,offshored
offsmite,offsmiting,offsmote
offsplit,offsplitting,offsplit
offstand,offstanding,offstood
offtake,offtaking,offtook
offuscate,offuscating,offuscated
ogle,ogling,ogled
oh,ohing,ohed
oil,oiling,oiled
oink,oinking,oinked
oint,ointing,ointed
OK,OKing,OKed
okay,okaying,okayed
oker,okering,okered
olden,oldening,oldened
oligomerize,oligomerizing,oligomerized
oligopolize,oligopolizing,oligopolized
ollie,ollying or ollieing,ollied
omen,omening,omened
ominate,ominating,ominated
omit,omitting,omitted
omnibus,omnibussing,omnibussed
omnify,omnifying,omnified
on,oning,oned
on-road,on-roading,on-roaded
oncome,oncoming,oncame
onde,onding,onded
one,oning,oned
one-shot,one-shotting,one-shotted
one-up,one-upping,one-upped
onerate,onerating,onerated
onfall,onfalling,onfell
onfang,onfanging,onfanged
onforward,onforwarding,onforwarded
onhold,onholding,onheld
onlap,onlapping,onlapped
onlead,onleading,onled
onlook,onlooking,onlooked
onpass,onpassing,onpassed
onsell,onselling,onsold
onsend,onsending,onsent
onset,onsetting,onset
onshore,onshoring,onshored
ontake,ontaking,ontook
ooh,oohing,oohed
oompah,oompahing,oompahed
oooh,ooohing,ooohed
oop,ooping,ooped
ooze,oozing,oozed
op,opping,opped
opacate,opacating,opacated
opacify,opacifying,opacified
opalesce,opalescing,opalesced
opalise,opalising,opalised
opalize,opalizing,opalized
opaque,opaquing,opaqued
ope,oping,oped
open,opening,opened
open-source,open-sourcing,open-sourced
operate,operating,operated
operationalise,operationalising,operationalised
operationalize,operationalizing,operationalized
opiate,opiating,opiated
opine,opining,opined
opiniate,opiniating,opiniated
opinion,opinioning,opinioned
opinionate,opinionating,opinionated
opinionize,opinionizing,opinionized
oppignerate,oppignerating,oppignerated
oppilate,oppilating,oppilated
oppone,opponing,opponed
oppose,opposing,opposed
opposit,oppositing,opposited
oppress,oppressing,oppressed
oppugn,oppugning,oppugned
opsonise,opsonising,opsonised
opsonize,opsonizing,opsonized
opt,opting,opted
optate,optating,optated
optimise,optimising,optimised
optimize,optimizing,optimized
option,optioning,optioned
oracle,oracling,oracled
orange,oranging,oranged
orate,orating,orated
oration,orationing,orationed
oratorize,oratorizing,oratorized
orb,orbing,orbed
orbit,orbiting,orbited
orchestrate,orchestrating,orchestrated
ordain,ordaining,ordained
order,ordering,ordered
ordinate,ordinating,ordinated
ordre,ordring,ordred
organ,organing,organed
organise,organising,organised
organize,organizing,organized
orgasm,orgasming,orgasmed
orient,orienting,oriented
orientalise,orientalising,orientalised
Orientalize,Orientalizing,Orientalized
orientate,orientating,orientated
orienteer,orienteering,orienteered
originate,originating,originated
ormolu,ormoluing,ormolued
orn,orning,orned
ornament,ornamenting,ornamented
ornate,ornating,ornated
orphan,orphaning,orphaned
ort,orting,orted
orthogonalise,orthogonalising,orthogonalised
orthogonalize,orthogonalizing,orthogonalized
orthographize,orthographizing,orthographized
orthonormalize,orthonormalizing,orthonormalized
orthorectify,orthorectifiing,orthorectified
oscillate,oscillating,oscillated
oscitate,oscitating,oscitated
osculate,osculating,osculated
osmoregulate,osmoregulating,osmoregulated
osmose,osmosing,osmosed
osmote,osmoting,osmoted
osseointegrate,osseointegrating,osseointegrated
ossify,ossifying,ossified
ostend,ostending,ostended
ostentate,ostentating,ostentated
ostracise,ostracising,ostracised
ostracize,ostracizing,ostracized
other,othering,othered
otherize,otherizing,otherized
ought,-,-
ouse,ousing,oused
oust,ousting,ousted
out,outing,outed
out-Byzantine,out-Byzantining,out-Byzantined
out-dwell,out-dwelling,out-dwelt
out-flank,out-flanking,out-flanked
out-general,out-generaling,out-generaled
out-guess,out-guessing,out-guessed
out-gun,out-gunning,out-gunned)
out-Herod,out-Heroding,out-Heroded
out-slut,out-slutting,out-slutted
out-top,out-topping,out-topped
out-winter,out-wintering,out-wintered
outachieve,outachieving,outachieved
outact,outacting,outacted
outargue,outarguing,outargued
outask,outasking,outasked
outbabble,outbabbling,outbabbled
outbalance,outbalancing,outbalanced
outbar,outbarring,outbarred
outbattle,outbattling,outbattled
outbear,outbearing,outbore
outbeg,outbegging,outbegged
outbid,outbidding,outbid
outblush,outblushing,outblushed
outboast,outboasting,outboasted
outboob,outboobing,outboobed
outborrow,outborrowing,outborrowed
outbow,outbowing,outbowed
outbowl,outbowling,outbowled
outbox,outboxing,outboxed
outbrag,outbragging,outbragged
outbrain,outbraining,outbrained
outbrave,outbraving,outbraved
outbray,outbraying,outbrayed
outbrazen,outbrazening,outbrazened
outbreak,outbreaking,outbroke
outbreast,outbreasting,outbreasted
outbreathe,outbreathing,outbreathed
outbreed,outbreeding,outbred
outbribe,outbribing,outbribed
outbring,outbringing,outbrought
outbud,outbudding,outbudded
outbuild,outbuilding,outbuilt
outburn,outburning,outburned
outburp,outburping,outburped
outbutt,outbutting,outbutted
outbuy,outbuying,outbought
outcampaign,outcampaigning,outcampaigned
outcant,outcanting,outcanted
outcast,outcasting,outcast
outcaste,outcasting,outcasted
outcharm,outcharming,outcharmed
outcheat,outcheating,outcheated
outcheer,outcheering,outcheered
outclass,outclassing,outclassed
outclimb,outclimbing,outclimbed
outcoach,outcoaching,outcoached
outcompass,outcompassing,outcompassed
outcompete,outcompeting,outcompeted
outcool,outcooling,outcooled
outcouple,outcoupling,outcoupled
outcrack,outcracking,outcracked
outcrafty,outcraftying,outcraftied
outcrop,outcropping,outcropped
outcross,outcrossing,outcrossed
outcry,outcrying,outcried
outcut,outcutting,outcut
outdance,outdancing,outdanced
outdare,outdaring,outdared
outdate,outdating,outdated
outdazzle,outdazzling,outdazzled
outdent,outdenting,outdented
outdistance,outdistancing,outdistanced
outdo,outdoing,outdid
outdraw,outdrawing,outdrew
outdress,outdressing,outdressed
outdrink,outdrinking,outdrank
outdrive,outdriving,outdrove
outdwell,outdwelling,outdwelt
outearn,outearning,outearned
outeat,outeating,outate
outen,outening,outened
outengineer,outengineering,outengineered
outexecute,outexecuting,outexecuted
outface,outfacing,outfaced
outfall,outfalling,outfell
outfart,outfarting,outfarted
outfawn,outfawning,outfawned
outfeat,outfeating,outfeated
outfence,outfencing,outfenced
outfight,outfighting,outfought
outfind,outfinding,outfound
outfinesse,outfinessing,outfinessed
outfire,outfiring,outfired
outfish,outfishing,outfished
outfit,outfitting,outfitted
outflank,outflanking,outflanked
outflatter,outflattering,outflattered
outfling,outflinging,outflung
outflow,outflowing,outflowed
outflux,outfluxing,outfluxed
outfly,outflying,outflew
outfool,outfooling,outfooled
outfoot,outfooting,outfooted
outfox,outfoxing,outfoxed
outframe,outframing,outframed
outfrown,outfrowning,outfrowned
outfuck,outfucking,outfucked
outgain,outgaining,outgained
outgallop,outgalloping,outgalloped
outgas,outgassing,outgassed
outgaze,outgazing,outgazed
outgive,outgiving,outgave
outglow,outglowing,outglowed
outgo,outgoing,outwent
outgreen,outgreening,outgreened
outgross,outgrossing,outgrossed
outgrow,outgrowing,outgrew
outguess,outguessing,outguessed
outgun,outgunning,outgunned
outgush,outgushing,outgushed
outhale,outhaling,outhaled
outhandle,outhandling,outhandled
outherod,outheroding,outheroded
outhire,outhiring,outhired
outhit,outhitting,outhit
outhold,outholding,outheld
outhustle,outhustling,outhustled
outjest,outjesting,outjested
outjuggle,outjuggling,outjuggled
outjump,outjumping,outjumped
outkick,outkicking,outkicked
outkill,outkilling,outkilled
outkiss,outkissing,outkissed
outlabour,outlabouring,outlaboured
outlast,outlasting,outlasted
outlaugh,outlaughing,outlaughed
outlaw,outlawing,outlawed
outlay,outlaying,outlaid
outlead,outleading,outled
outlick,outlicking,outlicked
outlie,outlying,outlied
outlift,outlifting,outlifted
outline,outlining,outlined
outlitigate,outlitigating,outlitigated
outlive,outliving,outlived
outlook,outlooking,outlooked
outlove,outloving,outloved
outlustre,outlustring,outlustred
outman,outmanning,outmanned
outmanage,outmanaging,outmanaged
outmaneuver,outmaneuvering,outmaneuvered
outmanoeuvre,outmanoeuvring,outmanoeuvred
outmantle,outmantling,outmantled
outmarch,outmarching,outmarched
outmatch,outmatching,outmatched
outmeasure,outmeasuring,outmeasured
outmetal,outmetalling,outmetalled
outmode,outmoding,outmoded
outmount,outmounting,outmounted
outmuscle,outmuscling,outmuscled
outname,outnaming,outnamed
outnice,outnicing,outniced
outnigger,outniggering,outniggered
outnoise,outnoising,outnoised
outnumber,outnumbering,outnumbered
outorganize,outorganizing,outorganized
outpace,outpacing,outpaced
outpaint,outpainting,outpainted
outpass,outpassing,outpassed
outpeer,outpeering,outpeered
outperform,outperforming,outperformed
outpiss,outpissing,outpissed
outpitch,outpitching,outpitched
outplace,outplacing,outplaced
outplay,outplaying,outplayed
outpoint,outpointing,outpointed
outpoise,outpoising,outpoised
outpoll,outpolling,outpolled
outpour,outpouring,outpoured
outpower,outpowering,outpowered
outpray,outpraying,outprayed
outpreach,outpreaching,outpreached
outprice,outpricing,outpriced
outprize,outprizing,outprized
outproduce,outproducing,outproduced
outpsych,outpsyching,outpsyched
outpunch,outpunching,outpunched
outputt,outputting,outputted
outqualify,outqualifying,outqualifyed
outquench,outquenching,outquenched
outrace,outracing,outraced
outrage,outraging,outraged
outraise,outraising,outraised
outrange,outranging,outranged
outrank,outranking,outranked
outrate,outrating,outrated
outray,outraying,outrayed
outreach,outreaching,outreached
outreason,outreasoning,outreasoned
outrebound,outrebounding,outrebounded
outreckon,outreckoning,outreckoned
outreign,outreigning,outreigned
outreport,outreporting,outreported
outride,outriding,outrode
outright,outrighting,outrighted
outring,outringing,outrang
outrive,outriving,outrove
outroar,outroaring,outroared
outromance,outromancing,outromanced
outroot,outrooting,outrooted
outrun,outrunning,outran
outrush,outrushing,outrushed
outsail,outsailing,outsailed
outsave,outsaving,outsaved
outscent,outscenting,outscented
outscold,outscolding,outscolded
outscore,outscoring,outscored
outscorn,outscorning,outscorned
outscout,outscouting,outscouted
outscream,outscreaming,outscreamed
outsee,outseeing,outsaw
outseek,outseeking,outsought
outsell,outselling,outsold
outsend,outsending,outsent
outserve,outserving,outserved
outshoot,outshooting,outshot
outshop,outshopping,outshopped
outshout,outshouting,outshouted
outshow,outshowing,outshowed
outshriek,outshrieking,outshrieked
outshut,outshutting,outshut
outsing,outsinging,outsang
outsit,outsitting,outsat
outsize,outsizing,outsized
outskate,outskating,outskated
outskin,outskinning,outskinned
outskip,outskipping,outskipped
outsleep,outsleeping,outslept
outslide,outsliding,outslid
outslug,outslugging,outslugged
outslut,outslutting,outslutted
outsmart,outsmarting,outsmarted
outsoar,outsoaring,outsoared
outsound,outsounding,outsounded
outsource,outsourcing,outsourced
outspan,outspanning,outspanned
outsparkle,outsparkling,outsparkled
outspeak,outspeaking,outspoke
outspeed,outspeeding,outsped
outspell,outspelling,outspelled
outspend,outspending,outspent
outspin,outspinning,outspun
outsport,outsporting,outsported
outspread,outspreading,outspread
outspring,outspringing,outsprang
outsprint,outsprinting,outsprinted
outsquawk,outsquawking,outsquawked
outstable,outstabling,outstabled
outstand,outstanding,outstood
outstare,outstaring,outstared
outstart,outstarting,outstarted
outstay,outstaying,outstayed
outstep,outstepping,outstepped
outstink,outstinking,outstank
outstorm,outstorming,outstormed
outstrategize,outstrategizing,outstrategized
outstretch,outstretching,outstretched
outstride,outstriding,outstrode
outstrike,outstriking,outstruck
outstrip,outstripping,outstripped
outsuffer,outsuffering,outsuffered
outsurvive,outsurviving,outsurvived
outswear,outswearing,outswore
outsweeten,outsweetening,outsweetened
outswell,outswelling,outswelled
outswim,outswimming,outswam
outtake,outtaking,outtook
outtalk,outtalking,outtalked
outtell,outtelling,outtold
outthink,outthinking,outthought
outthrow,outthrowing,outthrew
outthrust,outthrusting,outthrusted
outtop,outtopping,outtopped
outtrade,outtrading,outtraded
outtravel,outtraveling,outtraveled
outvalue,outvaluing,outvalued
outvenom,outvenoming,outvenomed
outvie,outvying,outvied
outvillain,outvillaining,outvillained
outvoice,outvoicing,outvoiced
outvote,outvoting,outvoted
outwait,outwaiting,outwaited
outwalk,outwalking,outwalked
outward,outwarding,outwarded
outwatch,outwatching,outwatched
outwear,outwearing,outwore
outweary,outwearying,outwearied
outweed,outweeding,outweeded
outweep,outweeping,outwept
outweigh,outweighing,outweighed
outwell,outwelling,outwelled
outwin,outwinning,outwon
outwind,outwinding,outwound
outwing,outwinging,outwinged
outwinter,outwintering,outwintered
outwit,outwitting,outwitted
outwoo,outwooing,outwooed
outwork,outworking,outworked
outworth,outworthing,outworthed
outwrest,outwresting,outwrested
outwrestle,outwrestling,outwrestled
outwrite,outwriting,outwrote
outyell,outyelling,outyelled
outyield,outyielding,outyielded
outzany,outzanying,outzanied
ovalize,ovalizing,ovalized
ovariectomize,ovariectomizing,ovariectomized
over-approximate,over-approximating,over-approximated
over-awe,over-awing,over-awed
over-clock,over-clocking,over-clocked
over-educate,over-educating,over-educated
over-egg,over-egging,over-egged
over-rate,over-rating,over-rated
overabound,overabounding,overabounded
overaccelerate,overaccelerating,overaccelerated
overaccentuate,overaccentuating,overaccentuated
overaccessorize,overaccessorizing,overaccessorized
overaccommodate,overaccommodating,overaccommodated
overachieve,overachieving,overachieved
overact,overacting,overacted
overadvertise,overadvertising,overadvertised
overaffect,overaffecting,overaffected
overagitate,overagitating,overagitated
overamplify,overamplifying,overamplified
overanalyse,overanalysing,overanalysed
overanalyze,overanalyzing,overanalyzed
overanesthetize,overanesthetizing,overanesthetized
overapply,overapplying,overapplied
overapproximate,overapproximating,overapproximated
overarch,overarching,overarched
overassess,overassessing,overassessed
overattribute,overattributing,overattributed
overawe,overawing,overawed
overbake,overbaking,overbaked
overbalance,overbalancing,overbalanced
overbear,overbearing,overbore
overbeat,overbeating,overbeat
overbend,overbending,overbent
overbet,overbetting,overbet
overbid,overbidding,overbid
overbill,overbilling,overbilled
overbind,overbinding,overbinded
overblow,overblowing,overblew
overboil,overboiling,overboiled
overbook,overbooking,overbooked
overborrow,overborrowing,overborrowed
overbow,overbowing,overbowed
overbrand,overbranding,overbranded
overbreak,overbreaking,overbroke
overbreed,overbreeding,overbred
overbrim,overbrimming,overbrimmed
overbrow,overbrowing,overbrowed
overbrowse,overbrowsing,overbrowsed
overbubble,overbubbling,overbubbled
overbudget,overbudgeting,overbudgeted
overbuild,overbuilding,overbuilt
overbulk,overbulking,overbulked
overburden,overburdening,overburdened
overbuy,overbuying,overbought
overcalculate,overcalculating,overcalculated
overcall,overcalling,overcalled
overcanopy,overcanopying,overcanopied
overcapitalize,overcapitalizing,overcapitalized
overcare,overcaring,overcared
overcark,overcarking,overcarked
overcarry,overcarrying,overcarried
overcast,overcasting,overcast
overcatch,overcatching,overcaught
overcategorize,overcategorizing,overcategorized
overcharge,overcharging,overcharged
overchill,overchilling,overchilled
overchoreograph,overchoreographing,overchoreographed
overcite,overciting,overcited
overclaim,overclaiming,overclaimed
overclean,overcleaning,overcleaned
overclimb,overclimbing,overclimbed
overclock,overclocking,overclocked
overcloud,overclouding,overclouded
overcloy,overcloying,overcloyed
overcoach,overcoaching,overcoached
overcoat,overcoating,overcoated
overcoddle,overcoddling,overcoddled
overcollateralize,overcollateralizing,overcollateralized
overcolor,overcoloring,overcolored
overcolour,overcolouring,overcoloured
overcome,overcoming,overcame
overcommercialize,overcommercializing,overcommercialized
overcommit,overcommitting,overcommitted
overcommunicate,overcommunicating,overcommunicated
overcompensate,overcompensating,overcompensated
overcomplicate,overcomplicating,overcomplicated
overcompliment,overcomplimenting,overcomplimented
overcompress,overcompressing,overcompressed
overconstrain,overconstraining,overconstrained
overconsume,overconsuming,overconsumed
overcontribute,overcontributing,overcontributed
overcontrol,overcontrolling,overcontrolled
overcook,overcooking,overcooked
overcorrect,overcorrecting,overcorrected
overcount,overcounting,overcounted
overcover,overcovering,overcovered
overcram,overcramming,overcrammed
overcriticize,overcriticizing,overcriticized
overcrop,overcropping,overcropped
overcrow,overcrowing,overcrowed
overcrowd,overcrowding,overcrowded
overcut,overcutting,overcut
overdamp,overdamping,overdamped
overdare,overdaring,overdared
overdate,overdating,overdated
overdecorate,overdecorating,overdecorated
overdeliver,overdelivering,overdelivered
overdesign,overdesigning,overdesigned
overdetermine,overdetermining,overdetermined
overdevelop,overdeveloping,overdeveloped
overdiagnose,overdiagnosing,overdiagnosed
overdilute,overdiluting,overdiluted
overdisperse,overdispersing,overdispersed
overdo,overdoing,overdid
overdose,overdosing,overdosed
overdoss,overdossing,overdossed
overdot,overdotting,overdotted
overdramatise,overdramatising,overdramatised
overdramatize,overdramatizing,overdramatized
overdraw,overdrawing,overdrew
overdream,overdreaming,overdreamed
overdreep,overdreeping,overdreeped
overdress,overdressing,overdressed
overdribble,overdribbling,overdribbled
overdrink,overdrinking,overdrank
overdrive,overdriving,overdrove
overdrown,overdrowning,overdrowned
overdry,overdrying,overdried
overdub,overdubbing,overdubbed
overdye,overdyeing,overdyed
overeat,overeating,overate
overedge,overedging,overedged
overeducate,overeducating,overeducated
overegg,overegging,overegged
overembellish,overembellishing,overembellished
overemote,overemoting,overemoted
overemphasise,overemphasising,overemphasised
overemphasize,overemphasizing,overemphasized
overempty,overemptying,overemptied
overengineer,overengineering,overengineered
overenjoy,overenjoying,overenjoyed
overenunciate,overenunciating,overenunciated
overequip,overequipping,overequipped
overestimate,overestimating,overestimated
overexaggerate,overexaggerating,overexaggerated
overexcite,overexciting,overexcited
overexercise,overexercising,overexercised
overexert,overexerting,overexerted
overexpand,overexpanding,overexpanded
overexplain,overexplaining,overexplained
overexploit,overexploiting,overexploited
overexpose,overexposing,overexposed
overexpress,overexpressing,overexpressed
overextend,overextending,overextended
overeye,overeying,overeyed
overfall,overfalling,overfell
overfarm,overfarming,overfarmed
overfatigue,overfatiguing,overfatigued
overfeed,overfeeding,overfed
overfertilize,overfertilizing,overfertilized
overfill,overfilling,overfilled
overfinance,overfinancing,overfinanced
overfish,overfishing,overfished
overfit,overfitting,overfitted
overflatter,overflattering,overflattered
overfloat,overfloating,overfloated
overflood,overflooding,overflooded
overflourish,overflourishing,overflourished
overflow,overflowing,overflowed
overflush,overflushing,overflushed
overfly,overflying,overflew
overfold,overfolding,overfolded
overfreight,overfreighting,overfreighted
overfront,overfronting,overfronted
overfuck,overfucking,overfucked
overfulfil,overfulfilling,overfulfilled
overfulfill,overfulfilling,overfulfilled
overfund,overfunding,overfunded
overgang,overganging,overganged
overgaze,overgazing,overgazed
overgeneralize,overgeneralizing,overgeneralized
overgenerate,overgenerating,overgenerated
overgild,overgilding,overgilded
overgird,overgirding,overgirded
overgive,overgiving,overgave
overglance,overglancing,overglanced
overglide,overgliding,overglided
overgloom,overglooming,overgloomed
overgo,overgoing,overwent
overgorge,overgorging,overgorged
overgrace,overgracing,overgraced
overgraze,overgrazing,overgrazed
overgroom,overgrooming,overgroomed
overgrow,overgrowing,overgrew
overguesstimate,overguesstimating,overguesstimated
overhale,overhaling,overhaled
overhall,overhalling,overhalled
overhandle,overhandling,overhandled
overhang,overhanging,overhung
overharden,overhardening,overhardened
overharvest,overharvesting,overharvested
overhaul,overhauling,overhauled
overheal,overhealing,overhealed
overhear,overhearing,overheard
overheat,overheating,overheated
overhele,overheling,overheled
overhelp,overhelping,overhelped
overhend,overhending,overhent
overhent,overhenting,overhent
overhip,overhipping,overhipped
overhire,overhiring,overhired
overhit,overhitting,overhit
overhold,overholding,overheld
overhope,overhoping,overhoped
overhydrate,overhydrating,overhydrated
overhype,overhyping,overhyped
overidealize,overidealizing,overidealized
overidentify,overidentifying,overidentified
overindulge,overindulging,overindulged
overinflate,overinflating,overinflated
overinfluence,overinfluencing,overinfluenced
overinform,overinforming,overinformed
overinstruct,overinstructing,overinstructed
overinsure,overinsuring,overinsured
overintellectualise,overintellectualising,overintellectualised
overintellectualize,overintellectualizing,overintellectualized
overinterpret,overinterpreting,overinterpreted
overinvest,overinvesting,overinvested
overissue,overissuing,overissued
overjoy,overjoying,overjoyed
overjump,overjumping,overjumped
overjustify,overjustifying,overjustified
overkeep,overkeeping,overkept
overkill,overkilling,overkilled
overlabour,overlabouring,overlaboured
overlade,overlading,overladed
overlap,overlapping,overlapped
overlash,overlashing,overlashed
overlead,overleading,overled
overleap,overleaping,"overleaped, overleapt"
overleave,overleaving,overleft
overleaven,overleavening,overleavened
overlegislate,overlegislating,overlegislated
overlend,overlending,overlent
overleverage,overleveraging,overleveraged
overlick,overlicking,overlicked
overlie,overlying,overlay
overline,overlining,overlined
overlinger,overlingering,overlingered
overlink,overlinking,overlinked
overlive,overliving,overlived
overload,overloading,overloaded
overlock,overlocking,overlocked
overlook,overlooking,overlooked
overlove,overloving,overloved
overlubricate,overlubricating,overlubricated
overmagnify,overmagnifying,overmagnified
overmake,overmaking,overmade
overman,overmanning,overmanned
overmanage,overmanaging,overmanaged
overmanipulate,overmanipulating,overmanipulated
overmarch,overmarching,overmarched
overmarket,overmarketing,overmarketed
overmast,overmasting,overmasted
overmaster,overmastering,overmastered
overmatch,overmatching,overmatched
overmeasure,overmeasuring,overmeasured
overmeddle,overmeddling,overmeddled
overmedicalize,overmedicalizing,overmedicalized
overmedicate,overmedicating,overmedicated
overmike,overmiking,overmiked
overmilitarize,overmilitarizing,overmilitarized
overmilk,overmilking,overmilked
overmix,overmixing,overmixed
overmodulate,overmodulating,overmodulated
overmount,overmounting,overmounted
overmultiply,overmultiplying,overmultiplied
overmultitude,overmultituding,overmultituded
overname,overnaming,overnamed
overnight,overnighting,overnighted
overnoise,overnoising,overnoised
overoil,overoiling,overoiled
overoptimize,overoptimizing,overoptimized
overorder,overordering,overordered
overpack,overpacking,overpacked
overpackage,overpackaging,overpackaged
overpaint,overpainting,overpainted
overpamper,overpampering,overpampered
overparameterize,overparameterizing,overparameterized
overpark,overparking,overparked
overpart,overparting,overparted
overpass,overpassing,overpassed
overpay,overpaying,overpaid
overpeer,overpeering,overpeered
overpeople,overpeopling,overpeopled
overperceive,overperceiving,overperceived
overperch,overperching,overperched
overperform,overperforming,overperformed
overpersuade,overpersuading,overpersuaded
overpicture,overpicturing,overpictured
overpitch,overpitching,overpitched
overplant,overplanting,overplanted
overplay,overplaying,overplayed
overplease,overpleasing,overpleased
overplough,overploughing,overploughed
overplow,overplowing,overplowed
overpluck,overplucking,overplucked
overply,overplying,overplied
overpoise,overpoising,overpoised
overpolish,overpolishing,overpolished
overpopulate,overpopulating,overpopulated
overpost,overposting,overposted
overpour,overpouring,overpoured
overpower,overpowering,overpowered
overpraise,overpraising,overpraised
overpredict,overpredicting,overpredicted
overprepare,overpreparing,overprepared
overprescribe,overprescribing,overprescribed
overpress,overpressing,overpressed
overpressure,overpressuring,overpressured
overpressurize,overpressurizing,overpressurized
overprice,overpricing,overpriced
overprime,overpriming,overprimed
overprint,overprinting,overprinted
overprioritize,overprioritizing,overprioritized
overprize,overprizing,overprized
overprocess,overprocessing,overprocessed
overproduce,overproducing,overproduced
overpromise,overpromising,overpromised
overpromote,overpromoting,overpromoted
overpronate,overpronating,overpronated
overproportion,overproportioning,overproportioned
overprotect,overprotecting,overprotected
overprovision,overprovisioning,overprovisioned
overprovoke,overprovoking,overprovoked
overpsychologize,overpsychologizing,overpsychologized
overpublicize,overpublicizing,overpublicized
overpull,overpulling,overpulled
overpunch,overpunching,overpunched
overpursue,overpursuing,overpursued
overpush,overpushing,overpushed
overput,overputting,overput
overquantify,overquantifying,overquantified
overquell,overquelling,overquelled
overquote,overquoting,overquoted
overrake,overraking,overraked
overrate,overrating,overrated
overreach,overreaching,overreached
overreact,overreacting,overreacted
overread,overreading,overread
overreckon,overreckoning,overreckoned
overreference,overreferencing,overreferenced
overrefine,overrefining,overrefined
overregularize,overregularizing,overregularized
overregulate,overregulating,overregulated
overrelax,overrelaxing,overrelaxed
overrent,overrenting,overrented
overreport,overreporting,overreported
overrepresent,overrepresenting,overrepresented
overrestore,overrestoring,overrestored
overrev,overrevving,overrevved
override,overriding,overrode
overripen,overripening,overripened
overroast,overroasting,overroasted
overromanticize,overromanticizing,overromanticized
overruff,overruffing,overruffed
overrule,overruling,overruled
overrun,overrunning,overran
oversail,oversailing,oversailed
oversalt,oversalting,oversalted
oversample,oversampling,oversampled
oversaturate,oversaturating,oversaturated
oversauce,oversaucing,oversauced
oversay,oversaying,oversaid
overschedule,overscheduling,overscheduled
overscreen,overscreening,overscreened
overseal,oversealing,oversealed
oversearch,oversearching,oversearched
overseason,overseasoning,overseasoned
oversedate,oversedating,oversedated
oversee,overseeing,oversaw
overseed,overseeding,overseeded
oversell,overselling,oversold
oversend,oversending,oversent
overserve,overserving,overserved
overservice,overservicing,overserviced
overset,oversetting,overset
oversew,oversewing,oversewed
oversexualize,oversexualizing,oversexualized
overshade,overshading,overshaded
overshadow,overshadowing,overshadowed
overshake,overshaking,overshook
overshape,overshaping,overshaped
overshare,oversharing,overshared
oversharpen,oversharpening,oversharpened
overshine,overshining,overshone
overshoot,overshooting,overshot
overshop,overshopping,overshopped
overshorten,overshortening,overshortened
oversimplify,oversimplifying,oversimplified
oversing,oversang,oversung
oversit,oversitting,oversat
oversize,oversizing,oversized
overskate,overskating,overskated
overskip,overskipping,overskipped
overslaugh,overslaughing,overslaughed
oversleep,oversleeping,overslept
overslide,oversliding,overslid
overslip,overslipping,overslipped
overslow,overslowing,overslowed
oversoften,oversoftening,oversoftened
oversorrow,oversorrowing,oversorrowed
oversow,oversowing,oversowed
overspan,overspanning,overspanned
overspeak,overspeaking,overspoke
overspecialise,overspecialising,overspecialised
overspecialize,overspecializing,overspecialized
overspecify,overspecifying,overspecified
overspeculate,overspeculating,overspeculated
overspend,overspending,overspent
overspill,overspilling,overspilled
overspread,overspreading,overspread
overspring,overspringing,oversprang
oversprinkle,oversprinkling,oversprinkled
overstaff,overstaffing,overstaffed
overstamp,overstamping,overstamped
overstand,overstanding,overstood
overstare,overstaring,overstared
overstate,overstating,overstated
overstay,overstaying,overstayed
oversteam,oversteaming,oversteamed
oversteer,oversteering,oversteered
overstimulate,overstimulating,overstimulated
overstitch,overstitching,overstitched
overstock,overstocking,overstocked
overstore,overstoring,overstored
overstrain,overstraining,overstrained
overstraw,overstrawing,overstrawed
overstress,overstressing,overstressed
overstretch,overstretching,overstretched
overstrew,overstrewing,overstrewed
overstride,overstriding,overstrode
overstrike,overstriking,overstruck
overstrow,overstrowing,overstrowed
overstudy,overstudying,overstudied
overstuff,overstuffing,overstuffed
oversubscribe,oversubscribing,oversubscribed
oversubsidize,oversubsidizing,oversubsidized
oversupply,oversupplying,oversupplied
overswarm,overswarming,overswarmed
oversway,overswaying,overswayed
oversweep,oversweeping,overswept
oversweeten,oversweetening,oversweetened
overswell,overswelling,overswelled
overswing,overswinging,overswung
oversystematise,oversystematising,oversystematised
oversystematize,oversystematizing,oversystematized
overtake,overtaking,overtook
overtalk,overtalking,overtalked
overtan,overtanning,overtanned
overtask,overtasking,overtasked
overtax,overtaxing,overtaxed
overteach,overteaching,overtaught
overtempt,overtempting,overtempted
overtest,overtesting,overtested
overtheorize,overtheorizing,overtheorized
overthink,overthinking,overthought
overthrow,overthrowing,overthrew
overtighten,overtightening,overtightened
overtip,overtipping,overtipped
overtire,overtiring,overtired
overtitle,overtitling,overtitled
overtoil,overtoiling,overtoiled
overtop,overtopping,overtopped
overtout,overtouting,overtouted
overtower,overtowering,overtowered
overtrade,overtrading,overtraded
overtrain,overtraining,overtrained
overtread,overtreading,overtrod
overtreat,overtreating,overtreated
overtrip,overtripping,overtripped
overtrump,overtrumping,overtrumped
overtrust,overtrusting,overtrusted
overtry,overtrying,overtried
overturn,overturning,overturned
overtwist,overtwisting,overtwisted
overtype,overtyping,overtyped
overuse,overusing,overused
overutilize,overutilizing,overutilized
overvalue,overvaluing,overvalued
overveil,overveiling,overveiled
overview,overviewing,overviewed
overvolt,overvolting,overvolted
overvote,overvoting,overvoted
overwait,overwaiting,overwaited
overwalk,overwalking,overwalked
overwash,overwashing,overwashed
overwatch,overwatching,overwatched
overwater,overwatering,overwatered
overwax,overwaxing,overwaxed
overwear,overwearing,overwore
overweary,overwearying,overwearied
overweather,overweathering,overweathered
overween,overweening,overweened
overweigh,overweighing,overweighed
overweight,overweighting,overweighted
overwell,overwelling,overwelled
overwhelm,overwhelming,overwhelmed
overwhip,overwhipping,overwhipped
overwin,overwinning,overwon
overwind,overwinding,overwound
overwing,overwinging,overwinged
overwinter,overwintering,overwintered
overwit,overwitting,overwitted
overword,overwording,overworded
overwrap,overwrapping,overwrapped
overwrest,overwresting,overwrested
overwrite,overwriting,overwrote
oviposit,ovipositing,oviposited
ovulate,ovulating,ovulated
owe,owing,owed
own,owning,owned
oxidate,oxidating,oxidated
oxidise,oxidising,oxidised
oxidize,oxidizing,oxidized
oxygenate,oxygenating,oxygenated
oxygenise,oxygenising,oxygenised
oxygenize,oxygenizing,oxygenized
oyster,oystering,oystered
ozonate,ozonating,ozonated
ozonise,ozonising,ozonised
pace,pacing,paced
pacify,pacifying,pacified
pack,packing,packed
package,packaging,packaged
packet,packeting,packeted
packetize,packetizing,packetized
pacquet,pacquetting,pacquetted
pad,padding,padded
paddle,paddling,paddled
paddock,paddocking,paddocked
padlock,padlocking,padlocked
paean,paeaning,paeaned
paganise,paganising,paganised
paganize,paganizing,paganized
page,paging,paged
pageant,pageanting,pageanted
paggle,paggling,paggled
paginate,paginating,paginated
pain,paining,pained
paint,painting,painted
paintball,paintballing,paintballed
pair,pairing,paired
pal,palling,palled
palace,palacing,palaced
palatalise,palatalising,palatalised
palatalize,palatalizing,palatalized
palate,palating,palated
palatize,palatizing,palatized
palaver,palavering,palavered
pale,paling,paled
Palestinianise,Palestinianising,Palestinianised
Palestinianize,Palestinianizing,Palestinianized
palettise,palettising,palettised
palettize,palettizing,palettized
palimpsest,palimpsesting,palimpsested
palisade,palisading,palisaded
palisado,palisadoing,palisadoed
pall,palling,palled
palladiumize,palladiumizing,palladiumized
palletise,palletising,palletised
palletize,palletizing,palletized
palliate,palliating,palliated
palm,palming,palmed
palmitoylate,palmitoylating,palmitoylated
palp,palping,palped
palpate,palpating,palpated
palpitate,palpitating,palpitated
palsy,palsying,palsied
palter,paltering,paltered
pam,pamming,pammed
pamp,pamping,pamped
pamper,pampering,pampered
pamperize,pamperizing,pamperized
pamphleteer,pamphleteering,pamphleteered
pan,panning,panned
pan-broil,pan-broiling,pan-broiled
pan-fry,pan-frying,pan-fried
pancake,pancaking,pancaked
pandar,pandaring,pandared
pandarize,pandarizing,pandarized
pander,pandering,pandered
pandiculate,pandiculating,pandiculated
pandy,pandying,pandied
panegyrise,panegyrising,panegyrised
panegyrize,panegyrizing,panegyrized
pang,panging,panged
panhandle,panhandling,panhandled
panic,panicking,panicked
panick,panicking,panicked
pant,panting,panted
pantheonise,pantheonising,pantheonised
pantheonize,pantheonizing,pantheonized
pantomime,pantomiming,pantomimed
pants,pantsing,pantsed
pap,papping,papped
papalize,papalizing,papalized
paper,papering,papered
paperclip,paperclipping,paperclipped
papillate,papillating,papillated
pappyshow,pappyshowing,pappyshowed
papyrograph,papyrographing,papyrographed
par,parring,parred
parable,parabling,parabled
parachute,parachuting,parachuted
parade,parading,paraded
paradigmatize,paradigmatizing,paradigmatized
paradise,paradising,paradised
paraffin,paraffining,paraffined
paraffinize,paraffinizing,paraffinized
paraglide,paragliding,paraglided
paragon,paragoning,paragoned
paragraph,paragraphing,paragraphed
parallelise,parallelising,parallelised
parallelize,parallelizing,parallelized
paralogize,paralogizing,paralogized
paralyse,paralysing,paralysed
paralyze,paralyzing,paralyzed
parameterise,parameterising,parameterised
parameterize,parameterizing,parameterized
parametrise,parametrising,parametrised
parametrize,parametrizing,parametrized
paraph,paraphing,paraphed
paraphrase,paraphrasing,paraphrased
parasail,parasailing,parasailed
parascend,parascending,parascended
parasitise,parasitising,parasitised
parasitize,parasitizing,parasitized
parbake,parbaking,parbaked
parboil,parboiling,parboiled
parbreak,parbreaking,parbreaked
parbuckle,parbuckling,parbuckled
parcellate,parcellating,parcellated
parch,parching,parched
pardon,pardoning,pardoned
pare,paring,pared
parent,parenting,parented
parenthesise,parenthesising,parenthesised
parenthesize,parenthesizing,parenthesized
parfry,parfrying,parfried
park,parking,parked
parkour,parkouring,parkoured
parlay,parlaying,parlayed
parle,parling,parled
parley,parleying,parleyed
parleyvoo,parleyvooing,parleyvooed
parlyvoo,parlyvooing,parlyvooed
parochialize,parochializing,parochialized
parody,parodying,parodied
parole,paroling,paroled
parp,parping,parped
parquet,parqueting,parqueted
parrock,parrocking,parrocked
parry,parrying,parried
parse,parsing,parsed
part,parting,parted
partake,partaking,partook
partialize,partializing,partialized
participate,participating,participated
participialize,participializing,participialized
particularise,particularising,particularised
particularize,particularizing,particularized
partition,partitioning,partitioned
partner,partnering,partnered
parturiate,parturiating,parturiated
party,partying,partied
pash,pashing,pashed
pasquinade,pasquinading,pasquinaded
pass,passing,passed
passage,passaging,passaged
passenger,passengering,passengered
passion,passioning,passioned
passionate,passionating,passionated
passivate,passivating,passivated
passivise,passivising,passivised
passivize,passivizing,passivized
password,passwording,passworded
paste,pasting,pasted
pasteurise,pasteurising,pasteurised
pasteurize,pasteurizing,pasteurized
pastiche,pastiching,pastiched
pastime,pastiming,pastimed
pastor,pastoring,pastored
pastoralize,pastoralizing,pastoralized
pastour,pastouring,pastoured
pasture,pasturing,pastured
pat,patting,patted
patch,patching,patched
patch-up,patching-up,patched-up
patchwork,patchworking,patchworked
patent,patenting,patented
paternalise,paternalising,paternalised
paternalize,paternalizing,paternalized
paternoster,paternostering,paternostered
path,pathing,pathed
pathologise,pathologising,pathologised
pathologize,pathologizing,pathologized
pathotype,pathotyping,pathotyped
patinate,patinating,patinated
patine,patining,patined
patriate,patriating,patriated
patrocinate,patrocinating,patrocinated
patrol,patrolling,patrolled
patrole,patroling,patroled
patron,patroning,patroned
patronage,patronaging,patronaged
patronise,patronising,patronised
patronize,patronizing,patronized
patter,pattering,pattered
pattern,patterning,patterned
pattinsonize,pattinsonizing,pattinsonized
paum,pauming,paumed
paunch,paunching,paunched
pauperise,pauperising,pauperised
pauperize,pauperizing,pauperized
pause,pausing,paused
pave,paving,paved
pavilion,pavilioning,pavilioned
paw,pawing,pawed
pawl,pawling,pawled
pawn,pawning,pawned
paynize,paynizing,paynized
payroll,payrolling,payrolled
payse,paysing,paysed
PC,PCing,PCed
PCR,PCRing,PCRed
PDF,PDFing,PDFed
peace,peacing,peaced
peach,peaching,peached
peacify,peacifying,peacified
peak,peaking,peaked
peal,pealing,pealed
peanut,peanutting,peanutted
pearl,pearling,pearled
pease,peasing,peased
pebble,pebbling,pebbled
pech,peching,peched
peck,pecking,pecked
pectize,pectizing,pectized
peculate,peculating,peculated
peculiarize,peculiarizing,peculiarized
pedantize,pedantizing,pedantized
peddle,peddling,peddled
pedestal,pedestaling,pedestaled
pedestalize,pedestalizing,pedestalized
pedestrianise,pedestrianising,pedestrianised
pedestrianize,pedestrianizing,pedestrianized
pedgill,pedgilling,pedgilled
pedicure,pedicuring,pedicured
pedipulate,pedipulating,pedipulated
pee,peeing,peed
pee-pee,pee-peeing,pee-peed
peece,peecing,peeced
peek,peeking,peeked
peel,peeling,peeled
peen,peening,peened
peenge,peenging,peenged
peent,peenting,peented
peep,peeping,peeped
peer,peering,peered
peercast,peercasting,peercasted
peeve,peeving,peeved
peg,pegging,pegged
peg-leg,peg-legging,peg-legged
pegylate,pegylating,pegylated
peise,peising,peised
pejorate,pejorating,pejorated
pell,pelling,pelled
pellet,pelleting,pelleted
pelletize,pelletizing,pelletized
pelt,pelting,pelted
penalise,penalising,penalised
penalize,penalizing,penalized
penance,penancing,penanced
pend,pending,pended
pendulate,pendulating,pendulated
penectomize,penectomizing,penectomized
penetrate,penetrating,penetrated
peninsulate,peninsulating,peninsulated
penny,pennying,pennied
pension,pensioning,pensioned
people,peopling,peopled
pep,pepping,pepped
pepper,peppering,peppered
pepper-pot,pepper-potting,pepper-potted
pepper-spray,pepper-spraying,pepper-sprayed
peptize,peptizing,peptized
peptonize,peptonizing,peptonized
peract,peracting,peracted
peragrate,peragrating,peragrated
perambulate,perambulating,perambulated
perceave,perceaving,perceaved
perceive,perceiving,perceived
perceptualize,perceptualizing,perceptualized
perch,perching,perched
perchlorinate,perchlorinating,perchlorinated
percieve,percieving,percieved
percolate,percolating,percolated
percuss,percussing,percussed
perdeuterate,perdeuterating,perdeuterated
perdure,perduring,perdured
peregrinate,peregrinating,peregrinated
perempt,perempting,perempted
perendinate,perendinating,perendinated
perennate,perennating,perennated
perennialize,perennializing,perennialized
perfect,perfecting,perfected
perfection,perfectioning,perfectioned
perfectionate,perfectionating,perfectionated
perfix,perfixing,perfixed
perflate,perflating,perflated
perforate,perforating,perforated
perforce,perforcing,perforced
perform,performing,performed
perfricate,perfricating,perfricated
perfume,perfuming,perfumed
perfuse,perfusing,perfused
periclitate,periclitating,periclitated
peril,periling,periled
period,perioding,perioded
periodize,periodizing,periodized
peripheralize,peripheralizing,peripheralized
periphrase,periphrasing,periphrased
periscope,periscoping,periscoped
perish,perishing,perished
periwig,periwigging,periwigged
perjure,perjuring,perjured
perk,perking,perked
perlustrate,perlustrating,perlustrated
perm,perming,permed
permaban,permabanning,permabanned
permablock,permablocking,permablocked
permanent,permanenting,permanented
permanentize,permanentizing,permanentized
permeabilize,permeabilizing,permeabilized
permeablise,permeabilising,permeabilised
permeate,permeating,permeated
permit,permitting,permitted
permix,permixing,permixed
permutate,permutating,permutated
permute,permuting,permuted
pern,perning,perned
perne,perning,perned
perorate,perorating,perorated
peroxide,peroxiding,peroxided
peroxidise,peroxidising,peroxidised
peroxidize,peroxidizing,peroxidized
perpend,perpending,perpended
perpetrate,perpetrating,perpetrated
perpetuate,perpetuating,perpetuated
perplex,perplexing,perplexed
perscopate,perscopating,perscopated
persecute,persecuting,persecuted
persever,persevering,persevered
perseverate,perseverating,perseverated
persevere,persevering,persevered
persist,persisting,persisted
person,personing,personed
personalise,personalising,personalised
personalize,personalizing,personalized
personate,personating,personated
personify,personifying,personified
personize,personizing,personized
perspirate,perspirating,perspirated
perspire,perspiring,perspired
perstringe,perstringing,perstringed
persuade,persuading,persuaded
perswade,perswading,perswaded
pert,perting,perted
pertain,pertaining,pertained
perturb,perturbing,perturbed
perturbate,perturbating,perturbated
peruse,perusing,perused
perv,perving,perved
pervade,pervading,pervaded
pervaporate,pervaporating,pervaporated
perve,perving,perved
pervert,perverting,perverted
pervestigate,pervestigating,pervestigated
pessimize,pessimizing,pessimized
pester,pestering,pestered
pestle,pestling,pestled
pestre,pestring,pestred
pet,petting,petted
petard,petarding,petarded
peter,petering,petered
petition,petitioning,petitioned
petnap,petnapping,petnapped
petrify,petrifying,petrified
petsit,petsitting,petsat
pettifog,pettifogging,pettifogged
pettifogulize,pettifogulizing,pettifogulized
pew,pewing,pewed
pfaff,pfaffing,pfaffed
phagocyte,phagocyting,phagocyted
phagocytise,phagocytising,phagocytised
phagocytize,phagocytizing,phagocytized
phagocytose,phagocytosing,phagocytosed
phantasise,phantasising,phantasised
phantasize,phantasizing,phantasized
phantomize,phantomizing,phantomized
pharyngealize,pharyngealizing,pharyngealized
phase,phasing,phased
phenocopy,phenocopying,phenocopied
phenotype,phenotyping,phenotyped
phial,phialing,phialed
philander,philandering,philandered
philibuster,philibustering,philibustered
philippize,philippizing,philippized
philologize,philologizing,philologized
philosophate,philosophating,philosophated
philosophise,philosophising,philosophised
philosophize,philosophizing,philosophized
philosophy,philosophying,philosophied
philter,philtering,philtered
philtre,philtring,philtred
phish,phishing,phished
phlebotomize,phlebotomizing,phlebotomized
phlegmatize,phlegmatizing,phlegmatized
phlogisticate,phlogisticating,phlogisticated
phonate,phonating,phonated
phone,phoning,phoned
phonemicize,phonemicizing,phonemicized
phoneticize,phoneticizing,phoneticized
phonetize,phonetizing,phonetized
phonograph,phonographing,phonographed
phonologize,phonologizing,phonologized
phosphate,phosphating,phosphated
phosphatize,phosphatizing,phosphatized
phosphorate,phosphorating,phosphorated
phosphoresce,phosphorescing,phosphoresced
phosphorise,phosphorising,phosphorised
phosphorize,phosphorizing,phosphorized
phosphorylate,phosphorylating,phosphorylated
phot,photting,photted
photo,photoing,photoed
photoacclimate,photoacclimating,photoacclimated
photoactivate,photoactivating,photoactivated
photobleach,photobleaching,photobleached
photobomb,photobombing,photobombed
photocleave,photocleaving,photocleaved
photocompose,photocomposing,photocomposed
photoconvert,photoconverting,photoconverted
photocopy,photocopying,photocopied
photodegrade,photodegrading,photodegraded
photodisintegrate,photodisintegrating,photodisintegrated
photodissociate,photodissociating,photodissociated
photodope,photodoping,photodoped
photoemit,photoemitting,photoemitted
photoengrave,photoengraving,photoengraved
photoexcite,photoexciting,photoexcited
photograph,photographing,photographed
photogravure,photogravuring,photogravured
photoinject,photoinjecting,photoinjected
photoionize,photoionizing,photoionized
photoisomerize,photoisomerizing,photoisomerized
photolithograph,photolithographing,photolithographed
photoluminesce,photoluminescing,photoluminesced
photolyse,photolysing,photolysed
photolyze,photolyzing,photolyzed
photomap,photomapping,photomapped
photometer,photometering,photometered
photorelease,photoreleasing,photoreleased
photorespire,photorespiring,photorespired
photosensitise,photosensitizing,photosensitized
photosensitize,photosensitizing,photosensitized
photoset,photosetting,photoset
photoshop,photoshopping,photoshopped
photostabilize,photostabilizing,photostabilized
photostat,photostatting,photostatted
photosynthesise,photosynthesising,photosynthesised
photosynthesize,photosynthesizing,photosynthesized
phototypeset,phototypesetting,phototypeset
phrase,phrasing,phrased
phreak,phreaking,phreaked
phrensy,phrensying,phrensied
phuck,phucking,phucked
physic,physicking,physicked
physicalize,physicalizing,physicalized
physick,physicking,physicked
physiognomize,physiognomizing,physiognomized
physiologize,physiologizing,physiologized
phytoextract,phytoextracting,phytoextracted
pi,piing,pied
piaffe,piaffeing,piaffeed
picaroon,picarooning,picarooned
pick,picking,picked
pick-pocket,pick-pocketing,pick-pocketed
pickax,pickaxing,pickaxed
pickaxe,pickaxing,pickaxed
pickeer,pickeering,pickeered
picket,picketing,picketed
pickle,pickling,pickled
picknick,picknicking,picknicked
pickpocket,pickpocketing,pickpocketed
picnic,picnicking,picnicked
picture,picturing,pictured
picturize,picturizing,picturized
piddle,piddling,piddled
pidge,pidging,pidged
pidginize,pidginizing,pidginized
pie,pieing,pied
piece,piecing,pieced
piecemeal,piecemealing,piecemealed
piecen,piecening,piecened
pieface,piefacing,piefaced
pierce,piercing,pierced
piffle,piffling,piffled
pig,pigging,pigged
pig-out,pigs out,pigging out
pigeon,pigeoning,pigeoned
pigeon-hole,pigeon-holing,pigeon-holed
pigeonhole,pigeonholing,pigeonholed
piggyback,piggybacking,piggybacked
pigment,pigmenting,pigmented
pigmentate,pigmentating,pigmentated
pike,piking,piked
pikey,pikeying,pikeyed
pile,piling,piled
piledrive,piledriving,piledrove
pilfer,pilfering,pilfered
pilgrim,pilgriming,pilgrimed
pilgrimage,pilgrimaging,pilgrimaged
pilgrimize,pilgrimizing,pilgrimized
pill,pilling,pilled
pillage,pillaging,pillaged
pillar,pillaring,pillared
pillarize,pillarizing,pillarized
pillorize,pillorizing,pillorized
pillory,pillorying,pilloried
pillow,pillowing,pillowed
pilm,pilming,pilmed
pilot,piloting,piloted
pimp,pimping,pimped
pimp-slap,pimp-slapping,pimp-slapped
pin,pinning,pinned
pin-point,pin-pointing,pin-pointed
pinball,pinballing,pinballed
pinch,pinching,pinched
pinch-hit,pinch-hitting,pinch-hit
pincushion,pincushioning,pincushioned
pine,pining,pined
pinfold,pinfolding,pinfolded
ping,pinging,pinged
pinion,pinioning,pinioned
pink,pinking,pinked
pinken,pinkening,pinkened
pinkwash,pinkwashing,pinkwashed
pinnacle,pinnacling,pinnacled
pinocytose,pinocytosing,pinocytosed
pinpoint,pinpointing,pinpointed
pinprick,pinpricking,pinpricked
pinwheel,pinwheeling,pinwheeled
pioneer,pioneering,pioneered
pip,pipping,pipped
pipe,piping,piped
pipeclay,pipeclaying,pipeclayed
pipelay,pipelaying,pipelayed
pipeline,pipelining,pipelined
pipet,pipetting,pipetted
pipette,pipetting,pipetted
pique,piquing,piqued
piqueer,piqueering,piqueered
pirate,pirating,pirated
pirl,pirling,pirled
pirouette,pirouetting,pirouetted
pish,pishing,pished
piss,pissing,pissed
pistol,pistoling,pistoled
pistol-whip,pistol-whipping,pistol-whipped
pistolwhip,pistolwhipping,pistolwhipped
pit,pitting,pitted
pitapat,pitapatting,pitapatted
pitch,pitching,pitched
pitchfork,pitchforking,pitchforked
pitchpole,pitchpoling,pitchpoled
pith,pithing,pithed
piton,pitoning,pitoned
pitter,pittering,pittered
pittle,pittling,pittled
pittle-pattle,pittle-pattling,pittle-pattled
pity,pitying,pitied
pivot,pivoting,pivoted
pixelate,pixelating,pixelated
pixellate,pixellating,pixellated
pize,pizing,pized
placard,placarding,placarded
placate,placating,placated
place,placing,placed
place-kick,place-kicking,place-kicked
placify,placifying,placified
plackard,plackarding,plackarded
plagiarise,plagiarising,plagiarised
plagiarize,plagiarizing,plagiarized
plague,plaguing,plagued
plain,plaining,plained
plaister,plaistering,plaistered
plait,plaiting,plaited
plan,planning,planned
planarize,planarizing,planarized
planch,planching,planched
plancher,planchering,planchered
plane,planing,planed
planish,planishing,planished
plank,planking,planked
planogram,planogramming,planogrammed
plant,planting,planted
plantarflex,plantarflexing,plantarflexed
plapper,plappering,plappered
plash,plashing,plashed
plasmolyse,plasmolysing,plasmolysed
plasmolyze,plasmolyzing,plasmolyzed
plaster,plastering,plastered
plasterboard,plasterboarding,plasterboarded
plasticate,plasticating,plasticated
plasticise,plasticising,plasticised
plasticize,plasticizing,plasticized
plastre,plastring,plastred
plat,platting,platted
plate,plating,plated
plateau,plateauing,plateaued
platform,platforming,platformed
platinate,platinating,platinated
platinise,platinising,platinised
platinize,platinizing,platinized
platitudinize,platitudinizing,platitudinized
platitudise,platitudinising,platitudinised
platonize,platonizing,platonized
platoon,platooning,platooned
platten,plattening,plattened
plaud,plauding,plauded
plaw,plawing,plawed
play,playing,played
playact,playacting,playacted
playe,playing,played
playfight,playfighting,playfought
playlist,playlisting,playlisted
playtest,playtesting,playtested
plea-bargain,plea-bargaining,plea-bargained
pleach,pleaching,pleached
please,pleasing,pleased
pleasure,pleasuring,pleasured
pleat,pleating,pleated
plebeianize,plebeianizing,plebeianized
pledg,pledging,pledged
pledge,pledging,pledged
plenish,plenishing,plenished
plicate,plicating,plicated
plight,plighting,plighted
plim,pliming,plimed
plink,plinking,plinked
plip,plipping,plipped
plod,plodding,plodded
plodge,plodging or plodgin,plodged
ploidize,ploidizing,ploidized
plonge,plonging,plonged
plonk,plonking,plonked
plop,plopping,plopped
plot,plotting,plotted
plotter,plottering,plottered
plotz,plotzing,plotzed
plough,ploughing,ploughed
plounce,plouncing,plounced
plouter,ploutering,ploutered
plow,plowing,plowed
ploy,ploying,ployed
pluff,pluffing,pluffed
plug,plugging,plugged
plum,plumming,plummed
plumb,plumbing,plumbed
plume,pluming,plumed
plump,plumping,plumped
plunder,plundering,plundered
plunge,plunging,plunged
plunk,plunking,plunked
pluralise,pluralising,pluralised
pluralize,pluralizing,pluralized
pluto,plutoing,plutoed
ply,plying,plied
plyght,plyghting,plyghted
PM,PMing,PMed
PMS,PMSing,PMSed
poach,poaching,poached
poast,poasting,poasted
pock,pocking,pocked
pocket,pocketing,pocketed
pod,podding,podded
podcast,podcasting,podcast
poddy,poddying,poddied
podium,podiuming,podiumed
podzolize,podzolizing,podzolized
poeticise,poeticising,poeticised
poeticize,poeticizing,poeticized
poetise,poetising,poetised
poetize,poetizing,poetized
pogo,pogoing,pogoed
poind,poinding,poinded
point,pointing,pointed
poise,poising,poised
poison,poisoning,poisoned
poke,poking,poked
polarise,polarising,polarised
polarize,polarizing,polarized
pole,poling,poled
pole-vault,pole-vaulting,pole-vaulted
poleax,poleaxing,poleaxed
poleaxe,poleaxing,poleaxed
polemicise,polemicising,polemicised
polemicize,polemicizing,polemicized
police,policing,policed
policy,policying,policied
polish,polishing,polished
polite,politing,polited
politicise,politicising,politicised
politicize,politicizing,politicized
politick,politicking,politicked
politize,politizing,politized
polka,polkaing,polkaed
poll,polling,polled
pollack,pollacking,pollacked
pollard,pollarding,pollarded
pollenize,pollenizing,pollenized
pollicate,pollicating,pollicated
pollinate,pollinating,pollinated
pollock,pollocking,pollocked
pollute,polluting,polluted
Polonise,Polonising,Polonised
Polonize,Polonizing,Polonized
poly,polying,polyed
polyadenylate,polyadenylating,polyadenylated
polycondense,polycondensing,polycondensed
polyfoto,polyfotoing,polyfotoed
polygamise,polygamising,polygamised
polygamize,polygamizing,polygamized
polygonise,polygonising,polygonised
polygonize,polygonizing,polygonized
polygraph,polygraphing,polygraphed
polymerise,polymerising,polymerised
polymerize,polymerizing,polymerized
polymorph,polymorphing,polymorphed
polypile,polypiling,polypiled
polytenize,polytenizing,polytenized
polytheize,polytheizing,polytheized
polytype,polytyping,polytyped
polyubiquitinate,polyubiquitinating,polyubiquitinated
polyubiquitinylate,polyubiquitinylating,polyubiquitinylated
polyubiquitylate,polyubiquitylating,polyubiquitylated
pomade,pomading,pomaded
pomatum,pomatuming,pomatumed
pome,poming,pomed
pomp,pomping,pomped
pompador,pompadoring,pompadored
pompadour,pompadouring,pompadoured
ponce,poncing,ponced
pond,ponding,ponded
ponder,pondering,pondered
ponderate,ponderating,ponderated
pong,ponging,ponged
poniard,poniarding,poniarded
pontificate,pontificating,pontificated
pontify,pontifying,pontified
pony,ponying,ponied
poo,pooing,pooed
pooch,pooching,pooched
poof,poofing,poofed
pooh,poohing,poohed
pooh-pooh,pooh-poohing,pooh-poohed
poohpooh,poohpoohing,poohpoohed
pool,pooling,pooled
poop,pooping,pooped
poopoo,poopooing,poopooed
poormouth,poormouthing,poormouthed
poot,pooting,pooted
pootle,pootling,pootled
pop,popping,popped
popcorn,popcorning,popcorned
pope,poping,poped
popple,poppling,poppled
popularise,popularising,popularised
popularize,popularizing,popularized
populate,populating,populated
porcelainize,porcelainizing,porcelainized
pore,poring,pored
pork,porking,porked
porphyrize,porphyrizing,porphyrized
porpoise,porpoising,porpoised
porrect,porrecting,porrected
port,porting,ported
portage,portaging,portaged
portcullis,portcullising,portcullised
portend,portending,portended
porter,portering,portered
portion,portioning,portioned
portrait,portraiting,portraited
portray,portraying,portrayed
portscan,portscanning,portscanned
pose,posing,posed
posit,positing,posited
position,positioning,positioned
positivize,positivizing,positivized
poss,possing,possed
possess,possessing,possessed
possession,possessioning,possessioned
posset,posseting,posseted
post,posting,posted
post-decrement,post-decrementing,post-decremented
post-increment,post-incrementing,post-incremented
postcode,postcoding,postcoded
postdate,postdating,postdated
postdict,postdicting,postdicted
posterise,posterising,posterised
posterize,posterizing,posterized
postexist,postexisting,postexisted
postfix,postfixing,postfixed
postillate,postillating,postillated
postlude,postluding,postluded
postmark,postmarking,postmarked
postmodernise,postmodernising,postmodernised
postmodernize,postmodernizing,postmodernized
postmodify,postmodifying,postmodified
postpone,postponing,postponed
postpose,postposing,postposed
postposit,postpositing,postposited
postscribe,postscribing,postscribed
postscript,postscripting,postscripted
postulate,postulating,postulated
posture,posturing,postured
pot,potting,potted
potch,potching,potched
potchky,potchkying,potchkied
pote,poting,poted
potentialize,potentializing,potentialized
potentiate,potentiating,potentiated
potentize,potentizing,potentized
pother,pothering,pothered
potion,potioning,potioned
potshot,potshotting,potshotted
potter,pottering,pottered
potty,pottying,pottied
pouch,pouching,pouched
poulder,pouldering,pouldered
poultice,poulticing,poulticed
pounce,pouncing,pounced
pound,pounding,pounded
poundage,poundaging,poundaged
pour,pouring,poured
pourtray,pourtraying,pourtrayed
poussette,poussetting,poussetted
pout,pouting,pouted
pow-wow,pow-wowing,pow-wowed
powder,powdering,powdered
power,powering,powered
power-trip,power-tripping,power-tripped
power-walk,power-walking,power-walked
powerbock,powerbocking,powerbocked
PowerPoint,PowerPointing,PowerPointed
powershift,powershifting,powershifted
powwow,powwowing,powwowed
pox,poxing,poxed
poze,pozing,pozed
practicalize,practicalizing,practicalized
practice,practicing,practiced
practise,practising,practised
praemunire,praemuniring,praemunired
praetermit,praetermitting,praetermitted
pragmatize,pragmatizing,pragmatized
prairie-dog,prairie-dogging,prairie-dogged
praise,praising,praised
praize,praizing,praized
prance,prancing,pranced
prang,pranging,pranged
prank,pranking,pranked
prate,prating,prated
pratfall,pratfalling,pratfell
prattle,prattling,prattled
praunce,prauncing,praunced
prawn,prawning,prawned
pray,praying,prayed
pre-arrange,pre-arranging,pre-arranged
pre-decrement,pre-decrementing,pre-decremented
pre-empt,pre-empting,pre-empted
pre-exist,pre-existing,pre-existed
pre-impregnate,preimpregnating,preimpregnated
pre-increment,pre-incrementing,pre-incremented
pre-pone,pre-poning,pre-poned
pre-process,pre-processing,pre-processed
pre-record,pre-recording,pre-recorded
pre-render,pre-rendering,pre-rendered
pre-set,pre-setting,pre-set
pre-teach,pre-teaching,pre-taught
pre-tin,pre-tinning,pre-tinned
preach,preaching,preached
preachify,preachifying,preachified
preacquaint,preacquainting,preacquainted
preact,preacting,preacted
preactivate,preactivating,preactivated
preadmonish,preadmonishing,preadmonished
preadvertise,preadvertising,preadvertised
preallocate,preallocating,preallocated
preambulate,preambulating,preambulated
preannounce,preannouncing,preannounced
preapologize,preapologizing,preapologized
preappoint,preappointing,preappointed
preapprove,preapproving,preapproved
prearm,prearming,prearmed
prearrange,prearranging,prearranged
prease,preasing,preased
preassemble,preassembling,preassembled
preassociate,preassociating,preassociated
prebait,prebaiting,prebaited
prebake,prebaking,prebaked
prebatch,prebatching,prebatched
prebendate,prebendating,prebendated
preboard,preboarding,preboarded
prebook,prebooking,prebooked
prebuffer,prebuffering,prebuffered
prebuild,prebuilding,prebuilt
prebuy,prebuying,prebought
precache,precaching,precached
precalculate,precalculating,precalculated
precast,precasting,precast
precaution,precautioning,precautioned
precede,preceding,preceded
precedent,precedenting,precedented
precel,precelling,precelled
precept,precepting,precepted
precertify,precertifying,precertified
precess,precessing,precessed
prechew,prechewing,prechewed
precipitate,precipitating,precipitated
preclude,precluding,precluded
precoat,precoating,precoated
precogitate,precogitating,precogitated
precognosce,precognoscing,precognosced
precompensate,precompensating,precompensated
precompile,precompiling,precompiled
precompose,precomposing,precomposed
precompress,precompressing,precompressed
precompute,precomputing,precomputed
preconceive,preconceiving,preconceived
preconcert,preconcerting,preconcerted
precondemn,precondemning,precondemned
precondition,preconditioning,preconditioned
preconfigure,preconfiguring,preconfigured
preconform,preconforming,preconformed
preconize,preconizing,preconized
preconsign,preconsigning,preconsigned
preconstitute,preconstituting,preconstituted
precontract,precontracting,precontracted
precontrive,precontriving,precontrived
precook,precooking,precooked
precool,precooling,precooled
preculture,preculturing,precultured
precurse,precursing,precursed
precut,precutting,precut
precycle,precycling,precycled
predate,predating,predated
prede,preding,preded
predecease,predeceasing,predeceased
predeclare,predeclaring,predeclared
predefine,predefining,predefined
predeliberate,predeliberating,predeliberated
predeposit,predepositing,predeposited
predesign,predesigning,predesigned
predesignate,predesignating,predesignated
predestinate,predestinating,predestinated
predestine,predestining,predestined
predetermine,predetermining,predetermined
predicate,predicating,predicated
predict,predicting,predicted
predigest,predigesting,predigested
predilect,predilecting,predilected
prediscover,prediscovering,prediscovered
predispose,predisposing,predisposed
predominate,predominating,predominated
predoom,predooming,predoomed
predose,predosing,predosed
predrill,predrilling,predrilled
preelect,preelecting,preelected
preemploy,preemploying,preemployed
preempt,preempting,preempted
preen,preening,preened
preengage,preengaging,preengaged
preestablish,preestablishing,preestablished
preexamine,preexamining,preexamined
preexist,preexisting,preexisted
prefab,prefabbing,prefabbed
prefabricate,prefabricating,prefabricated
preface,prefacing,prefaced
prefer,preferring,preferred
preference,preferencing,preferenced
preferr,preferring,preferred
prefetch,prefetching,prefetched
prefigurate,prefigurating,prefigurated
prefigure,prefiguring,prefigured
prefill,prefilling,prefilled
prefilter,prefiltering,prefiltered
prefinance,prefinancing,prefinanced
prefine,prefining,prefined
prefix,prefixing,prefixed
prefixe,prefixing,prefixed
prefork,preforking,preforked
preform,preforming,preformed
preformat,preformatting,preformatted
pregage,pregaging,pregaged
pregelatinize,pregelatinizing,pregelatinized
preglottalize,preglottalizing,preglottalized
pregravate,pregravating,pregravated
pregrease,pregreasing,pregreased
pregrill,pregrilling,pregrilled
pregrind,pregrinding,preground
preharden,prehardening,prehardened
preheat,preheating,preheated
prehend,prehending,prehended
prehydrate,prehydrating,prehydrated
preinstall,preinstalling,preinstalled
preinstruct,preinstructing,preinstructed
preionize,preionizing,preionized
prejudge,prejudging,prejudged
prejudicate,prejudicating,prejudicated
prejudice,prejudicing,prejudiced
prelate,prelating,prelated
prelatize,prelatizing,prelatized
prelease,preleasing,preleased
prelect,prelecting,prelected
prelimit,prelimiting,prelimited
prelisten,prelistening,prelistened
preload,preloading,preloaded
prelude,preluding,preluded
premake,premaking,premade
premaster,premastering,premastered
premediate,premediating,premediated
premeditate,premeditating,premeditated
premerit,premeriting,premerited
premier,premiering,premiered
premiere,premiering,premiered
premise,premising,premised
premit,premitting,premitted
premix,premixing,premixed
premodify,premodifying,premodified
premonish,premonishing,premonished
premonstrate,premonstrating,premonstrated
premultiply,premultiplying,premultiplied
prenasalise,prenasalising,prenasalised
prenasalize,prenasalizing,prenasalized
prenominate,prenominating,prenominated
prenote,prenoting,prenoted
prenotify,prenotifying,prenotified
prentice,prenticing,prenticed
preobtain,preobtaining,preobtained
preoccupate,preoccupating,preoccupated
preoccupy,preoccupying,preoccupied
preominate,preominating,preominated
preoptimize,preoptimizing,preoptimized
preordain,preordaining,preordained
preorder,preordering,preordered
preorganize,preorganizing,preorganized
prep,prepping,prepped
prepackage,prepackaging,prepackaged
prepaint,prepainting,prepainted
prepare,preparing,prepared
preparse,preparsing,preparsed
prepay,prepaying,prepaid
prepend,prepending,prepended
prepense,prepensing,prepensed
preplan,preplanning,preplanned
preponderate,preponderating,preponderated
prepone,preponing,preponed
prepopulate,prepopulating,prepopulated
prepose,preposing,preposed
preposition,prepositioning,prepositioned
prepossess,prepossessing,prepossessed
preposterate,preposterating,preposterated
preprepare,prepreparing,preprepared
preprint,preprinting,preprinted
preprocess,preprocessing,preprocessed
preprogram,preprogramming,preprogrammed
preprovide,preproviding,preprovided
prequalify,prequalifying,prequalified
preread,prereading,preread
prerecord,prerecording,prerecorded
preregister,preregistering,preregistered
prerender,prerendering,prerendered
prerequire,prerequiring,prerequired
preresolve,preresolving,preresolved
preroute,prerouting,prerouted
prerun,prerunning,preran
presage,presaging,presaged
prescale,prescaling,prescaled
prescan,prescanning,prescanned
preschedule,prescheduling,prescheduled
preschool,preschooling,preschooled
prescind,prescinding,prescinded
prescore,prescoring,prescored
prescreen,prescreening,prescreened
prescribe,prescribing,prescribed
preseason,preseasoning,preseasoned
preseed,preseeding,preseeded
preselect,preselecting,preselected
presell,preselling,presold
presence,presencing,presenced
present,presenting,presented
presentiate,presentiating,presentiated
preserve,preserving,preserved
preset,presetting,preset
presew,presewing,presewed
preshape,preshaping,preshaped
preshift,preshifting,preshifted
preshow,preshowing,preshowed
preside,presiding,presided
presift,presifting,presifted
presignify,presignifying,presignified
presoak,presoaking,presoaked
presort,presorting,presorted
press-gang,press-ganging,press-ganged
pressgang,pressganging,pressganged
presspack,presspacking,presspacked
pressure,pressuring,pressured
pressurise,pressurising,pressurised
pressurize,pressurizing,pressurized
prest,presting,prested
prestidigitate,prestidigitating,prestidigitated
prestress,prestressing,prestressed
prestretch,prestretching,prestretched
presume,presuming,presumed
presuppose,presupposing,presupposed
pretape,pretaping,pretaped
pretend,pretending,pretended
pretermit,pretermitting,pretermitted
pretest,pretesting,pretested
pretex,pretexing,pretexed
pretext,pretexting,pretexted
pretreat,pretreating,pretreated
prettify,prettifying,prettified
pretty,prettying,prettied
pretty-print,pretty-printing,pretty-printed
pretypify,pretypifying,pretypified
prevail,prevailing,prevailed
prevalidate,prevalidating,prevalidated
prevaricate,prevaricating,prevaricated
prevene,prevening,prevened
prevent,preventing,prevented
prevet,prevetting,prevetted
preview,previewing,previewed
previse,prevising,prevised
prevision,previsioning,previsioned
prevue,prevuing,prevued
prewarn,prewarning,prewarned
prewash,prewashing,prewashed
preweight,preweighting,preweighted
prewire,prewiring,prewired
prewrite,prewriting,prewrote
prey,preying,preyed
prezone,prezoning,prezoned
price,pricing,priced
prick,pricking,pricked
prickle,prickling,prickled
pride,priding,prided
priest,priesting,priested
prieve,prieving,prieved
prig,prigging,prigged
prill,prilling,prilled
prim,primming,primmed
primary,primarying,primaried
prime,priming,primed
primitivize,primitivizing,primitivized
primp,primping,primped
principiate,principiating,principiated
principle,principling,principled
prink,prinking,prinked
print,printing,printed
prioritise,prioritising,prioritised
prioritize,prioritizing,prioritized
prise,prising,prised
prison,prisoning,prisoned
priss,prissing,prissed
pritch,pritching,pritched
privateer,privateering,privateered
privatise,privatising,privatised
privatize,privatizing,privatized
privilege,privileging,privileged
prize,prizing,prized
proact,proacting,proacted
probate,probating,probated
probe,probing,probed
problem-solve,problem-solving,problem-solved
problematize,problematizing,problematized
proc,proccing,procced
procede,proceding,proceded
proceed,proceeding,proceeded
process,processing,processed
procession,processioning,processioned
proclaim,proclaiming,proclaimed
proclaime,proclaiming,proclaimed
procrastinate,procrastinating,procrastinated
procrastine,procrastining,procrastined
procrasturbate,procrasturbating,procrasturbated
procreate,procreating,procreated
procrusteanize,procrusteanizing,procrusteanized
proctor,proctoring,proctored
procure,procuring,procured
prod,prodding,prodded
prodigalize,prodigalizing,prodigalized
prodigate,prodigating,prodigated
produce,producing,produced
productise,productising,productised
productize,productizing,productized
profanate,profanating,profanated
profane,profaning,profaned
profer,proferring,proferred
profess,professing,professed
professionalise,professionalising,professionalised
professionalize,professionalizing,professionalized
proffer,proffering,proffered
proffre,proffring,proffred
profile,profiling,profiled
profit,profiting,profited
profiteer,profiteering,profiteered
profligate,profligating,profligated
profound,profounding,profounded
profre,profring,profred
profuse,profusing,profused
prog,progging,progged
progenate,progenating,progenated
progenerate,progenerating,progenerated
prognosticate,prognosticating,prognosticated
program,programming,programmed
progress,progressing,progressed
progue,proguing,progued
prohibit,prohibiting,prohibited
proin,proining,proined
project,projecting,projected
projectile-vomit,projectile-vomiting,projectile-vomited
proke,proking,proked
prolapse,prolapsing,prolapsed
prolate,prolating,prolated
proletarianise,proletarianising,proletarianised
proletarianize,proletarianizing,proletarianized
proliferate,proliferating,proliferated
prolificate,prolificating,prolificated
proll,prolling,prolled
prologise,prologising,prologised
prologize,prologizing,prologized
prologue,prologuing,prologued
prologuise,prologuising,prologuised
prologuize,prologuizing,prologuized
prolong,prolonging,prolonged
prolongate,prolongating,prolongated
promenade,promenading,promenaded
promerit,promeriting,promerited
promise,promising,promised
promogulate,promogulating,promogulated
promote,promoting,promoted
promove,promoving,promoved
prompt,prompting,prompted
promulgate,promulgating,promulgated
promulge,promulging,promulged
pronate,pronating,pronated
pronk,pronking,pronked
pronominalize,pronominalizing,pronominalized
pronounce,pronouncing,pronounced
proof,proofing,proofed
proof-read,proof-reading,proof-read
proofread,proofreading,proofread
prop,propping,propped
propagandize,propagandizing,propagandized
propagate,propagating,propagated
propel,propelling,propelled
propend,propending,propended
properate,properating,properated
property,propertying,propertied
prophecise,prophecising,prophecised
prophecize,prophecizing,prophecized
prophecy,prophecying,prophecied
prophesize,prophesizing,prophesized
prophesy,prophesying,prophesied
prophetize,prophetizing,prophetized
propine,propining,propined
propitiate,propitiating,propitiated
propogate,propogating,propogated
propone,proponing,proponed
proportion,proportioning,proportioned
proportionate,proportionating,proportionated
propose,proposing,proposed
proposition,propositioning,propositioned
propound,propounding,propounded
propulse,propulsing,propulsed
prorate,prorating,prorated
prorogate,prorogating,prorogated
prorogue,proroguing,prorogued
proscribe,proscribing,proscribed
prose,prosing,prosed
prosecute,prosecuting,prosecuted
proselyte,proselyting,proselyted
proselytise,proselytising,proselytised
proselytize,proselytizing,proselytized
prospect,prospecting,prospected
prosper,prospering,prospered
prospre,prospring,prospred
prostitute,prostituting,prostituted
prostrate,prostrating,prostrated
protect,protecting,protected
protend,protending,protended
proteolyze,proteolyzing,proteolyzed
protest,protesting,protested
protestantize,protestantizing,protestantized
protocolize,protocolizing,protocolized
protolyze,protolyzing,protolyzed
protonate,protonating,protonated
prototype,prototyping,prototyped
protoxidize,protoxidizing,protoxidized
protract,protracting,protracted
protrude,protruding,protruded
protuberate,protuberating,protuberated
provant,provanting,provanted
prove,proving,proved
proverb,proverbing,proverbed
proverbialize,proverbializing,proverbialized
provide,providing,provided
provincialise,provincialising,provincialised
provincialize,provincializing,provincialized
provinciate,provinciating,provinciated
provine,provining,provined
provision,provisioning,provisioned
provocate,provocating,provocated
provoke,provoking,provoked
prowl,prowling,prowled
proxy,proxying,proxied
prune,pruning,pruned
prusik,prusiking,prusiked
pry,prying,pried
psak,psaking,psaked
psalm,psalming,psalmed
psalmodize,psalmodizing,psalmodized
pseudolisten,pseudolistening,pseudolistened
pseudomize,pseudomizing,pseudomized
pseudonymize,pseudonymizing,pseudonymized
pseudorandomize,pseudorandomizing,pseudorandomized
pshaw,pshawing,pshawed
psych,psyching,psyched
psyche,psyching,psyched
psychiatrize,psychiatrizing,psychiatrized
psychoanalyse,psychoanalysing,psychoanalysed
psychoanalyze,psychoanalyzing,psychoanalyzed
psychologize,psychologizing,psychologized
ptyalize,ptyalizing,ptyalized
pub,pubbing,pubbed
pub-crawl,pub-crawling,pub-crawled
publicate,publicating,publicated
publicise,publicising,publicised
publicize,publicizing,publicized
publish,publishing,published
pucker,puckering,puckered
pudder,puddering,puddered
puddle,puddling,puddled
pue,puing,pued
puff,puffing,puffed
pug,pugging,pugged
pugger,puggering,puggered
puggle,puggling,puggled
puke,puking,puked
pulchrify,pulchrifying,pulchrified
pule,puling,puled
pull,pulling,pulled
pulley,pulleying,pulleyed
pullulate,pullulating,pullulated
pulp,pulping,pulped
pulpify,pulpifying,pulpified
pulsate,pulsating,pulsated
pulse,pulsing,pulsed
pultrude,pultruding,pultruded
pulverate,pulverating,pulverated
pulverise,pulverising,pulverised
pulverize,pulverizing,pulverized
pumicate,pumicating,pumicated
pumice,pumicing,pumiced
pump,pumping,pumped
pump-fake,pump-faking,pump-faked
pun,punning,punned
punch,punching,punched
punctuate,punctuating,punctuated
punctulate,punctulating,punctulated
puncture,puncturing,punctured
pungle,pungling,pungled
punish,punishing,punished
punk,punking,punked
punt,punting,punted
pup,pupping,pupped
pupate,putating,pupated
puppeteer,puppeteering,puppeteered
puppy,puppying,puppied
pur,purring,purred
purchase,purchasing,purchased
puree,pureeing,pureed
purfle,purfling,purfled
purge,purging,purged
purify,purifying,purified
puritanize,puritanizing,puritanized
purl,purling,purled
purloin,purloining,purloined
purple,purpling,purpled
purport,purporting,purported
purpose,purposing,purposed
purr,purring,purred
purse,pursing,pursed
pursue,pursuing,pursued
purvey,purveying,purveyed
push,pushing,pushed
push-bike,push-biking,push-biked
push-start,push-starting,push-started
pushbike,pushbiking,pushbiked
pussify,pussifying,pussified
pussy-whip,pussy-whipping,pussy-whipped
pussyfoot,pussyfooting,pussyfooted
pussywhip,pussywhipping,pussywhipped
pustulate,pustulating,pustulated
put,putting,put
putrefy,putrefying,putrefied
putrify,putrifying,putrified
putt,putting,putted
putter,puttering,puttered
putty,puttying,puttied
putz,putzing,putzed
puzzle,puzzling,puzzled
pyke,pyking,pyked
pyramid,pyramiding,pyramided
pyramidalize,pyramidalizing,pyramidalized
pyritize,pyritizing,pyritized
pyrograph,pyrographing,pyrographed
pyrolyse,pyrolysing,pyrolysed
pyrolysize,pyrolysizing,pyrolysized
pyrolyze,pyrolyzing,pyrolyzed
pyrosequence,pyrosequencing,pyrosequenced
Pythagorize,Pythagorizing,Pythagorized
quack,quacking,quacked
quackle,quackling,quackled
quad,quadding,quadded
quadrangulate,quadrangulating,quadrangulated
quadrate,quadrating,quadrated
quadrifurcate,quadrifurcating,quadrifurcated
quadrilateralize,quadrilateralizing,quadrilateralized
quadrille,quadrilling,quadrilled
quadrisect,quadrisecting,quadrisected
quadruple,quadrupling,quadrupled
quadruple-click,quadruple-clicking,quadruple-clicked
quadruplicate,quadruplicating,quadruplicated
quaeritate,quaeritating,quaeritated
quaff,quaffing,quaffed
quahog,quahogging,quahogged
quail,quailing,quailed
qualify,qualifying,qualified
quantify,quantifying,quantified
quantise,quantising,quantised
quantitate,quantitating,quantitated
quantize,quantizing,quantized
quarantine,quarantining,quarantined
quarry,quarrying,quarried
quarter,quartering,quartered
quarter-saw,quarter-sawing,quarter-sawed
quarterback,quarterbacking,quarterbacked
quartersaw,quartersawing,quartersawed
quartisect,quartisecting,quartisected
quash,quashing,quashed
quass,quassing,quassed
quat,quatting,quatted
quave,quaving,quaved
quaver,quavering,quavered
quay,quaying,quayed
queal,quealing,quealed
queazen,queazening,queazened
queef,queefing,queefed
queem,queeming,queemed
queen,queening,queened
queep,queeping,queeped
queer,queering,queered
quell,quelling,quelled
queme,queming,quemed
quench,quenching,quenched
querk,querking,querked
querken,querkening,querkened
querl,querling,querled
quern,querning,querned
query,querying,queried
quest,questing,quested
question,questioning,questioned
questionnaire,questionnairing,questionnaired
quetch,quetching,quetched
queue,queueing or queuing,queued
quibble,quibbling,quibbled
quick-freeze,quick-freezing,quick-froze
quicken,quickening,quickened
quicklime,quickliming,quicklimed
quicksave,quicksaving,quicksaved
quicksilver,quicksilvering,quicksilvered
quicksort,quicksorting,quicksorted
quickstep,quickstepping,quickstepped
quid,quidding,quidded
quiddle,quiddling,quiddled
quiesce,quiescing,quiesced
quiet,quieting,quieted
quieten,quietening,quietened
quiff,quiffing,quiffed
quill,quilling,quilled
quilt,quilting,quilted
quine,quining,quined
quinella,quinellaing,quinellaed
quininize,quininizing,quininized
quintuple,quintupling,quintupled
quintuple-click,quintuple-clicking,quintuple-clicked
quintuplicate,quintuplicating,quintuplicated
quip,quipping,quipped
quire,quiring,quired
quirk,quirking,quirked
quirt,quirting,quirted
quisle,quisling,quisled
quitch,quitching,quitched
quitclaim,quitclaiming,quitclaimed
quitter,quittering,quittered
quiver,quivering,quivered
quiz,quizzing,quizzed
quob,quobbing,quobbed
quoit,quoiting,quoited
quonk,quonking,quonked
quop,quopping,quopped
quote,quoting,quoted
rabbet,rabbeting,rabbeted
race-bait,race-baiting,race-baited
race-walk,race-walking,race-walked
racemize,racemizing,racemized
racewalk,racewalking,racewalked
racialise,racialising,racialised
racialize,racializing,racialized
rack,racking,racked
racket,racketing,racketed
racketeer,racketeering,racketeered
raconteur,raconteuring,raconteured
radar,radaring,radared
raddle,raddling,raddled
radge,radgin,radged
radiate,radiating,radiated
radicalise,radicalising,radicalised
radicalize,radicalizing,radicalized
radicate,radicating,radicated
radio,radioing,radioed
radio-tag,radio-tagging,radio-tagged
radioactivate,radioactivating,radioactivated
radioassay,radioassaying,radioassayed
radiobroadcast,radiobroadcasting,radiobroadcasted
radiograph,radiographing,radiographed
radioimmunoassay,radioimmunoassaying,radioimmunoassayed
radioscan,radioscanning,radioscanned
radiosensitise,radiosensitising,radiosensitised
radiosensitize,radiosensitizing,radiosensitized
radiotag,radiotagging,radiotagged
radiotelegraph,radiotelegraphing,radiotelegraphed
raff,raffing,raffed
raffle,raffling,raffled
raft,rafting,rafted
rafter,raftering,raftered
rag,ragging,ragged
rag-roll,rag-rolling,rag-rolled
rage,raging,raged
ragequit,ragequitting,ragequitted
raid,raiding,raided
raik,raiking,raiked
rail,railing,railed
railbank,railbanking,railbanked
railroad,railroading,railroaded
raim,raiming,raimed
rain,raining,rained
rainbow,rainbowing,rainbowed
rainproof,rainproofing,rainproofed
raise,raising,raised
rake,raking,raked
rally,rallying,rallied
ralph,ralphing,ralphed
ram,ramming,rammed
ram-raid,ram-raiding,ram-raided
ramble,rambling,rambled
rambolt,rambolting,rambolted
rame,raming,ramed
rameish,rameishing,rameished
ramify,ramifying,ramified
ramp,ramping,ramped
rampage,rampaging,rampaged
rampart,ramparting,ramparted
rampire,rampiring,rampired
ramraid,ramraiding,ramraided
ramrod,ramrodding,ramrodded
ramset,ramsetting,ramsetted
ranch,ranching,ranched
rancidify,rancidifying,rancidified
rand,randing,randed
randomise,randomising,randomised
randomize,randomizing,randomized
ranforce,ranforcing,ranforced
range,ranging,ranged
rangle,rangling,rangled
rank,ranking,ranked
rankle,rankling,rankled
rankshift,rankshifting,rankshifted
ransack,ransacking,ransacked
ransom,ransoming,ransomed
rant,ranting,ranted
rantipole,rantipoling,rantipoled
rap,rapping,rapped
rape,raping,raped
rapine,rapining,rapined
rapt,rapting,rapted
rapture,rapturing,raptured
rapturize,rapturizing,rapturized
rare,raring,rared
rarefy,rarefying,rarefied
rarify,rarifying,rarified
rase,rasing,rased
rash,rashing,rashed
rasp,rasping,rasped
raspberry,raspberrying,raspberried
rassle,rassling,rassled
rasterise,rasterising,rasterised
rasterize,rasterizing,rasterized
rat,ratting,ratted
rat-race,rat-racing,rat-raced
rataplan,rataplanning,rataplanned
ratchet,ratcheting,ratcheted
rate,rating,rated
rathel,ratheling,ratheled
rather,rathering,rathered
rathole,ratholing,ratholed
ratify,ratifying,ratified
ratiocinate,ratiocinating,ratiocinated
ration,rationing,rationed
rationalise,rationalising,rationalised
rationalize,rationalizing,rationalized
ratoon,ratooning,ratooned
ratten,rattening,rattened
rattle,rattling,rattled
rattoon,rattooning,rattooned
ravage,ravaging,ravaged
rave,raving,raved
raven,ravening,ravened
ravish,ravishing,ravished
rawhide,rawhiding,rawhided
rawk,rawking,rawked
rax,raxing,raxed
raxle,raxling,raxled
ray,raying,rayed
raze,razing,razed
razee,razeeing,razeed
razor,razoring,razored
razz,razzing,razzed
razzle,razzling,razzled
re-abuse,re-abusing,re-abused
re-aggravate,re-aggravating,re-aggravated
re-ally,re-allying,re-allied
re-attach,re-attaching,re-attached
re-call,re-calling,re-called
re-cognise,re-cognising,re-cognised
re-cognize,re-cognizing,re-cognized
re-constrict,re-constricting,re-constricted
re-cover,re-covering,re-covered
re-create,re-creating,re-created
re-dye,re-dying,re-dyed
re-echo,re-echoing,re-echoed
re-edit,re-editing,re-edited
re-educate,re-educating,re-educated
re-elect,re-electing,re-elected
re-embrace,re-embracing,re-embraced
re-emerge,re-emerging,re-emerged
re-enable,re-enabling,re-enabled
re-enact,re-enacting,re-enacted
re-encode,re-encoding,re-encoded
re-encounter,re-encountering,re-encountered
re-enforce,re-enforcing,re-enforced
re-engage,re-engaging,re-engaged
re-engineer,re-engineering,re-engineered
re-enlist,re-enlisting,re-enlisted
re-enter,re-entering,re-entered
re-entre,re-entring,re-entred
re-entrust,re-entrusting,re-entrusted
re-evaluate,re-evaluating,re-evaluated
re-examine,re-examining,re-examined
re-explain,re-explaining,re-explained
re-express,re-expressing,re-expressed
re-extend,re-extending,re-extended
re-form,re-forming,re-formed
re-frame,re-framing,re-framed
re-fuse,re-fusing,re-fused
re-introduce,re-introducing,re-introduced
re-lay,relaying,relaid
re-mark,re-marking,re-marked
re-occur,re-occurring,re-occurred
re-organise,re-organising,re-organised
re-organize,re-organizing,re-organized
re-record,re-recording,re-recorded
re-release,re-releasing,re-released
re-run,re-running,re-ran
re-search,re-searching,re-searched
re-sew,re-sewing,re-sewed
re-shoot,re-shooting,re-shot
re-sign,re-signing,re-signed
re-up,re-upping,re-upped
re-use,re-using,re-used
reabsorb,reabsorbing,reabsorbed
reaccelerate,reaccelerating,reaccelerated
reaccentuate,reaccentuating,reaccentuated
reaccept,reaccepting,reaccepted
reaccess,reaccessing,reaccessed
reacclimate,reacclimating,reacclimated
reaccredit,reaccrediting,reaccredited
reaccumulate,reaccumulating,reaccumulated
reaccuse,reaccusing,reaccused
reaccustom,reaccustoming,reaccustomed
reach,reaching,reached
reacidify,reacidifing,reacidified
reacknowledge,reacknowledging,reacknowledged
reacquaint,reacquainting,reacquainted
reacquire,reacquiring,reacquired
react,reacting,reacted
reactivate,reactivating,reactivated
read,reading,read
readapt,readapting,readapted
readd,readding,readded
readdress,readdressing,readdressed
readept,readepting,readepted
readjourn,readjourning,readjourned
readjust,readjusting,readjusted
readminister,readministering,readministered
readmit,readmitting,readmitted
readopt,readopting,readopted
readorn,readorning,readorned
readvance,readvancing,readvanced
readvertise,readvertising,readvertised
ready,readying,readied
reaerate,reaerating,reaerated
reaffiliate,reaffiliating,reaffiliated
reaffirm,reaffirming,reaffirmed
reaffix,reaffixing,reaffixed
reafforest,reafforesting,reafforested
reaggravate,reaggravating,reaggravated
reagree,reagreeing,reagreed
reair,reairing,reaired
realign,realigning,realigned
realise,realising,realised
realize,realizing,realized
reallege,realleging,realleged
reallocate,reallocating,reallocated
reallot,realloting,realloted
reallow,reallowing,reallowed
realter,realtering,realtered
ream,reaming,reamed
reamend,reamending,reamended
reamplify,reamplifying,reamplified
reanalyse,reanalysing,reanalysed
reanalyze,reanalyzing,reanalyzed
reangle,reangling,reangled
reanimate,reanimating,reanimated
reanneal,reannealing,reannealed
reannex,reannexing,reannexed
reannotate,reannotating,reannotated
reannounce,reannouncing,reannounced
reanoint,reanointing,reanointed
reanswer,reanswering,reanswered
reappear,reappearing,reappeared
reapply,reapplying,reapplied
reappoint,reappointing,reappointed
reapportion,reapportioning,reapportioned
reappraise,reappraising,reappraised
reapproach,reapproaching,reapproached
reappropriate,reappropriating,reappropriated
reapprove,reapproving,reapproved
rear,rearing,reared
rear-end,rear-ending,rear-ended
rearchitect,rearchitecting,rearchitected
reargue,rearguing,reargued
rearm,rearming,rearmed
rearomatize,rearomatizing,rearomatized
rearrange,rearranging,rearranged
rearrest,rearresting,rearrested
rearticulate,rearticulating,rearticulated
reascend,reascending,reascended
reask,reasking,reasked
reason,reasoning,reasoned
reassault,reassaulting,reassaulted
reassay,reassaying,reassayed
reassemble,reassembling,reassembled
reassert,reasserting,reasserted
reassess,reassessing,reassessed
reassign,reassigning,reassigned
reassimilate,reassimilating,reassimilated
reassociate,reassociating,reassociated
reassume,reassuming,reassumed
reassure,reassuring,reassured
reattain,reattaining,reattained
reattempt,reattempting,reattempted
reattend,reattending,reattended
reattract,reattracting,reattracted
reattribute,reattributing,reattributed
reattune,reattuning,reattuned
reauction,reauctioning,reauctioned
reaudit,reauditing,reaudited
reaudition,reauditioning,reauditioned
reaugment,reaugmenting,reaugmented
reauthor,reauthoring,reauthored
reauthorise,reauthorising,reauthorised
reauthorize,reauthorizing,reauthorized
reawaken,reawakening,reawakened
rebadge,rebadging,rebadged
rebag,rebagging,rebagged
rebake,rebaking,rebaked
rebalance,rebalancing,rebalanced
rebandage,rebandaging,rebandaged
rebanish,rebanishing,rebanished
rebaptize,rebaptizing,rebaptized
rebarbarize,rebarbarizing,rebarbarized
rebase,rebasing,rebased
rebaseline,rebaselining,rebaselined
rebatch,rebatching,rebatched
rebate,rebating,rebated
rebear,rebearing,rebore
rebecome,rebecoming,rebecame
rebegin,rebeginning,rebegan
rebel,rebelling,rebelled
rebelieve,rebelieving,rebelieved
rebellow,rebellowing,rebellowed
rebend,rebending,rebent
rebias,rebiasing,rebiased
rebid,rebidding,rebid
rebill,rebilling,rebilled
rebind,rebinding,rebound
rebiopsy,rebiopsying,rebiopsied
reblast,reblasting,reblasted
rebleach,rebleaching,rebleached
rebleed,rebleeding,rebled
reblock,reblocking,reblocked
reblog,reblogging,reblogged
rebloom,reblooming,rebloomed
reblossom,reblossoming,reblossomed
reboard,reboarding,reboarded
reboil,reboiling,reboiled
rebolt,rebolting,rebolted
rebond,rebonding,rebonded
rebook,rebooking,rebooked
reboot,rebooting,rebooted
rebore,reboring,rebored
reborrow,reborrowing,reborrowed
rebottle,rebottling,rebottled
rebound,rebounding,rebounded
rebox,reboxing,reboxed
rebrace,rebracing,rebraced
rebraid,rebraiding,rebraided
rebrand,rebranding,rebranded
rebreak,rebreaking,rebroke
rebreathe,rebreathing,rebreathed
rebreed,rebreeding,rebred
rebrew,rebrewing,rebrewed
rebribe,rebribing,rebribed
rebrick,rebricking,rebricked
rebrobate,rebrobating,rebrobated
rebud,rebudding,rebudded
rebuff,rebuffing,rebuffed
rebuffer,rebuffering,rebuffered
rebuild,rebuilding,rebuilt
rebuke,rebuking,rebuked
rebulb,rebulbing,rebulbed
rebury,reburying,reburied
rebus,rebusing,rebused
rebut,rebutting,rebutted
rebutter,rebuttering,rebuttered
rebutton,rebuttoning,rebuttoned
rebuy,rebuying,rebought
recache,recaching,recached
recalc,recalcing,recalced
recalcine,recalcining,recalcined
recalcitrate,recalcitrating,recalcitrated
recalculate,recalculating,recalculated
recalibrate,recalibrating,recalibrated
recalk,recalking,recalked
recall,recalling,recalled
recan,recanning,recanned
recanalise,recanalising,recanalised
recanalize,recanalizing,recanalized
recant,recanting,recanted
recanvass,recanvassing,recanvassed
recap,recapping,recapped
recapacitate,recapacitating,recapacitated
recapitalise,recapitalising,recapitalised
recapitalize,recapitalizing,recapitalized
recapitate,recapitating,recapitated
recapitulate,recapitulating,recapitulated
recaption,recaptioning,recaptioned
recapture,recapturing,recaptured
recarbonize,recarbonizing,recarbonized
recarnify,recarnifying,recarnified
recarpet,recarpeting,recarpeted
recarry,recarrying,recarried
recarve,recarving,recarved
recast,recasting,recast
recatch,recatching,recaught
recategorise,recategorising,recategorised
recategorize,recategorizing,recategorized
recaulk,recaulking,recaulked
reccy,reccying,reccied
receave,receaving,receaved
recede,receding,receded
receipt,receipting,receipted
receive,receiving,received
recelebrate,recelebrating,recelebrated
recense,recensing,recensed
recensor,recensoring,recensored
recenter,recentering,recentered
recentralize,recentralizing,recentralized
recentre,recentring,recentred
recertificate,recertificating,recertificated
recertify,recertifying,recertified
recess,recessing,recessed
rechain,rechaining,rechained
rechalk,rechalking,rechalked
rechallenge,rechallenging,rechallenged
rechange,rechanging,rechanged
recharacterize,recharacterizing,recharacterized
recharge,recharging,recharged
rechart,recharting,recharted
recharter,rechartering,rechartered
rechase,rechasing,rechased
recheat,recheating,recheated
recheck,rechecking,rechecked
rechew,rechewing,rechewed
rechill,rechilling,rechilled
rechime,rechiming,rechimed
rechoose,rechoosing,rechose
rechoreograph,rechoreographing,rechoreographed
rechristen,rechristening,rechristened
rechurn,rechurning,rechurned
recidivate,recidivating,recidivated
reciprocate,reciprocating,reciprocated
recircle,recircling,recircled
recircuit,recircuiting,recircuited
recirculate,recirculating,recirculated
recircumcise,recircumcising,recircumcised
recite,reciting,recited
reck,recking,recked
reckon,reckoning,reckoned
reclad,recladding,recladded
reclaim,reclaiming,reclaimed
reclamp,reclamping,reclamped
reclarify,reclarifying,reclarified
reclasp,reclasping,reclasped
reclass,reclassing,reclassed
reclassify,reclassifying,reclassified
reclean,recleaning,recleaned
reclear,reclearing,recleared
reclimb,reclimbing,reclimbed
recline,reclining,reclined
reclip,reclipping,reclipped
recloak,recloaking,recloaked
reclock,reclocking,reclocked
reclog,reclogging,reclogged
reclone,recloning,recloned
reclose,reclosing,reclosed
reclothe,reclothing,reclothed
reclude,recluding,recluded
recluse,reclusing,reclused
recluster,reclustering,reclustered
recoat,recoating,recoated
recobble,recobbling,recobbled
recock,recocking,recocked
recoct,recocting,recocted
recode,recoding,recoded
recognise,recognising,recognised
recognize,recognizing,recognized
recognosce,recognoscing,recognosced
recohere,recohering,recohered
recoil,recoiling,recoiled
recoin,recoining,recoined
recollapse,recollapsing,recollapsed
recollar,recollaring,recollared
recollect,recollecting,recollected
recollide,recolliding,recollided
recolonise,recolonising,recolonised
recolonize,recolonizing,recolonized
recolor,recoloring,recolored
recolour,recolouring,recoloured
recomb,recombing,recombed
recombine,recombining,recombined
recombobulate,recombobulating,recombobulated
recomfort,recomforting,recomforted
recommence,recommencing,recommenced
recommend,recommending,recommended
recommission,recommissioning,recommissioned
recommit,recommitting,recommitted
recompact,recompacting,recompacted
recompensate,recompensating,recompensated
recompense,recompensing,recompensed
recompete,recompeting,recompeted
recompile,recompiling,recompiled
recomplicate,recomplicating,recomplicated
recompose,recomposing,recomposed
recompress,recompressing,recompressed
recompute,recomputing,recomputed
recon,reconning,reconned
reconceive,reconceiving,reconceived
reconceptualise,reconceptualising,reconceptualised
reconceptualize,reconceptualizing,reconceptualized
reconcile,reconciling,reconciled
recond,reconding,reconded
recondense,recondensing,recondensed
recondite,reconditing,recondited
recondition,reconditioning,reconditioned
reconduct,reconducting,reconducted
reconductor,reconductoring,reconductored
reconfess,reconfessing,reconfessed
reconfigure,reconfiguring,reconfigured
reconfirm,reconfirming,reconfirmed
recongregate,recongregating,recongregated
reconjoin,reconjoining,reconjoined
reconjure,reconjuring,reconjured
reconnect,reconnecting,reconnected
reconnoiter,reconnoitering,reconnoitered
reconnoitre,reconnoitring,reconnoitred
reconquer,reconquering,reconquered
reconsecrate,reconsecrating,reconsecrated
reconsider,reconsidering,reconsidered
reconsign,reconsigning,reconsigned
reconsolidate,reconsolidating,reconsolidated
reconstitute,reconstituting,reconstituted
reconstrict,reconstricting,reconstricted
reconstruct,reconstructing,reconstructed
reconsult,reconsulting,reconsulted
recontact,recontacting,recontacted
recontaminate,recontaminating,recontaminated
recontextualise,recontextualising,recontextualised
recontextualize,recontextualizing,recontextualized
recontinue,recontinuing,recontinued
recontour,recontouring,recontoured
reconvene,reconvening,reconvened
reconverge,reconverging,reconverged
reconvert,reconverting,reconverted
reconvey,reconveying,reconveyed
reconvict,reconvicting,reconvicted
recook,recooking,recooked
recool,recooling,recooled
recooper,recoopering,recoopered
recopy,recopying,recopied
recopyright,recopyrighting,recopyrighted
record,recording,recorded
recork,recorking,recorked
recorrect,recorrecting,recorrected
recost,recosting,recosted
recouch,recouching,recouched
recount,recounting,recounted
recoup,recouping,recouped
recoupe,recouping,recouped
recouple,recoupling,recoupled
recourse,recoursing,recoursed
recover,recovering,recovered
recovre,recovring,recovred
recoyle,recoyling,recoyled
recraft,recrafting,recrafted
recrawl,recrawling,recrawled
recreate,recreating,recreated
recredit,recrediting,recredited
recrew,recrewing,recrewed
recriminalize,recriminalizing,recriminalized
recriminate,recriminating,recriminated
recross,recrossing,recrossed
recrown,recrowning,recrowned
recrudesce,recrudescing,recrudesced
recruit,recruiting,recruited
recrumple,recrumpling,recrumpled
recrystallise,recrystallising,recrystallised
recrystallize,recrystallizing,recrystallized
rectify,rectifying,rectified
recule,reculing,reculed
recultivate,recultivating,recultivated
recumb,recumbing,recumbed
recuperate,recuperating,recuperated
recur,recurring,recurred
recure,recuring,recured
recurse,recursing,recursed
recurvate,recurvating,recurvated
recurve,recurving,recurved
recuse,recusing,recused
recut,recutting,recut
recycle,recycling,recycled
recyclize,recyclizing,recyclized
red,redding,redded
red-card,red-carding,red-carded
red-pencil,red-penciling,red-penciled
redact,redacting,redacted
redaguerreotype,redaguerreotyping,redaguerreotyped
redargue,redarguing,redargued
redate,redating,redated
redbait,redbaiting,redbaited
redden,reddening,reddened
reddle,reddling,reddled
redeal,redealing,redealt
redecide,redeciding,redecided
redeck,redecking,redecked
redeclare,redeclaring,redeclared
redeconvolve,redeconvolving,redeconvolved
redecorate,redecorating,redecorated
redecree,redecreeing,redecreed
rededicate,rededicating,rededicated
redeem,redeeming,redeemed
redefeat,redefeating,redefeated
redefend,redefending,redefended
redefine,redefining,redefined
redelegate,redelegating,redelegated
redelete,redeleting,redeleted
redeliberate,redeliberating,redeliberated
redeliver,redelivering,redelivered
redemand,redemanding,redemanded
redemise,redemising,redemised
redemonstrate,redemonstrating,redemonstrated
redenominate,redenominating,redenominated
redeploy,redeploying,redeployed
redeposit,redepositing,redeposited
rederive,rederiving,rederived
redescend,redescending,redescended
redescribe,redescribing,redescribed
redesign,redesigning,redesigned
redesignate,redesignating,redesignated
redetect,redetecting,redetected
redetermine,redetermining,redetermined
redevelop,redeveloping,redeveloped
rediagonalize,rediagonalizing,rediagonalized
rediaper,rediapering,rediapered
redie,redying,redied
redifferentiate,redifferentiating,redifferentiated
redigest,redigesting,redigested
redimension,redimensioning,redimensioned
rediminish,rediminishing,rediminished
redintegrate,redintegrating,redintegrated
redip,redipping,redipped
redirect,redirecting,redirected
redisburse,redisbursing,redisbursed
redisclose,redisclosing,redisclosed
rediscount,rediscounting,rediscounted
rediscover,rediscovering,rediscovered
rediscuss,rediscussing,rediscussed
redisperse,redispersing,redispersed
redisplay,redisplaying,redisplayed
redispose,redisposing,redisposed
redispute,redisputing,redisputed
redisseize,redisseizing,redisseized
redissolve,redissolving,redissolved
redistill,redistilling,redistilled
redistribute,redistributing,redistributed
redistrict,redistricting,redistricted
redivert,rediverting,rediverted
redivide,redividing,redivided
redline,redlining,redlined
redo,redoing,redid
redomicile,redomiciling,redomiciled
redon,redonning,redonned
redouble,redoubling,redoubled
redoubt,redoubting,redoubted
redound,redounding,redounded
redownload,redownloading,redownloaded
redpoint,redpointing,redpointed
redraft,redrafting,redrafted
redraught,redraughting,redraughted
redraw,redrawing,redrew
redress,redressing,redressed
redrill,redrilling,redrilled
redrum,redrumming,redrummed
redry,redrying,redried
redshirt,redshirting,redshirted
redub,redubbing,redubbed
reduce,reducing,reduced
reduct,reducting,reducted
reduplicate,reduplicating,reduplicated
redye,redyeing,redyed
ree,reeing,reed
reecho,reechoing,reechoed
reed,reeding,reeded
reedify,reedifying,reedified
reedit,reediting,reedited
reeducate,reeducating,reeducated
reef,reefing,reefed
reek,reeking,reeked
reel,reeling,reeled
reelect,reelecting,reelected
reem,reeming,reemed
reembark,reembarking,reembarked
reembody,reembodying,reembodied
reembrace,reembracing,reembraced
reemerge,reemerging,reemerged
reemit,reemitting,reemitted
reemphasise,reemphasising,reemphasised
reemphasize,reemphasizing,reemphasized
reemploy,reemploying,reemployed
reenable,reenabling,reenabled
reenact,reenacting,reenacted
reencode,reencoding,reencoded
reencounter,reencountering,reencountered
reencourage,reencouraging,reencouraged
reendow,reendowing,reendowed
reenergize,reenergizing,reenergized
reenforce,reenforcing,reenforced
reengage,reengaging,reengaged
reengineer,reengineering,reengineered
reengrave,reengraving,reengraved
reenjoy,reenjoying,reenjoyed
reenkindle,reenkindling,reenkindled
reenlist,reenlisting,reenlisted
reenslave,reenslaving,reenslaved
reenter,reentering,reentered
reenthrone,reenthroning,reenthroned
reentre,reentring,reentred
reentrust,reentrusting,reentrusted
reenverse,reenversing,reenversed
reenvision,reenvisioning,reenvisioned
reerect,reerecting,reerected
reestablish,reestablishing,reestablished
reestate,reestating,reestated
reesterify,reesterifying,reesterified
reevaluate,reevaluating,reevaluated
reevaporate,reevaporating,reevaporated
reeve,reeving,reeved
reevolve,reevolving,reevolved
reexamine,reexamining,reexamined
reexchange,reexchanging,reexchanged
reexhibit,reexhibiting,reexhibited
reexpel,reexpelling,reexpelled
reexperience,reexperiencing,reexperienced
reexplain,reexplaining,reexplained
reexport,reexporting,reexported
reexpose,reexposing,reexposed
reexpress,reexpressing,reexpressed
reextend,reextending,reextended
ref,reffing,reffed
refabricate,refabricating,refabricated
reface,refacing,refaced
refactor,refactoring,refactored
refactorize,refactorizing,refactorized
refall,refalling,refell
refamiliarise,refamiliarising,refamiliarised
refamiliarize,refamiliarizing,refamiliarized
refashion,refashioning,refashioned
refasten,refastening,refastened
refatten,refattening,refattened
refax,refaxing,refaxed
refect,refecting,refected
refeed,refeeding,refed
refel,refelling,refelled
refelt,refelting,refelted
refer,referring,referred
referee,refereeing,refereed
reference,referencing,referenced
referment,refermenting,refermented
refight,refighting,refought
refigure,refiguring,refigured
refile,refiling,refiled
refill,refilling,refilled
refinance,refinancing,refinanced
refind,refinding,refound
refine,refining,refined
refinish,refinishing,refinished
refire,refiring,refired
refit,refitting,refitted
refix,refixing,refixed
reflag,reflagging,reflagged
reflame,reflaming,reflamed
reflash,reflashing,reflashed
reflate,reflating,reflated
reflect,reflecting,reflected
reflectorize,reflectorizing,reflectorized
reflex,reflexing,reflexed
reflip,reflipping,reflipped
refloat,refloating,refloated
reflood,reflooding,reflooded
refloor,reflooring,refloored
reflourish,reflourishing,reflourished
reflow,reflowing,reflowed
reflower,reflowering,reflowered
reflux,refluxing,refluxed
refly,reflying,reflew
refocillate,refocillating,refocillated
refold,refolding,refolded
refollow,refollowing,refollowed
refoment,refomenting,refomented
reforest,reforesting,reforested
reforestize,reforestizing,reforestized
reforge,reforging,reforged
reform,reforming,reformed
reformalize,reformalizing,reformalized
reformat,reformatting,reformatted
reformulate,reformulating,reformulated
refortify,refortifying,refortified
reforward,reforwarding,reforwarded
refound,refounding,refounded
refoveate,refoveating,refoveated
refract,refracting,refracted
refracture,refracturing,refractured
refrain,refraining,refrained
reframe,reframing,reframed
refreeze,refreezing,refroze
refresh,refreshing,refreshed
refrigerate,refrigerating,refrigerated
refry,refrying,refried
refuck,refucking,refucked
refudiate,refudiating,refudiated
refuge,refuging,refuged
refugee,refugeeing,refugeed
refund,refunding,refunded
refurb,refurbing,refurbed
refurbish,refurbishing,refurbished
refurl,refurling,refurled
refurnish,refurnishing,refurnished
refuse,refusing,refused
refute,refuting,refuted
regain,regaining,regained
regale,regaling,regaled
regard,regarding,regarded
regarde,regarding,regarded
regas,regassing,regassed
regasify,regasifying,regasified
regather,regathering,regathered
regear,regearing,regeared
regelate,regelating,regelated
regender,regendering,regendered
regenerate,regenerating,regenerated
regentrify,regentrifying,regentrified
regerminate,regerminating,regerminated
reget,regetting,regot
regift,regifting,regifted
regild,regilding,regilded
regiment,regimenting,regimented
regionalise,regionalising,regionalised
regionalize,regionalizing,regionalized
register,registering,registered
registrate,registrating,registrated
registre,registring,registred
regive,regiving,regave
reglaze,reglazing,reglazed
regle,regling,regled
regloss,reglossing,reglossed
reglucosylate,reglucosylating,reglucosylated
reglue,regluing,reglued
regorge,regorging,regorged
regrade,regrading,regraded
regraft,regrafting,regrafted
regrant,regranting,regranted
regrate,regrating,regrated
regraze,regrazing,regrazed
regrease,regreasing,regreased
regrede,regreding,regreded
regreen,regreening,regreened
regreet,regreeting,regreeted
regress,regressing,regressed
regret,regretting,regretted
regrind,regrinding,reground
regrip,regripping,regripped
regroove,regrooving,regrooved
regroup,regrouping,regrouped
regrout,regrouting,regrouted
regrow,regrowing,regrew
reguard,reguarding,reguarded
reguarde,reguarding,reguarded
regularise,regularising,regularised
regularize,regularizing,regularized
regulate,regulating,regulated
regurge,regurging,regurged
regurgitate,regurgitating,regurgitated
rehab,rehabbing,rehabbed
rehabilitate,rehabilitating,rehabilitated
rehammer,rehammering,rehammered
rehappen,rehappening,rehappened
reharmonize,reharmonizing,reharmonized
rehash,rehashing,rehashed
rehat,rehatting,rehatted
rehaul,rehauling,rehauled
reheal,rehealing,rehealed
rehear,rehearing,reheard
rehearse,rehearsing,rehearsed
reheat,reheating,reheated
reheel,reheeling,reheeled
rehem,rehemming,rehemmed
rehew,rehewing,rehewed
rehide,rehiding,rehid
rehinge,rehinging,rehinged
rehire,rehiring,rehired
reholster,reholstering,reholstered
rehome,rehoming,rehomed
rehone,rehoning,rehoned
rehook,rehooking,rehooked
rehoop,rehooping,rehooped
rehospitalise,rehospitalising,rehospitalised
rehospitalize,rehospitalizing,rehospitalized
rehost,rehosting,rehosted
rehouse,rehousing,rehoused
rehumanize,rehumanizing,rehumanized
rehybridize,rehybridizing,rehybridized
rehydrate,rehydrating,rehydrated
rehyphenate,rehyphenating,rehyphenated
rehypnotize,rehypnotizing,rehypnotized
rehypothecate,rehypothecating,rehypothecated
reidentify,reidentifying,reidentified
reify,reifying,reified
reigle,reigling,reigled
reign,reigning,reigned
reignite,reigniting,reignited
reillume,reilluming,reillumed
reilluminate,reilluminating,reilluminated
reillumine,reillumining,reillumined
reimage,reimaging,reimaged
reimagine,reimagining,reimagined
reimbark,reimbarking,reimbarked
reimbody,reimbodying,reimbodied
reimbue,reimbuing,reimbued
reimburse,reimbursing,reimbursed
reimmerse,reimmersing,reimmersed
reimmunize,reimmunizing,reimmunized
reimplant,reimplanting,reimplanted
reimplement,reimplementing,reimplemented
reimport,reimporting,reimported
reimpose,reimposing,reimposed
reimpregnate,reimpregnating,reimpregnated
reimpress,reimpressing,reimpressed
reimprint,reimprinting,reimprinted
reimprison,reimprisoning,reimprisoned
rein,reining,reined
reinaugurate,reinaugurating,reinaugurated
reincarcerate,reincarcerating,reincarcerated
reincarnate,reincarnating,reincarnated
reincite,reinciting,reincited
reinclude,reincluding,reincluded
reincorporate,reincorporating,reincorporated
reincrease,reincreasing,reincreased
reincur,reincurring,reincurred
reindent,reindenting,reindented
reindex,reindexing,reindexed
reindict,reindicting,reindicted
reinduce,reinducing,reinduced
reinduct,reinducting,reinducted
reindustrialise,reindustrialising,reindustrialised
reindustrialize,reindustrializing,reindustrialized
reinfect,reinfecting,reinfected
reinfest,reinfesting,reinfested
reinfiltrate,reinfiltrating,reinfiltrated
reinflame,reinflaming,reinflamed
reinflate,reinflating,reinflated
reinforce,reinforcing,reinforced
reinform,reinforming,reinformed
reinfund,reinfunding,reinfunded
reingest,reingesting,reingested
reingratiate,reingratiating,reingratiated
reinhabit,reinhabiting,reinhabited
reinitialise,reinitialising,reinitialised
reinitialize,reinitializing,reinitialized
reinitiate,reinitiating,reinitiated
reinject,reinjecting,reinjected
reinjure,reinjuring,reinjured
reinnervate,reinnervating,reinnervated
reinoculate,reinoclating,reinoculated
reinscribe,reinscribing,reinscribed
reinsert,reinserting,reinserted
reinspect,reinspecting,reinspected
reinspire,reinspiring,reinspired
reinspirit,reinspiriting,reinspirited
reinstall,reinstalling,reinstalled
reinstate,reinstating,reinstated
reinstigate,reinstigating,reinstigated
reinstil,reinstiling,reinstiled
reinstill,reinstilling,reinstilled
reinstitute,reinstituting,reinstituted
reinstitutionalise,reinstitutionalising,reinstitutionalised
reinstitutionalize,reinstitutionalizing,reinstitutionalized
reinstruct,reinstructing,reinstructed
reinstrument,reinstrumenting,reinstrumented
reinsulate,reinsulating,reinsulated
reinsure,reinsuring,reinsured
reintegrate,reintegrating,reintegrated
reintensify,reintensifying,reintensified
reinter,reinterring,reinterred
reinterest,reinteresting,reinterested
reinterpret,reinterpreting,reinterpreted
reinterrogate,reinterrogating,reinterrogated
reinterview,reinterviewing,reinterviewed
reinthrone,reinthroning,reinthroned
reintroduce,reintroducing,reintroduced
reinvade,reinvading,reinvaded
reinvent,reinventing,reinvented
reinvert,reinverting,reinverted
reinvest,reinvesting,reinvested
reinvestigate,reinvestigating,reinvestigated
reinvigorate,reinvigorating,reinvigorated
reinvite,reinviting,reinvited
reinvoice,reinvoicing,reinvoiced
reinvolve,reinvolving,reinvolved
reionise,reionising,reionised
reionize,reionizing,reionized
reirrigate,reirrigating,reirrigated
reisolate,reisolating,reisolated
reissue,reissuing,reissued
reiterate,reiterating,reiterated
rejacket,rejacketing,rejacketed
rejail,rejailing,rejailed
reject,rejecting,rejected
rejig,rejigging,rejigged
rejigger,rejiggering,rejiggered
rejiggle,rejiggling,rejiggled
rejoice,rejoicing,rejoiced
rejoin,rejoining,rejoined
rejoinder,rejoindering,rejoindered
rejoint,rejointing,rejointed
rejolt,rejolting,rejolted
rejourn,rejourning,rejourned
rejoyce,rejoycing,rejoyced
rejudge,rejudging,rejudged
rejustify,rejustifying,rejustified
rejuvenate,rejuvenating,rejuvenated
rejuvenize,rejuvenizing,rejuvenized
rejuvinate,rejuvinateing,rejuvinateed
rekey,rekeying,rekeyed
rekeyboard,rekeyboarding,rekeyboarded
rekick,rekicking,rekicked
rekidnap,rekidnapping,rekidnapped
rekindle,rekindling,rekindled
reknot,reknotting,reknotted
relace,relacing,relaced
relade,relading,reladed
relaminarize,relaminarizing,relaminarized
reland,relanding,relanded
relandscape,relandscaping,relandscaped
relapse,relapsing,relapsed
relate,relating,related
relativise,relativising,relativised
relativize,relativizing,relativized
relaunch,relaunching,relaunched
relaunder,relaundering,relaundered
relax,relaxing,relaxed
relay,relaying,relayed
relead,releading,releaded
release,releasing,released
relegalize,relegalizing,relegalized
relegate,relegating,relegated
relegitimize,relegitimizing,relegitimized
relent,relenting,relented
relet,reletting,relet
relevate,relevating,relevated
relevel,releveling,releveled
relexicalize,relexicalizing,relexicalized
relexify,relexifying,relexified
relicense,relicensing,relicensed
relieve,relieving,relieved
relife,relifing,relifed
religate,religating,religated
relight,relighting,relighted
religionize,religionizing,religionized
reline,relining,relined
relink,relinking,relinked
relinquish,relinquishing,relinquished
reliquefy,reliquefying,reliquefied
reliquidate,reliquidating,reliquidated
reliquify,reliquifying,reliquified
relish,relishing,relished
relist,relisting,relisted
relisten,relistening,relistened
relitigate,relitigating,relitigated
relive,reliving,relived
reload,reloading,reloaded
relocalize,relocalizing,relocalized
relocate,relocating,relocated
relock,relocking,relocked
relodge,relodging,relodged
relook,relooking,relooked
reloosen,reloosening,reloosened
relove,reloving,reloved
relubricate,relubricating,relubricated
reluct,relucting,relucted
reluctate,reluctating,reluctated
relume,reluming,relumed
relumine,relumining,relumined
rely,relying,relied
remagnetize,remagnetizing,remagnetized
remail,remailing,remailed
remain,remaining,remained
remainder,remaindering,remaindered
remake,remaking,remade
reman,remanning,remanned
remand,remanding,remanded
remanufacture,remanufacturing,remanufactured
remanure,remanuring,remanured
remap,remapping,remapped
remarginalize,remarginalizing,remarginalized
remark,remarking,remarked
remarket,remarketing,remarketed
remarry,remarrying,remarried
remassage,remassaging,remassaged
remast,remasting,remasted
remaster,remastering,remastered
remasticate,remasticating,remasticated
rematch,rematching,rematched
remate,remating,remated
rematerialize,rematerializing,rematerialized
remble,rembling,rembled
remean,remeaning,remeaned
remeasure,remeasuring,remeasured
remediate,remediating,remediated
remedy,remedying,remedied
remeet,remeeting,remet
remelt,remelting,remelted
remember,remembering,remembered
remembre,remembring,remembred
rememorate,rememorating,rememorated
rememorize,rememorizing,rememorized
remerchandise,remerchandising,remerchandised
remercy,remercying,remercied
remerge,remerging,remerged
remethylate,remethylating,remethylated
remew,remewing,remewed
remigrate,remigrating,remigrated
remilitarize,remilitarizing,remilitarized
remind,reminding,reminded
remineralise,remineralising,remineralised
remineralize,remineralizing,remineralized
reminisce,reminiscing,reminisced
remint,reminting,reminted
remise,remising,remised
remit,remitting,remitted
remix,remixing,remixed
remobilise,remobilising,remobilised
remobilize,remobilizing,remobilized
remodify,remodifying,remodified
remold,remolding,remolded
remonetize,remonetizing,remonetized
remonstrate,remonstrating,remonstrated
remop,remopping,remopped
remoralize,remoralizing,remoralized
remorate,remorating,remorated
remord,remording,remorded
remort,remorting,remorted
remortgage,remortgaging,remortgaged
remote,remoting,remoted
remotivate,remotivating,remotivated
remould,remoulding,remoulded
remound,remounding,remounded
remount,remounting,remounted
remove,removing,removed
remuddle,remuddling,remuddled
remultiply,remultiplying,remultiplied
remunerate,remunerating,remunerated
remurmur,remurmuring,remurmured
remystify,remystifying,remystified
renail,renailing,renailed
rename,renaming,renamed
renate,renating,renated
renationalise,renationalising,renationalised
renationalize,renationalizing,renationalized
renaturalize,renaturalizing,renaturalized
renature,renaturing,renatured
renavigate,renavigating,renavigated
renay,renaying,renayed
rencounter,rencountering,rencountered
rend,rending,rent
render,rendering,rendered
rendevous,rendevousing,rendevoused
rendezvous,rendezvousing,rendezvoused
rendition,renditioning,renditioned
rendre,rendring,rendred
renege,reneging,reneged
renegotiate,renegotiating,renegotiated
renerve,renerving,renerved
renest,renesting,renested
renew,renewing,renewed
reneye,reneying,reneyed
renice,renicing,reniced
renig,renigging,renigged
renominate,renominating,renominated
renormalise,renormalising,renormalised
renormalize,renormalizing,renormalized
renounce,renouncing,renounced
renourish,renourishing,renourished
renovate,renovating,renovated
renovel,renovelling,renovelled
rent,renting,rented
renter,rentering,rentered
renumber,renumbering,renumbered
renumerate,renumerating,renumerated
renverse,renversing,renversed
renvoy,renvoying,renvoyed
reobtain,reobtaining,reobtained
reoccupy,reoccupying,reoccupied
reoffend,reoffending,reoffended
reoffer,reoffering,reoffered
reop,reopping,reopped
reopen,reopening,reopened
reoperate,reoperating,reoperated
reoppose,reopposing,reopposed
reoptimize,reoptimizing,reoptimized
reorchestrate,reorchestrating,reorchestrated
reordain,reordaining,reordained
reorder,reordering,reordered
reorganise,reorganising,reorganised
reorganize,reorganizing,reorganized
reorient,reorienting,reoriented
reorientate,reorientating,reorientated
reoxidize,reoxidizing,reoxidized
reoxygenate,reoxygenating,reoxygenated
rep,repping,repped
repace,repacing,repaced
repacify,repacifying,repacified
repack,repacking,repacked
repackage,repackaging,repackaged
repacketize,repacketizing,repacketized
repaganize,repaganizing,repaganized
repaginate,repaginating,repaginated
repaint,repainting,repainted
repair,repairing,repaired
repalletize,repalletizing,repalletized
repaper,repapering,repapered
reparate,reparating,reparated
reparent,reparenting,reparented
reparse,reparsing,reparsed
repartee,reparteeing,reparteed
repartition,repartitioning,repartitioned
repass,repassing,repassed
repast,repasting,repasted
repaste,repasting,repasted
repatch,repatching,repatched
repatriate,repatriating,repatriated
repave,repaving,repaved
repay,repaying,repaid
repeal,repealing,repealed
repeat,repeating,repeated
repeddle,repeddling,repeddled
repel,repelling,repelled
repent,repenting,repented
repeople,repeopling,repeopled
reperceive,reperceiving,reperceived
reperch,reperching,reperched
repercuss,repercussing,repercussed
reperforate,reperforating,reperforated
reperform,reperforming,reperformed
reperfuse,reperfusing,reperfused
reperuse,reperusing,reperused
repetition,repetitioning,repetitioned
repew,repewing,repewed
rephase,rephasing,rephased
rephosphorylate,rephosphorylating,rephosphorylated
rephotograph,rephotographing,rephotographed
rephrase,rephrasing,rephrased
repicture,repicturing,repictured
repin,repinning,repinned
repine,repining,repined
repipe,repiping,repiped
repitch,repitching,repitched
repivot,repivoting,repivoted
replace,replacing,replaced
replait,replaiting,replaited
replan,replanned,replanning
replant,replanting,replanted
replaster,replastering,replastered
replate,replating,replated
replay,replaying,replayed
replenish,replenishing,replenished
replete,repleting,repleted
replevin,replevining,replevined
replevy,replevying,replevied
replicate,replicating,replicated
replot,replotting,replotted
replough,reploughing,reploughed
replow,replowing,replowed
replug,replugging,replugged
replumb,replumbing,replumbed
replunge,replunging,replunged
reply,replying,replied
repo,repoing,repoed
repocket,repocketing,repocketed
repoint,repointing,repointed
repolarise,repolarising,repolarised
repolarize,repolarizing,repolarized
repolish,repolishing,repolished
repone,reponing,reponed
repopularise,repopularising,repopularised
repopularize,repopularizing,repopularized
repopulate,repopulating,repopulated
report,reporting,reported
repose,reposing,reposed
reposit,repositing,reposited
reposition,repositioning,repositioned
repossess,repossessing,repossessed
repost,reposting,reposted
repot,repotting,repotted
repour,repouring,repoured
reprecipitate,reprecipitating,reprecipitated
reprehend,reprehending,reprehended
reprepare,repreparing,reprepared
represent,representing,represented
repress,repressing,repressed
repressure,repressuring,repressured
repressurise,repressurising,repressurised
repressurize,repressurizing,repressurized
reprice,repricing,repriced
reprieve,reprieving,reprieved
reprimand,reprimanding,reprimanded
reprint,reprinting,reprinted
reprioritise,reprioritising,reprioritised
reprioritize,reprioritizing,reprioritized
reprise,reprising,reprised
repristinate,repristinating,repristinated
reprivatise,reprivatising,reprivatised
reprivatize,reprivatizing,reprivatized
reprive,repriving,reprived
reprize,reprizing,reprized
repro,reproing,reproed
reproach,reproaching,reproached
reprobate,reprobating,reprobated
reprobe,reprobing,reprobed
reprocess,reprocessing,reprocessed
reproduce,reproducing,reproduced
reprofessionalize,reprofessionalizing,reprofessionalized
reprofile,reprofiling,reprofiled
reprogram,reprogramming,reprogrammed
reprogramme,reprogramming,reprogrammed
reproject,reprojecting,reprojected
reproliferate,reproliferating,reproliferated
repromote,repromoting,repromoted
reproof,reproofing,reproofed
repropagate,repropagating,repropagated
reprotect,reprotecting,reprotected
reprove,reproving,reproved
reprovision,reprovisioning,reprovisioned
reprune,repruning,repruned
republicanize,republicanizing,republicanized
republicate,republicating,republicated
republicize,republicizing,republicized
republish,republishing,republished
repudiate,repudiating,repudiated
repugn,repugning,repugned
repugnate,repugnating,repugnated
repullulate,repullulating,repullulated
repulse,repulsing,repulsed
repunctuate,repunctuating,repunctuated
repunish,repunishing,repunished
repurchase,repurchasing,repurchased
repurify,repurifying,repurified
repurpose,repurposing,repurposed
repute,reputing,reputed
repyne,repyning,repyned
requalify,requalifying,requalified
requeen,requeening,requeened
requere,requering,requered
request,requesting,requested
requestion,requestioning,requestioned
requicken,requickening,requickened
require,requiring,required
requisition,requisitioning,requisitioned
requit,requiting,requited
requite,requiting,requited
requote,requoting,requoted
rerack,reracking,reracked
reradiate,reradiating,reradiated
rerail,rerailing,rerailed
reraise,reraising,reraised
rerandomize,rerandomizing,rerandomized
rerank,reranking,reranked
rerape,reraping,reraped
rerate,rerating,rerated
rerationalize,rerationalizing,rerationalized
rerattle,rerattling,rerattled
reread,rereading,reread
rerecord,rerecording,rerecorded
rerefer,rereferring,rereferred
reregister,reregistering,reregistered
reregulate,reregulating,reregulated
rereinforce,rereinforcing,rereinforced
rerelease,rereleasing,rereleased
rerender,rerendering,rerendered
rerent,rerenting,rerented
rereport,rereporting,rereported
rereview,rereviewing,rereviewed
rerig,rerigging,rerigged
reroast,reroasting,reroasted
reroll,rerolling,rerolled
reroof,reroofing,reroofed
reroot,rerooting,rerooted
reroute,rerouting,rerouted
rerun,rerunning,reran
res,resing,resed
resacralize,resacralizing,resacralized
resaddle,resaddling,resaddled
resail,resailing,resailed
resalute,resaluting,resaluted
resample,resampling,resampled
resand,resanding,resanded
resanitize,resanitizing,resanitized
resave,resaving,resaved
resaw,resawing,resawed
resay,resaying,resaid
rescale,rescaling,rescaled
rescan,rescanning,rescanned
rescatter,rescattering,rescattered
reschedule,rescheduling,rescheduled
rescind,rescinding,rescinded
rescope,rescoping,rescoped
rescore,rescoring,rescored
rescowe,rescowing,rescowed
rescramble,rescrambling,rescrambled
rescreen,rescreening,rescreened
rescribe,rescribing,rescribed
rescript,rescripting,rescripted
rescue,rescuing,rescued
resculpt,resculpting,resculpted
resculpture,resculpturing,resculptured
reseal,resealing,resealed
research,researching,researched
reseason,reseasoning,reseasoned
reseat,reseating,reseated
resect,resecting,resected
resecure,resecuring,resecured
resediment,resedimenting,resedimented
resee,reseeing,resaw
reseed,reseeding,reseeded
reseek,reseeking,resought
resegment,resegmenting,resegmented
resegregate,resegregating,resegregated
resegregrate,resegregating,resegregated
reseize,reseizing,reseized
reselect,reselecting,reselected
resell,reselling,resold
resemble,resembling,resembled
resend,resending,resent
resensitize,resensitizing,resensitized
resent,resenting,resented
resentence,resentencing,resentenced
reseparate,reseparating,reseparated
resequence,resequencing,resequenced
reserate,reserating,reserated
reserialize,reserializing,reserialized
reserve,reserving,reserved
reset,resetting,reset
resettle,resettling,resettled
resew,resewing,resewed
reshake,reshaking,reshook
reshape,reshaping,reshaped
reshare,resharing,reshared
resharpen,resharpening,resharpened
reshave,reshaving,reshaved
resheath,resheathing,resheathed
resheathe,resheathing,resheathed
reshelve,reshelving,reshelved
reshift,reshifting,reshifted
reshim,reshimming,reshimmed
reshingle,reshingling,reshingled
reship,reshipping,reshipped
reshoot,reshooting,reshot
reshow,reshowing,reshowed
reshuffle,reshuffling,reshuffled
reside,residing,resided
resift,resifting,resifted
resight,resighting,resighted
resign,resigning,resigned
resignify,resignifying,resignified
resile,resiling,resiled
resilence,resilencing,resilenced
resinate,resinating,resinated
resinify,resinifying,resinified
resist,resisting,resisted
resit,resitting,resat
resituate,resituating,resituated
resize,resizing,resized
reskill,reskilling,reskilled
reskin,reskinning,reskinned
resmelt,resmelting,resmelted
resmooth,resmoothing,resmoothed
resoak,resoaking,resoaked
resocialize,resocializing,resocialized
resocket,resocketing,resocketed
resod,resodding,resodded
resolder,resoldering,resoldered
resole,resoling,resoled
resolidify,resolidifying,resolidified
resolve,resolving,resolved
resonate,resonating,resonated
resorb,resorbing,resorbed
resort,resorting,resorted
resoun,resouning,resouned
resound,resounding,resounded
resource,resourcing,resourced
resow,resowing,resowed
respace,respacing,respaced
respawn,respawning,respawned
respeak,respeaking,respoke
respec,respeccing,respecced
respecify,respecifying,respecified
respect,respecting,respected
respectabilize,respectabilizing,respectabilized
respend,respending,respent
resperse,respersing,respersed
respider,respidering,respidered
respin,respinning,respun
respirate,respirating,respirated
respire,respiring,respired
respite,respiting,respited
resplend,resplending,resplended
resplit,resplitting,resplit
respoke,respoking,respoked
respond,responding,responded
responsibilize,responsibilizing,responsibilized
respot,respotting,respotted
respray,respraying,resprayed
respread,respreading,respread
resprout,resprouting,resprouted
respuate,respuateing,respuateed
rest,resting,rested
restabilise,restabilising,restabilised
restabilize,restabilizing,restabilized
restack,restacking,restacked
restaff,restaffing,restaffed
restage,restaging,restaged
restagnate,restagnating,restagnated
restain,restaining,restained
restamp,restamping,restamped
restaple,restapling,restapled
restart,restarting,restarted
restate,restating,restated
restation,restationing,restationed
restaurate,restaurating,restaurated
restem,restemming,restemmed
resterilize,resterilizing,resterilized
restick,resticking,restuck
restimulate,restimulating,restimulated
restinguish,restinguishing,restinguished
restitch,restitching,restitched
restitute,restituting,restituted
restock,restocking,restocked
restone,restoning,restoned
restopper,restoppering,restoppered
restore,restoring,restored
restrain,restraining,restrained
restrategize,restrategizing,restrategized
restreak,restreaking,restreaked
restrengthen,restrengthening,restrengthened
restretch,restretching,restretched
restrict,restricting,restricted
restrike,restriking,restruck
restring,restringing,restrung
restringe,restringing,restringed
restripe,restriping,restriped
restrive,restriving,restrove
restructure,restructuring,restructured
restudy,restudying,restudied
restuff,restuffing,restuffed
restump,restumping,restumped
restyle,restyling,restyled
resubdue,resubduing,resubdued
resubject,resubjecting,resubjected
resublime,resubliming,resublimed
resubmerge,resubmerging,resubmerged
resubmit,resubmitting,resubmitted
resubscribe,resubscribing,resubscribed
resue,resuing,resued
result,resulting,resulted
resume,resuming,resumed
resummon,resummoning,resummoned
resupply,resupplying,resupplied
resurface,resurfacing,resurfaced
resurge,resurging,resurged
resurrect,resurrecting,resurrected
resurrectionize,resurrectionizing,resurrectionized
resurvey,resurveying,resurveyed
resuscitate,resuscitating,resuscitated
resuspend,resuspending,resuspended
reswear,reswearing,reswore
resyllabify,resyllabifying,resyllabified
resync,resyncing,resynced
resynchronize,resynchronizing,resynchronized
resyndicate,resyndicating,resyndicated
resynthesize,resynthesizing,resynthesized
ret,retting,retted
retag,retagging,retagged
retail,retailing,retailed
retailor,retailoring,retailored
retain,retaining,retained
retake,retaking,retook
retaliate,retaliating,retaliated
retally,retallying,retallied
retap,retapping,retapped
retape,retaping,retaped
retard,retarding,retarded
retarget,retargeting,retargeted
retask,retasking,retasked
retax,retaxing,retaxed
retch,retching,retched
retcon,retconning,retconned
reteach,reteaching,retaught
reteam,reteaming,reteamed
retear,retearing,retore
retee,reteeing,reteed
retelecast,retelecasting,retelecasted
retell,retelling,retold
retemper,retempering,retempered
retender,retendering,retendered
reterritorialize,reterritorializing,reterritorialized
retest,retesting,retested
retexture,retexturing,retextured
retexturize,retexturizing,retexturized
rethank,rethanking,rethanked
rethatch,rethatching,rethatched
rethaw,rethawing,rethawed
retheme,retheming,rethemed
retherm,retherming,rethermed
rethicken,rethickening,rethickened
rethink,rethinking,rethought
rethread,rethreading,rethreaded
rethrow,rethrowing,rethrew
reticket,reticketing,reticketed
reticulate,reticulating,reticulated
retie,retying,retied
retighten,retightening,retightened
retile,retiling,retiled
retimber,retimbering,retimbered
retime,retiming,retimed
retire,retiring,retired
retitle,retitling,retitled
retool,retooling,retooled
retorque,retorquing,retorqued
retort,retorting,retorted
retoss,retossing,retossed
retouch,retouching,retouched
retrace,retracing,retraced
retract,retracting,retracted
retractate,retractating,retractated
retrain,retraining,retrained
retransfer,retransferring,retransferred
retransform,retransforming,retransformed
retransitivize,retransitivizing,retransitivized
retranslate,retranslating,retranslated
retransliterate,retransliterating,retransliterated
retransmit,retransmitting,retransmitted
retransplant,retransplanting,retransplanted
retrap,retrapping,retrapped
retraumatize,retraumatizing,retraumatized
retraverse,retraversing,retraversed
retread,retreading,retreaded
retreat,retreating,retreated
retrench,retrenching,retrenched
retribute,retributing,retributed
retrieve,retrieving,retrieved
retrig,retrigging,retrigged
retrigger,retriggering,retriggered
retrim,retrimming,retrimmed
retroact,retroacting,retroacted
retrocede,retroceding,retroceded
retrodict,retrodicting,retrodicted
retrodisplace,retrodisplacing,retrodisplaced
retrofit,retrofitting,retrofitted
retroflect,retroflecting,retroflected
retrograde,retrograding,retrograded
retrogreen,retrogreening,retrogreened
retrogress,retrogressing,retrogressed
retromod,retromodding,retromodded
retromoderate,retromoderating,retromoderated
retroreflect,retroreflecting,retroreflected
retrospect,retrospecting,retrospected
retrotranspose,retrotransposing,retrotransposed
retrovert,retroverting,retroverted
retrude,retruding,retruded
retry,retrying,retried
retube,retubing,retubed
retund,retunding,retunded
retune,retuning,retuned
returf,returfing,returfed
return,returning,returned
retweet,retweeting,retweeted
retwist,retwisting,retwisted
retype,retyping,retyped
reule,reuling,reuled
reunderstand,reunderstanding,reunderstood
reunify,reunifying,reunified
reunite,reuniting,reunited
reupdate,reupdating,reupdated
reupholster,reupholstering,reupholstered
reupload,reuploading,reuploaded
reurge,reurging,reurged
reuse,reusing,reused
reutilise,reutilising,reutilised
reutilize,reutilizing,reutilized
rev,revving,revved
revaccinate,revaccinating,revaccinated
revalidate,revalidating,revalidated
revalorise,revalorising,revalorised
revalorize,revalorizing,revalorized
revaluate,revaluating,revaluated
revalue,revaluing,revalued
revamp,revamping,revamped
revarnish,revarnishing,revarnished
reveal,revealing,revealed
revector,revectoring,revectored
revegetate,revegetating,revegetated
revelate,revelating,revelated
revendicate,revendicating,revendicated
revenge,revenging,revenged
reverb,reverbing,reverbed
reverberate,reverberating,reverberated
revere,revering,revered
reverence,reverencing,reverenced
reverify,reverifying,reverified
reverse,reversing,reversed
reverse-commute,reverse-commuting,reverse-commuted
reverse-engineer,reverse-engineering,reverse-engineered
reverse-pickpocket,reverse-pickpocketing,reverse-pickpocketed
revert,reverting,reverted
revest,revesting,revested
revet,revetting,revetted
revibrate,revibrating,revibrated
revictimize,revictimizing,revictimized
revictual,revictualling,revictualled
revie,revying,revied
review,reviewing,reviewed
revigorate,revigorating,revigorated
revile,reviling,reviled
revince,revincing,revinced
revindicate,revindicating,revindicated
revirginize,revirginizing,revirginized
revise,revising,revised
revisit,revisiting,revisited
revisualise,revisualising,revisualised
revisualize,revisualizing,revisualized
revitalise,revitalising,revitalised
revitalize,revitalizing,revitalized
revive,reviving,revived
revivificate,revivificating,revivificated
revivify,revivifying,revivified
revocate,revocating,revocated
revoice,revoicing,revoiced
revoke,revoking,revoked
revolt,revolting,revolted
revolute,revoluting,revoluted
revolutionalise,revolutionalising,revolutionalised
revolutionise,revolutionising,revolutionised
revolutionize,revolutionizing,revolutionized
revolve,revolving,revolved
revote,revoting,revoted
revulse,revulsing,revulsed
rewake,rewaking,rewoke
rewaken,rewakening,rewakened
rewalk,rewalking,rewalked
reward,rewarding,rewarded
rewarehouse,rewarehousing,rewarehoused
rewarm,rewarming,rewarmed
rewash,rewashing,rewashed
rewatch,rewatching,rewatched
rewater,rewatering,rewatered
rewax,rewaxing,rewaxed
reweave,reweaving,rewove
reweigh,reweighing,reweighed
reweight,reweighting,reweighted
rewetten,rewettening,rewettened
rewicker,rewickering,rewickered
rewild,rewilding,rewilded
rewin,rewinning,rewon
rewind,rewinding,rewound
rewipe,rewiping,rewiped
rewire,rewiring,rewired
reword,rewording,reworded
rewrap,rewrapping,rewrapped
rewrite,rewriting,rewrote
reyse,reysing,reysed
rez,rezzing,rezzed
rezip,rezipping,rezipped
rezone,rezoning,rezoned
rhapsodise,rhapsodising,rhapsodised
rhapsodize,rhapsodizing,rhapsodized
rhetoricate,rhetoricating,rhetoricated
rhetorize,rhetorizing,rhetorized
rhotacise,rhotacising,rhotacised
rhotacize,rhotacizing,rhotacized
rhyme,rhyming,rhymed
rib,ribbing,ribbed
ribbon,ribboning,ribboned
ribosylate,ribosylating,ribosylated
ribroast,ribroasting,ribroasted
rice,ricing,riced
rich,riching,riched
richen,richening,richened
rick,ricking,ricked
rick-roll,rick-rolling,rick-rolled
rickroll,rickrolling,rickrolled
rickshaw,rickshawing,rickshawed
riddle,riddling,riddled
ride,riding,rode
ridge,ridging,ridged
ridicule,ridiculing,ridiculed
ridiculize,ridiculizing,ridiculized
riff,riffing,riffed
riffle,riffling,riffled
rifle,rifling,rifled
rift,rifting,rifted
rig,rigging,rigged
riggle,riggling,riggled
right,righting,righted
right-click,right-clicking,right-clicked
right-drag,right-dragging,right-dragged
righten,rightening,rightened
righteous,righteousing,righteoused
rightsize,rightsizing,rightsized
rigidify,rigidifying,rigidified
rigorise,rigorising,rigorised
rigorize,rigorizing,rigorized
rigourise,rigourising,rigourised
rigourize,rigourizing,rigourized
rike,riking,riked
rile,riling,riled
rill,rilling,rilled
rim,rimming,rimmed
rime,riming,rimed
rimple,rimpling,rimpled
rimrock,rimrocking,rimrocked
rin,rinning,ran
rind,rinding,rinded
rine,rining,rined
ring,ringing,ringed
ring-bark,ring-barking,ring-barked
ringbark,ringbarking,ringbarked
ringfence,ringfencing,ringfenced
rinse,rinsing,rinsed
riot,rioting,rioted
rip,ripping,ripped
ripe,riping,riped
ripen,ripening,ripened
riposte,riposting,riposted
ripple,rippling,rippled
riprap,riprapping,riprapped
ripsaw,ripsawing,ripsawed
rise,rising,rose
risk,risking,risked
risp,risping,risped
rittle,rittling,rittled
ritualise,ritualising,ritualised
ritualize,ritualizing,ritualized
rivel,rivelling,rivelled
river,rivering,rivered
rix,rixing,rixed
rizzar,rizzaring,rizzared
rmgroup,rmgrouping,rmgrouped
roadblock,roadblocking,roadblocked
roadshow,roadshowing,roadshowed
roadtest,roadtesting,roadtested
roam,roaming,roamed
roap,roaping,roaped
roar,roaring,roared
roast,roasting,roasted
roave,roaving,roaved
rob,robbing,robbed
robe,robing,robed
robocall,robocalling,robocalled
roborate,roborating,roborated
robotise,robotising,robotised
robotize,robotizing,robotized
robotrip,robotripping,robotripped
robustify,robustifying,robustified
rock,rocking,rocked
rock-bottom,rock-bottoming,rock-bottomed
rocket,rocketing,rocketed
rodeo,rodeoing,rodeoed
rodomontade,rodomontading,rodomontaded
roentgenograph,roentgenographing,roentgenographed
roffle,roffling,roffled
rog,rogging,rogged
roger,rogering,rogered
rogue,roguing,rogued
roil,roiling,roiled
roin,roining,roined
roist,roisting,roisted
roister,roistering,roistered
role-play,role-playing,role-played
roleplay,roleplaying,roleplayed
rolf,rolfing,rolfed
roll,rolling,rolled
rollback,rollbacking,rollbacked
rollerblade,rollerblading,rollerbladed
rollick,rollicking,rollicked
romance,romancing,romanced
Romanianize,Romanianizing,Romanianized
romanise,romanising,romanised
romanize,romanizing,romanized
romanticise,romanticising,romanticised
romanticize,romanticizing,romanticized
romp,romping,romped
Roneo,Roneoing,Roneoed
rong,ronging,ronged
roof,roofing,roofed
roofie,roofiing,roofied
rook,rooking,rooked
room,rooming,roomed
roop,rooping,rooped
roost,roosting,roosted
roostertail,roostertailing,roostertailed
root,rooting,rooted
rootkit,rootkitting,rootkitted
rootle,rootling,rootled
rope,roping,roped
roquet,roqueting,roqueted
rort,rorting,rorted
rosa,rosaing,rosaed
rose,rosing,rosed
roshambo,roshamboing,roshamboed
rosin,rosining,rosined
ross,rossing,rossed
roster,rostering,rostered
rot,rotting,rotted
rotate,rotating,rotated
rotavate,rotavating,rotavated
rote,roting,roted
rotograph,rotographing,rotographed
rotoscope,rotoscoping,rotoscoped
rototill,rototilling,rototilled
rotovate,rotovating,rotovated
rotproof,rotproofing,rotproofed
rouge,rouging,rouged
rough,roughing,roughed
rough-and-tumble,rough-and-tumbling,rough-and-tumbled
rough-hew,rough-hewing,rough-hewed
roughcast,roughcasting,roughcast
roughdry,roughdrying,roughdried
roughen,roughening,roughened
roughhew,roughhewing,roughhewed
roughhouse,roughhousing,roughhoused
roughneck,roughnecking,roughnecked
roughwork,roughworking,roughworked
roulade,roulading,rouladed
roun,rouning,rouned
round,rounding,rounded
roundhouse,roundhousing,roundhoused
roundtrip,roundtripping,roundtripped
roup,rouping,rouped
rouse,rousing,roused
roust,rousting,rousted
rout,routing,routed
route,routing or routeing (UK),routed
router,routering,routered
routinise,routinising,routinised
routinize,routinizing,routinized
rouze,rouzing,rouzed
rove,roving,roved
row,rowing,rowed
rowt,rowting,rowted
royalize,royalizing,royalized
royster,roystering,roystered
rub,rubbing,rubbed
rubber,rubbering,rubbered
rubberise,rubberising,rubberised
rubberize,rubberizing,rubberized
rubberneck,rubbernecking,rubbernecked
rubberstamp,rubberstamping,rubberstamped
rubbish,rubbishing,rubbished
rubify,rubifying,rubified
rubric,rubricking,rubricked
rubricate,rubricating,rubricated
ruby,rubying,rubied
ruck,rucking,rucked
ruckle,ruckling,ruckled
rud,rudding,rudded
ruddle,ruddling,ruddled
ruddy,ruddying,ruddied
ruden,rudening,rudened
rue,ruing or rueing,rued
ruff,ruffing,ruffed
ruffian,ruffianing,ruffianed
ruffle,ruffling,ruffled
rufie,rufiing,rufied
rug,rugging,rugged
ruggedise,ruggedising,ruggedised
ruggedize,ruggedizing,ruggedized
rugine,rugining,rugined
ruin,ruining,ruined
ruinate,ruinating,ruinated
rule,ruling,ruled
rumba,rumbaing,rumbaed
rumble,rumbling,rumbled
ruminate,ruminating,ruminated
rummage,rummaging,rummaged
rumor,rumoring,rumored
rumormonger,rumormongering,rumormongered
rumourmonger,rumourmongering,rumourmongered
rumple,rumpling,rumpled
run,running,ran
rupture,rupturing,ruptured
ruralise,ruralising,ruralised
ruralize,ruralizing,ruralized
rush,rushing,rushed
Russianise,Russianising,Russianised
Russianize,Russianizing,Russianized
Russify,Russifying,Russified
rust,rusting,rusted
rusticate,rusticating,rusticated
rustle,rustling,rustled
rustproof,rustproofing,rustproofed
rut,rutting,rutted
rutilate,rutilating,rutilated
rynt,-,-
sabbatize,sabbatizing,sabbatized
sabotage,sabotaging,sabotaged
sabre,sabring,sabred
saccade,saccading,saccaded
saccharify,saccharifying,saccharified
saccharize,saccharizing,saccharized
sacerdotalize,sacerdotalizing,sacerdotalized
sack,sacking,sacked
sacralize,sacralizing,sacralized
sacramentize,sacramentizing,sacramentized
sacre,sacring,sacred
sacredize,sacredizing,sacredized
sacrifice,sacrificing,sacrificed
sad-iron,sad-ironing,sad-ironed
sadden,saddening,saddened
saddle,saddling,saddled
saddleback,saddlebacking,saddlebacked
Sadducize,Sadducizing,Sadducized
sade,sading,saded
safari,safariing,safaried
safe-guard,safe-guarding,safe-guarded
safeguard,safeguarding,safeguarded
saffronize,saffronizing,saffronized
sag,sagging,sagged
sagaciate,sagaciating,sagaciated
sage,saging,saged
saginate,saginating,saginated
sail,sailing,sailed
sailboard,sailboarding,sailboarded
sailorize,sailorizing,sailorized
sain,saining,sained
saint,sainting,sainted
salaam,salaaming,salaamed
salamander,salamandering,salamandered
salary,salarying,salaried
salicylize,salicylizing,salicylized
salify,salifying,salified
salinate,salinating,salinated
salinise,salinising,salinised
salinize,salinizing,salinized
salivate,salivating,salivated
sally,sallying,sallied
salsa,salsaing,salsaed
salt,salting,salted
saltate,saltating,saltated
salute,saluting,saluted
salvage,salvaging,salvaged
salve,salving,salved
sam,samming,sammed
samba,sambaing,sambaed
sample,sampling,sampled
sanctificate,sanctificating,sanctificated
sanctify,sanctifying,sanctified
sanction,sanctioning,sanctioned
sanctuarize,sanctuarizing,sanctuarized
sand,sanding,sanded
sandbag,sandbagging,sandbagged
sandblast,sandblasting,sandblasted
sandboard,sandboarding,sandboarded
sandbox,sandboxing,sandboxed
sandpaper,sandpapering,sandpapered
sandwich,sandwiching,sandwiched
sanguify,sanguifying,sanguified
sanguine,sanguining,sanguined
sanitate,sanitating,sanitated
sanitise,sanitising,sanitised
sanitize,sanitizing,sanitized
Sanskritise,Sanskritising,Sanskritised
Sanskritize,Sanskritizing,Sanskritized
santer,santering,santered
sap,sapping,sapped
sapientize,sapientizing,sapientized
saponify,saponifying,saponified
sarcase,sarcasing,sarcased
sarcle,sarcling,sarcled
sard,sarding,sarded
sardine,sardining,sardined
sarge,sarging,sarged
sark,sarking,sarked
sarse,sarsing,sarsed
sash,sashing,sashed
sashay,sashaying,sashayed
sass,sassing,sassed
Satanize,Satanized,Satanized
sate,sating,sated
satiate,satiating,satiated
satirise,satirising,satirised
satirize,satirizing,satirized
satisfice,satisficing,satisficed
satisfy,satisfying,satisfied
saturate,saturating,saturated
sauce,saucing,sauced
saucer,saucering,saucered
saught,saughting,saughted
sauna,saunaing,saunaed
saunter,sauntering,sauntered
saut,saut¨¦ing,saut¨¦ed
saute,sauteing,sauteed
sauter,sautering,sautered
savage,savaging,savaged
save,saving,saved
savescum,savescumming,savescummed
savor,savoring,savored
savour,savouring,savoured
savvy,savvying,savvied
saw,sawing,sawed
sawder,sawdering,sawdered
sax,saxing,saxed
say,saying,said
scab,scabbing,scabbed
scabbard,scabbarding,scabbarded
scabble,scabbling,scabbled
scaffold,scaffolding,scaffolded
scag,scagging,scagged
scalarize,scalarizing,scalarized
scald,scalding,scalded
scale,scaling,scaled
scallop,scalloping,scalloped
scalp,scalping,scalped
scam,scamming,scammed
scamble,scambling,scambled
scamp,scamping,scamped
scamper,scampering,scampered
scan,scanning,scanned
scandal,scandalling,scandalled
scandalise,scandalising,scandalised
scandalize,scandalizing,scandalized
scanlate,scanlating,scanlated
scant,scanting,scanted
scantle,scantling,scantled
scape,scaping,scaped
scapegoat,scapegoating,scapegoated
scapple,scappling,scappled
scar,scarring,scarred
scare,scaring,scared
scarecrow,scarecrowing,scarecrowed
scaremonger,scaremongering,scaremongered
scarf,scarfing,scarfed
scarify,scarifying,scarified
scarlet,scarleting,scarleted
scarp,scarping,scarped
scarper,scarpering,scarpered
scat,scatting,scatted
scath,scathing,scathed
scathe,scathing,scathed
scatter,scattering,scattered
scavage,scavaging,scavaged
scavenge,scavenging,scavenged
scene,scening,scened
scent,scenting,scented
scepter,sceptering,sceptered
sceptre,sceptring,sceptred
scern,scerning,scerned
scetch,scetching,scetched
schappe,schapping,schapped
schedule,scheduling,scheduled
schematize,schematizing,schematized
scheme,scheming,schemed
schismatize,schismatizing,schismatized
schlep,schlepping,schlepped
schlepp,schlepping,schlepped
schlomp,schlomping,schlomped
schmear,schmearing,schmeared
schmooze,schmoozing,schmoozed
scholiaze,scholiazing,scholiazed
scholy,scholying,scholied
school,schooling,schooled
schoolmaster,schoolmastering,schoolmastered
schuss,schussing,schussed
schvitz,schvitzing,schvitzed
schwitz,schwitzing,schwitzed
science,sciencing,scienced
scintillate,scintillating,scintillated
scise,scising,scised
sciss,scissing,scissed
scissor,scissoring,scissored
scituate,scituating,scituated
sclaff,sclaffing,sclaffed
sclate,sclating,sclated
sclerose,sclerosing,sclerosed
sclerotise,sclerotising,sclerotised
sclerotize,sclerotizing,sclerotized
scoat,scoating,scoated
scoff,scoffing,scoffed
scold,scolding,scolded
scollop,scolloping,scolloped
scomfish,scomfishing,scomfished
sconce,sconcing,sconced
scone,sconing,sconed
scooch,scooching,scooched
scoop,scooping,scooped
scoot,scooting,scooted
scootch,scootching,scootched
scooter,scootering,scootered
scope,scoping,scoped
scorch,scorching,scorched
score,scoring,scored
scorify,scorifying,scorified
scorn,scorning,scorned
scorse,scorsing,scorsed
scotch,scotching,scotched
Scotchgard,Scotchgarding,Scotchgarded
Scotticize,Scotticizing,Scotticized
scould,scoulding,scoulded
scour,scouring,scoured
scourge,scourging,scourged
scourse,scoursing,scoursed
scout,scouting,scouted
scow,scowing,scowed
scower,scowering,scowered
scowl,scowling,scowled
scrab,scrabbing,scrabbed
scrabble,scrabbling,scrabbled
scraffle,scraffling,scraffled
scrag,scragging,scragged
scrage,scraging,scraged
scraight,scraighting,scraighted
scram,scramming,scrammed
scramble,scrambling,scrambled
scran,scranning,scranned
scranch,scranching,scranched
scrap,scrapping,scrapped
scrapbook,scrapbooking,scrapbooked
scrape,scraping,scraped
scrat,scratting,scratted
scratch,scratching,scratched
scrattle,scrattling,scrattled
scrawl,scrawling,scrawled
screak,screaking,screaked
scream,screaming,screamed
scree,screeing,screed
screech,screeching,screeched
screed,screeding,screeded
screen,screening,screened
screen-scrape,screen-scraping,screen-scraped
screenscrape,screenscraping,screenscraped
screenshot,screenshotting,screenshot
screeve,screeving,screeved
screw,screwing,screwed
screwtape,screwtaping,screwtaped
scribble,scribbling,scribbled
scribe,scribing,scribed
scriggle,scriggling,scriggled
scrike,scriking,scriked
scrimmage,scrimmaging,scrimmaged
scrimp,scrimping,scrimped
scrimple,scrimpling,scrimpled
scrimshander,scrimshandering,scrimshandered
scrimshank,scrimshanking,scrimshanked
scrimshaw,scrimshawing,scrimshawed
scringe,scringing,scringed
script,scripting,scripted
scritch,scritching,scritched
scrobble,scrobbling,scrobbled
scroddle,scroddling,scroddled
scroll,scrolling,scrolled
scrooch,scrooching,scrooched
scroop,scrooping,scrooped
scrootch,scrootching,scrootched
scrouge,scrouging,scrouged
scrounge,scrounging,scrounged
scrub,scrubbing,scrubbed
scruff,scruffing,scruffed
scruffle,scruffling,scruffled
scrummage,scrummaging,scrummaged
scrump,scrumping,scrumped
scrumple,scrumpling,scrumpled
scrunch,scrunching,scrunched
scrunt,scrunting,scrunted
scruple,scrupling,scrupled
scrupulize,scrupulizing,scrupulized
scrutineer,scrutineering,scrutineered
scrutinise,scrutinising,scrutinised
scrutinize,scrutinizing,scrutinized
scrutiny,scrutinying,scrutinied
scruze,scruzing,scruzed
scry,scrying,scried
scuba,scubaing,scubaed
scud,scudding,scudded
scuddle,scuddling,scuddled
scuff,scuffing,scuffed
scuffle,scuffling,scuffled
scug,scugging,scugged
sculd,sculding,sculded
sculk,sculking,sculked
scull,sculling,sculled
sculp,sculping,sculped
sculpt,sculpting,sculpted
sculpture,sculpturing,sculptured
scum,scumming,scummed
scumber,scumbering,scumbered
scumble,scumbling,scumbled
scummer,scummering,scummered
scunge,scunging,scunged
scunner,scunnering,scunnered
scupper,scuppering,scuppered
scur,scurring,scurred
scurry,scurrying,scurried
scut,scutting,scut
scutch,scutching,scutched
scutter,scuttering,scuttered
scuttle,scuttling,scuttled
scyle,scyling,scyled
scythe,scything,scythed
sdeign,sdeigning,sdeigned
seagull,seagulling,seagulled
seajack,seajacking,seajacked
seal,sealing,sealed
sealift,sealifting,sealifted
seam,seaming,seamed
sean,seaning,seaned
sear,searing,seared
searce,searcing,searced
search,searching,searched
season,seasoning,seasoned
seat,seating,seated
secede,seceding,seceded
seceed,seceeding,seceeded
secern,secerning,secerned
seclude,secluding,secluded
second,seconding,seconded
second-guess,second-guessing,second-guessed
secretary,secretarying,secretaried
secrete,secreting,secreted
sectarianize,sectarianizing,sectarianized
section,sectioning,sectioned
sectionalize,sectionalizing,sectionalized
sectionize,sectionizing,sectionized
secuer,secuering,secuered
secularise,secularising,secularised
secularize,secularizing,secularized
secundate,secundating,secundated
secure,securing,secured
securitise,securitising,securitised
securitize,securitizing,securitized
sed,sedding,sedded
sedate,sedating,sedated
sedentarise,sedentarising,sedentarised
sedentarize,sedentarizing,sedentarized
sediment,sedimenting,sedimented
seduce,seducing,seduced
see,seeing,saw
see-saw,see-sawing,see-sawed
seed,seeding,seeded
seek,seeking,sought
seel,seeling,seeled
seem,seeming,seemed
seep,seeping,seeped
seesaw,seesawing,seesawed
segfault,segfaulting,segfaulted
segment,segmenting,segmented
segmentalize,segmentalizing,segmentalized
segmentize,segmentizing,segmentized
segregate,segregating,segregated
segue,segueing,segued
Segway,Segwaying,Segwayed
seigniorize,seigniorizing,seigniorized
seine,seining,seined
seise,seising,seised
seize,seizing,seized
sejoin,sejoining,sejoined
select,selecting,selected
self,selfing,selfed
self-abuse,self-abusing,self-abused
self-congratulate,self-congratulating,self-congratulated
self-deal,self-dealing,self-dealed
self-deport,self-deporting,self-deported
self-destruct,self-destructing,self-destructed
self-harm,self-harming,self-harmed
self-immolate,self-immolating,self-immolated
self-injure,self-injuring,self-injured
self-kill,self-killing,self-killed
self-medicate,self-medicating,self-medicated
self-pleasure,self-pleasuring,self-pleasured
self-pollute,self-polluting,self-polluted
self-redress,self-redressing,self-redressed
self-right,self-righting,self-righted
self-sabotage,self-sabotaging,self-sabotaged
self-soar,self-soaring,self-soared
self-suck,self-sucking,self-sucked
self-synchronize,self-synchronizing,self-synchronized
selfboot,selfbooting,selfbooted
selfie,selfying,selfied
sell,selling,sold
sellotape,sellotaping,sellotaped
semanticize,semanticizing,semanticized
semaphore,semaphoring,semaphored
semble,sembling,sembled
seme,semeing,semed
semi-bluff,semi-bluffing,semi-bluffed
semi-quote,semi-quoting,semi-quoted
semiautomate,semiautomating,semiautomated
semicastrate,semicastrating,semicastrated
semiforce,semiforcing,semiforced
seminate,seminating,seminated
semiquote,semiquoting,semiquoted
send,sending,sent
senesce,senescing,senesced
seniorize,seniorizing,seniorized
sensate,sensating,sensated
sensationalise,sensationalising,sensationalised
sensationalize,sensationalizing,sensationalized
sense,sensing,sensed
sensitise,sensitising,sensitised
sensitize,sensitizing,sensitized
sensualize,sensualizing,sensualized
sentence,sentencing,sentenced
sentimentalise,sentimentalising,sentimentalised
sentimentalize,sentimentalizing,sentimentalized
separate,separating,separated
sepose,seposing,seposed
Septembrise,Septembrising,Septembrised
septembrize,septembrizing,septembrized
septimate,septimating,septimated
septuple,septupling,septupled
sepulcher,sepulchering,sepulchered
sepulchre,sepulchring,sepulchred
sequence,sequencing,sequenced
sequester,sequestering,sequestered
sequestrate,sequestrating,sequestrated
sequestre,sequestring,sequestred
serenade,serenading,serenaded
serene,serening,serened
serge,serging,serged
serialise,serialising,serialised
serialize,serializing,serialized
seriate,seriating,seriated
sermon,sermoning,sermoned
sermonise,sermonising,sermonised
sermonize,sermonizing,sermonized
seroconvert,seroconverting,seroconverted
serotype,serotyping,serotyped
serpent,serpenting,serpented
serpentine,serpentining,serpentined
serpentinize,serpentinizing,serpentinized
serpentize,serpentizing,serpentized
serrate,serrating,serrated
serry,serrying,serried
servant,servanting,servanted
serve,serving,served
service,servicing,serviced
sesquioxidize,sesquioxidizing,sesquioxidized
sess,sessing,sessed
set,setting,set
setter,settering,settered
settle,settling,settled
sever,severing,severed
severalize,severalizing,severalized
sew,sewing,sewed
sex,sexing,sexed
sex-text,sex-texting,sex-texted
sexify,sexifying,sexified
sexile,sexiling,sexiled
sext,sexting,sexted
sextuple,sextupling,sextupled
sextuplicate,sextuplicating,sextuplicated
sexualise,sexualising,sexualised
sexualize,sexualizing,sexualized
sgraffito,sgraffitoing,sgraffitoed
shab,shabbing,shabbed
shack,shacking,shacked
shackle,shackling,shackled
shade,shading,shaded
shadow,shadowing,shadowed
shadow-box,shadow-boxing,shadow-boxed
shadowbox,shadowboxing,shadowboxed
shadowgraph,shadowgraphing,shadowgraphed
shaffle,shaffling,shaffled
shaft,shafting,shafted
shag,shagging,shagged
shagreen,shagreening,shagreened
shail,shailing,shailed
shake,shaking,shook
shale,shaling,shaled
shall,-,should
shallow,shallowing,shallowed
shallow-copy,shallow-copying,shallow-copied
shallow-fry,shallow-frying,shallow-fried
sham,shamming,shammed
shamanise,shamanising,shamanised
shamanize,shamanizing,shamanized
shamble,shambling,shambled
shame,shaming,shamed
shampoo,shampooing,shampooed
shanghae,shanghaeing,shanghaed
shanghai,shanghaiing,shanghaied
shank,shanking,shanked
shanty,shantying,shantied
shapen,shapening,shapened
shapeshift,shapeshifting,shapeshifted
shard,sharding,sharded
share,sharing,shared
sharecrop,sharecropping,sharecropped
shark,sharking,sharked
sharp,sharping,sharped
sharpen,sharpening,sharpened
sharpshoot,sharpshooting,sharpshot
shart,sharting,sharted
shatter,shattering,shattered
shawl,shawling,shawled
sheaf,sheafing,sheafed
sheal,shealing,shealed
sheath,sheathing,sheathed
sheathe,sheathing,sheathed
sheave,sheaving,sheaved
shebop,shebopping,shebopped
shed,shedding,shed
sheen,sheening,sheened
sheep-dip,sheep-dipping,sheep-dipped
sheer,sheering,sheered
sheet,sheeting,sheeted
Sheetrock,Sheetrocking,Sheetrocked
shell,shelling,shelled
shell-shock,shell-shocking,shell-shocked
shellac,shellacking,shellacked
shellack,shellacking,shellacked
shelter,sheltering,sheltered
shelve,shelving,shelved
shemozzle,shemozzling,shemozzled
shend,shending,shent
shepherd,shepherding,shepherded
sherardise,sherardising,sherardised
Sherlock,Sherlocking,Sherlocked
sherpa,sherpaing,sherpaed
shew,shewing,shewed
shie,shieing,shied
shield,shielding,shielded
shift,shifting,shifted
shill,shilling,shilled
shilly-shally,shilly-shallying,shilly-shallied
shim,shimming,shimmed
shimmer,shimmering,shimmered
shimmy,shimmying,shimmied
shin,shinning,shinned
shindle,shindling,shindled
shingle,shingling,shingled
shink,shinking,shinked
shinny,shinnying,shinnied
ship,shipping,shipped
shipwreck,shipwrecking,shipwrecked
shirk,shirking,shirked
shirr,shirring,shirred
shirt,shirting,shirted
shitcan,shitcanning,shitcanned
shitpost,shitposting,shitposted
shiv,shivving,shivved
shiver,shivering,shivered
shlenter,shlentering,shlentered
shlep,shlepping,shlepped
shmoke,shmoking,shmoked
shmooze,shmoozing,shmoozed
shnor,shnorring,shnorred
shoad,shoading,shoaded
shoal,shoaling,shoaled
shock,shocking,shocked
shockproof,shockproofing,shockproofed
shode,shoding,shoded
shoegaze,shoegazing,shoegazed
shoehorn,shoehorning,shoehorned
shog,shogging,shogged
shoggle,shoggling,shoggled
shoo,shooing,shooed
shooger,shoogering,shoogered
shoogle,shoogling,shoogled
shook,shooking,shooked
shool,shooling,shooled
shoot,shooting,shot
shop,shopping,shopped
shopgrift,shopgrifting,shopgrifted
shoplift,shoplifting,shoplifted
shore,shoring,shored
short,shorting,shorted
short-change,short-changing,short-changed
short-circuit,short-circuiting,short-circuited
short-list,short-listing,short-listed
short-sheet,short-sheeting,short-sheeted
short-tack,short-tacking,short-tacked
shortchange,shortchanging,shortchanged
shorten,shortening,shortened
shortlist,shortlisting,shortlisted
shortsheet,shortsheeting,shortsheeted
shot,shotting,shotted
shotgun,shotgunning,shotgunned
shoulder,shouldering,shouldered
shout,shouting,shouted
shove,shoving,shoved
shovelbum,shovelbumming,shovelbummed
show,showing,showed
showboat,showboating,showboated
showcase,showcasing,showcased
shower,showering,showered
showroom,showrooming,showroomed
showrun,showrunning,showran
shpritz,shpritzing,shpritzed
shram,shramming,shrammed
shred,shredding,shredded
shrew,shrewing,shrewed
shrieve,shrieving,shrieved
shrill,shrilling,shrilled
shrimp,shrimping,shrimped
shrine,shrining,shrined
shrink-wrap,shrink-wrapping,shrink-wrapped
shrinkwrap,shrinkwrapping,shrinkwrapped
shrivel,shrivelling,shrivelled
shrood,shrooding,shrooded
shroom,shrooming,shroomed
shroud,shrouding,shrouded
shrove,shroving,shroved
shrowd,shrowding,shrowded
shrub,shrubbing,shrubbed
shrug,shrugging,shrugged
shtup,shtupping,shtupped
shuck,shucking,shucked
shudder,shuddering,shuddered
shuffle,shuffling,shuffled
shug,shugging,shugged
shuggle,shuggling,shuggled
shun,shunning,shunned
shunt,shunting,shunted
shush,shushing,shushed
shut,shutting,shut
shutter,shuttering,shuttered
shuttle,shuttling,shuttled
shuttlecock,shuttlecocking,shuttlecocked
shvitz,shvitzing,shvitzed
shy,shying,shied
shylock,shylocking,shylocked
sib,sibbing,sibbed
sibilate,sibilating,sibilated
sic,siccing,sicced
siccate,siccating,siccated
sick,sicking,sicked
sicken,sickening,sickened
sicker,sickering,sickered
sickle,sickling,sickled
sickly,sicklying,sicklied
side,siding,sided
side-foot,side-footing,side-footed
sidearm,sidearming,sidearmed
sidefoot,sidefooting,sidefooted
sideglance,sideglancing,sideglanced
sideline,sidelining,sidelined
sideload,sideloading,sideloaded
sideslip,sideslipping,sideslipped
sidestep,sidestepping,sidestepped
sideswipe,sideswiping,sideswiped
sidetrack,sidetracking,sidetracked
sidewind,sidewinding,sidewinded
sidle,sidling,sidled
sie,sying,sied
siege,sieging,sieged
siesta,siestaing,siestaed
sieve,sieving,sieved
sift,sifting,sifted
sigh,sighing,sighed
sight,sighting,sighted
sight-translate,sight-translating,sight-translated
sightread,sightreading,sightread
sightsee,sightseeing,sightsaw
sign,signing,signed
signalise,signalising,signalised
signalize,signalizing,signalized
signall,signalling,signalled
signify,signifying,signified
signiorize,signiorizing,signiorized
signorise,signorising,signorised
signpost,signposting,signposted
sike,siking,siked
silage,silaging,silaged
silanate,silanating,silanated
silanize,silanizing,silanized
sile,siling,siled
silence,silencing,silenced
silhouette,silhouetting,silhouetted
silicify,silicifying,silicified
siliconize,siliconizing,siliconized
silken,silkening,silkened
silkscreen,silkscreening,silkscreened
silo,siloing,siloed
silt,silting,silted
silver,silvering,silvered
silver-plate,silver-plating,silver-plated
silverize,silverizing,silverized
silylate,silylating,silylated
simber,simbering,simbered
similize,similizing,similized
simmer,simmering,simmered
simonise,simonising,simonised
simonize,simonizing,simonized
simper,simpering,simpered
simple,simpling,simpled
simplicate,simplicating,simplicated
simplify,simplifying,simplified
simulate,simulating,simulated
sin,sinning,sinned
sin-bin,sin-binning,sin-binned
sinch,sinching,sinched
sinecure,sinecuring,sinecured
sinew,sinewing,sinewed
sing,singing,sang
singe,singeing,singed
single,singling,singled
single-click,single-clicking,single-clicked
single-space,single-spacing,single-spaced
singsong,singsonging,singsonged
singularize,singularizing,singularized
sinicise,sinicising,sinicised
sinicize,sinicizing,sinicized
sink,sinking,sank
sinter,sintering,sintered
sinuate,sinuating,sinuated
sip,sipping,sipped
sipe,siping,siped
siphon,siphoning,siphoned
sipple,sippling,sippled
sir,sirring,sirred
sire,siring,sired
siren,sirening,sirened
sirenize,sirenizing,sirenized
siss,sissing,sissed
sissify,sissifying,sissified
sissy,sissying,sissied
sist,sisting,sisted
sister,sistering,sistered
sit,sitting,sat
site,siting,sited
sithe,sithing,sithed
situate,situating,situated
siver,sivering,sivered
sixty-nine,sixty-nining,sixty-nined
size,sizing,sized
sizz,sizzing,sizzed
sizzle,sizzling,sizzled
sjambock,sjambocking,sjambocked
sjambok,sjambokking,sjambokked
sjamboke,sjamboking,sjamboked
skall,skalling,skalled
skank,skanking,skanked
skate,skating,skated
skateboard,skateboarding,skateboarded
skedaddle,skedaddling,skedaddled
skedule,skeduleing,skeduleed
skeet,skeeting,skeeted
skeeve,skeeving,skeeved
skelder,skeldering,skeldered
skeletalize,skeletalizing,skeletalized
skeleton,skeletoning,skeletoned
skeletonise,skeletonising,skeletonised
skeletonize,skeletonizing,skeletonized
skell,skelling,skelled
skelly,skellying,skellied
skelp,skelping,skelped
skelter,skeltering,skeltered
sken,skenning,skenned
skepticize,skepticizing,skepticized
sketch,sketching,sketched
skew,skewing,skewed
skewer,skewering,skewered
ski,skiing,skied
skiboard,skiboarding,skiboarded
skid,skidding,skidded
skiff,skiffing,skiffed
skijor,skijoring,skijored
skilder,skildering,skildered
skill,skilling,skilled
skim,skimming,skimmed
skim-read,skim-reading,skim-read
skimp,skimping,skimped
skin,skinning,skinned
skin-dive,skin-diving,skin-dove
skinch,skinching,skinched
skink,skinking,skinked
skinny-dip,skinny-dipping,skinny-dipped
skinnydip,skinnydipping,skinnydipped
skip,skipping,skipped
skipper,skippering,skippered
skirl,skirling,skirled
skirmish,skirmishing,skirmished
skirr,skirring,skirred
skirt,skirting,skirted
skit,skitting,skitted
skitch,skitching,skitched
skite,skiting,skited
skitter,skittering,skittered
skittle,skittling,skittled
skive,skiving,skived
skiver,skivering,skivered
skol,skolling,skolled
skreen,skreening,skreened
skrike,skriking,skriked
skrimp,skrimping,skrimped
skrimshander,skrimshandering,skrimshandered
skringe,skringing,skringed
skronk,skronking,skronked
skud,skudding,skudded
skulk,skulking,skulked
skull,skulling,skulled
skull-fuck,skull-fucking,skull-fucked
skullfuck,skullfucking,skullfucked
skunk,skunking,skunked
skurf,skurfing,skurfed
skurry,skurrying,skurried
skydive,skydiving,skydived
skyjack,skyjacking,skyjacked
skylark,skylarking,skylarked
skyline,skylining,skylined
skype,skyping,skyped
skyrocket,skyrocketing,skyrocketed
skywatch,skywatching,skywatched
slab,slabbing,slabbed
slabber,slabbering,slabbered
slack,slacking,slacked
slacken,slackening,slackened
slackline,slacklining,slacklined
slag,slagging,slagged
slake,slaking,slaked
slalom,slaloming,slalomed
slam,slamming,slammed
slambang,slambanging,slambanged
slander,slandering,slandered
slandre,slandring,slandred
slang,slanging,slanged
slant,slanting,slanted
slap,slapping,slapped
slapdash,slapdashing,slapdashed
slash,slashing,slashed
slashdot,slashdotting,slashdotted
slat,slatting,slatted
slate,slating,slated
slather,slathering,slathered
slatter,slattering,slattered
slaughter,slaughtering,slaughtered
slaughtre,slaughtring,slaughtred
slave,slaving,slaved
slaver,slavering,slavered
sleave,sleaving,sleaved
sleaze,sleazing,sleazed
sled,sledding,sledded
sledge,sledging,sledged
sledgehammer,sledgehammering,sledgehammered
sleek,sleeking,sleeked
sleep,sleeping,slept
sleeptalk,sleeptalking,sleeptalked
sleet,sleeting,sleeted
sleev,sleeving,sleevd
sleeve,sleeving,sleeved
sleid,sleiding,sleided
sleigh,sleighing,sleighed
slenderize,slenderizing,slenderized
slent,slenting,slented
sleuth,sleuthing,sleuthed
slew,slewing,slewed
sley,sleying,sleyed
slice,slicing,sliced
slick,slicking,slicked
slicken,slickening,slickened
slidder,sliddering,sliddered
slide,sliding,slid
slide-tackle,slide-tackling,slide-tackled
slight,slighting,slighted
slighten,slightening,slightened
slike,sliking,sliked
slim,slimming,slimmed
slime,sliming,slimed
slingshoot,slingshooting,slingshot
slingshot,slingshotting,slingshotted
slip,slipping,slipped
slipper,slippering,slippered
slipstream,slipstreaming,slipstreamed
slit,slitting,slit
slither,slithering,slithered
slive,sliving,slived
sliver,slivering,slivered
slobber,slobbering,slobbered
slocken,slockening,slockened
slog,slogging,slogged
slog-sweep,slog-sweeping,slog-swept
sloganeer,sloganeering,sloganeered
sloom,slooming,sloomed
sloosh,slooshing,slooshed
slop,slopping,slopped
slope,sloping,sloped
slosh,sloshing,sloshed
slot,slotting,slotted
sloth,slothing,slothed
slouch,slouching,slouched
slough,sloughing,sloughed
slow,slowing,slowed
slow-cook,slow-cooking,slow-cooked
slow-walk,slow-walking,slow-walked
slowplay,slowplaying,slowplayed
slub,slubbing,slubbed
slubber,slubbering,slubbered
sludge,sludging,sludged
slue,sluing,slued
sluff,sluffing,sluffed
slug,slugging,slugged
sluggardize,sluggardizing,sluggardized
sluice,sluicing,sluiced
slum,slumming,slummed
slumber,slumbering,slumbered
slumbre,slumbring,slumbred
slummock,slummocking,slummocked
slump,slumping,slumped
slur,slurring,slurred
slurp,slurping,slurped
slurry,slurrying,slurried
slush,slushing,slushed
slut,slutting,slutted
sluther,sluthering,sluthered
smack,smacking,smacked
smail,smailing,smailed
smake,smaking,smaked
small,smalling,smalled
smallcap,smallcapping,smallcapped
smarm,smarming,smarmed
smarten,smartening,smartened
smartle,smartling,smartled
smartmouth,smartmouthing,smartmouthed
smash,smashing,smashed
smatch,smatching,smatched
smatter,smattering,smattered
smear,smearing,smeared
smeeth,smeething,smeethed
smelt,smelting,smelted
smerk,smerking,smerked
smicker,smickering,smickered
smile,smiling,smiled
smilt,smilting,smilted
smirch,smirching,smirched
smirk,smirking,smirked
smirt,smirting,smirted
smith,smithing,smithed
smithy,smithying,smithied
smittle,smittling,smittled
smock,smocking,smocked
smof,smoffing,smoffed
smog,smogging,smogged
smoke,smoking,smoked
smolder,smoldering,smoldered
smooch,smooching,smooched
smoodge,smoodging,smoodged
smoor,smooring,smoored
smoosh,smooshing,smooshed
smooth,smoothing,smoothed
smoothe,smoothing,smoothed
smoothen,smoothening,smoothened
smore,smoring,smored
smother,smothering,smothered
smouch,smouching,smouched
smoulder,smouldering,smouldered
SMS,SMSing,SMSed
smudge,smudging,smudged
smug,smugging,smugged
smuggle,smuggling,smuggled
smurf,smurfing,smurfed
smush,smushing,smushed
smut,smutting,smutted
smutch,smutching,smutched
snack,snacking,snacked
snaffle,snaffling,snaffled
snag,snagging,snagged
snaggle,snaggling,snaggled
snake,snaking,snaked
snap,snapping,snapped; snapt (obsolete)
snape,snaping,snaped
snapshot,snapshotting,snapshotted
snar,snarring,snarred
snare,snaring,snared
snarf,snarfing,snarfed
snarfle,snarfling,snarfled
snark,snarking,snarked
snarl,snarling,snarled
snathe,snathing,snathed
snavel,snavelling,snavelled
sneap,sneaping,sneaped
sneb,snebbing,snebbed
sneck,snecking,snecked
sned,snedding,snedded
sneer,sneering,sneered
snell,snelling,snelled
snerk,snerking,snerked
snet,snetting,snetted
snew,snewing,snewed
snib,snibbing,snibbed
snick,snicking,snicked
snicker,snickering,snickered
snie,snying,snied
sniff,sniffing,sniffed
sniffle,sniffling,sniffled
snift,snifting,snifted
snig,snigging,snigged
snigger,sniggering,sniggered
sniggle,sniggling,sniggled
snip,snipping,snipped
snipe,sniping,sniped
snirt,snirting,snirted
snirtle,snirtling,snirtled
snitch,snitching,snitched
snite,sniting,snited
snithe,snithing,snithed
snitz,snitzing,snitzed
snive,sniving,snived
snog,snogging,snogged
snoggle,snoggling,snoggled
snood,snooding,snooded
snook,snooking,snooked
snooker,snookering,snookered
snoop,snooping,snooped
snooze,snoozing,snoozed
snoozle,snoozled,snoozling
snore,snoring,snored
snort,snorting,snorted
snortle,snortling,snortled
snot,snotting,snotted
snotter,snottering,snottered
snout,snouting,snouted
snow-blow,snow-blowing,snow-blowed
snowball,snowballing,snowballed
snowblade,snowblading,snowbladed
snowboard,snowboarding,snowboarded
snowdrop,snowdropping,snowdropped
snowflake,snowflaking,snowflaked
snowmobile,snowmobiling,snowmobiled
snowplow,snowplowing,snowplowed
snowproof,snowproofing,snowproofed
snowshoe,snowshoeing,snowshoed
snub,snubbing,snubbed
snudge,snudging,snudged
snuff,snuffing,snuffed
snuffle,snuffling,snuffled
snug,snugging,snugged
snuggle,snuggling,snuggled
sny,snying,snied
snye,snying,snyed
soak,soaking,soaked
soap,soaping,soaped
soapbox,soapboxing,soapboxed
soapstone,soapstoning,soapstoned
soar,soaring,soared
sob,sobbing,sobbed
sober,sobering,sobered
soberize,soberizing,soberized
soccer,soccering,soccered
socialise,socialising,socialised
socialize,socializing,socialized
sociate,sociating,sociated
Socinianize,Socinianizing,Socinianized
sociologize,sociologizing,sociologized
sock,socking,socked
socket,socketing,socketed
sod,sodding,sodded
sodden,soddening,soddened
soder,sodering,sodered
sodomise,sodomising,sodomised
sodomize,sodomizing,sodomized
soft-soap,soft-soaping,soft-soaped
softcode,softcoding,softcoded
soften,softening,softened
softload,softloading,softloaded
softsoap,softsoaping,softsoaped
sog,sogging,sogged
soil,soiling,soiled
sojourn,sojourning,sojourned
solace,solacing,solaced
solarise,solarising,solarised
solarize,solarizing,solarized
solder,soldering,soldered
soldier,soldiering,soldiered
sole,soling,soled
solecize,solecizing,solecized
solemnify,solemnifying,solemnified
solemnise,solemnising,solemnised
solemnizate,solemnizating,solemnizated
solemnize,solemnizing,solemnized
solicit,soliciting,solicited
solidate,solidating,solidated
solidify,solidifying,solidified
soliloquise,soliloquising,soliloquised
soliloquize,soliloquizing,soliloquized
soliloquy,soliloquying or soliloquing,soliloquied
sollar,sollaring,sollared
solo,soloing,soloed
solubilise,solubilising,solubilised
solubilize,solubilizing,solubilized
solute,soluting,soluted
solutionize,solutionizing,solutionized
solvate,solvating,solvated
solve,solving,solved
somatise,somatising,somatised
somatize,somatizing,somatized
somber,sombering,sombered
sombre,sombring,sombred
somersault,somersaulting,somersaulted
something,somethinging,somethinged
somnabulate,somnabulating,somnabulated
somnambulate,somnambulating,somnambulated
sonicate,sonicating,sonicated
sonnet,sonneting,sonneted
sonneteer,sonneteering,sonneteered
sonnetize,sonnetizing,sonnetized
sonorize,sonorizing,sonorized
soodle,soodling,soodled
soogee,soogeeing,soogeed
sook,sooking,sooked
soot,sooting,sooted
soothe,soothing,soothed
soother,soothering,soothered
soothsay,soothsaying,soothsaid
sooty,sootying,sootied
sop,sopping,sopped
sophisticate,sophisticating,sophisticated
sophonsify,sophonsifying,sophonsified
sophronize,sophronizing,sophronized
sopite,sopiting,sopited
soporate,soporating,soporated
sorb,sorbing,sorbed
sorcerise,sorcerising,sorcerised
sorcerize,sorcerizing,sorcerized
sorn,sorning,sorned
sororize,sororizing,sororized
sorrow,sorrowing,sorrowed
sort,sorting,sorted
sortie,sortying or sortieing,sortied
soss,sossing,sossed
sot,sotting,sotted
souce,soucing,souced
sough,soughing,soughed
soul,souling,souled
sound,sounding,sounded
soundproof,soundproofing,soundproofed
soundtrack,soundtracking,soundtracked
soup,souping,souped
sour,souring,soured
source,sourcing,sourced
sous-vide,sous-viding,sous-vided
souse,sousing,soused
south,southing,southed
sovereignize,sovereignizing,sovereignized
sow,sowing,sowed
sowce,sowcing,sowced
sowl,sowling,sowled
sowse,sowsing,sowsed
sowth,sowthing,sowthed
sozzle,sozzling,sozzled
space,spacing,spaced
spacewalk,spacewalking,spacewalked
spackle,spackling,spackled
SPAD,SPADing,SPADed
spade,spading,spaded
spall,spalling,spalled
spalt,spalting,spalted
spam,spamming,spammed
spamvertise,spamvertising,spamvertised
spamvertize,spamvertizing,spamvertized
span,spanning,spanned
spane,spaning,spaned
spang,spanging,spanged
spange,spanging,spanged
spanghew,spanghewing,spanghewed
spangle,spangling,spangled
spaniel,spanielling,spanielled
spanish,spanishing,spanished
spank,spanking,spanked
spar,sparring,sparred
sparble,sparbling,sparbled
spare,sparing,spared
sparge,sparging,sparged
spark,sparking,sparked
sparkle,sparkling,sparkled
sparse,sparsing,sparsed
sparsify,sparsifying,sparsified
spasm,spasming,spasmed
spat,spatting,spatted
spatchcock,spatchcocking,spatchcocked
spatialize,spatializing,spatialized
spatiate,spatiating,spatiated
spatter,spattering,spattered
spatulate,spatulating,spatulated
spawl,spawling,spawled
spawn,spawning,spawned
spay,spaying,spaied
spaz,spazzing,spazzed
spazz,spazzing,spazzed
spean,speaning,speaned
spear,spearing,speared
spearhead,spearheading,spearheaded
spec,speccing,specced
specialise,specialising,specialised
specialize,specializing,specialized
speciate,speciating,speciated
specificate,specificating,specificated
specify,specifying,specified
speck,specking,specked
speckle,speckling,speckled
spect,specting,spected
spectate,spectating,spectated
speculate,speculating,speculated
speechify,speechifying,speechified
speed-dial,speed-dialing,speed-dialed
speedcube,speedcubing,speedcubed
speedread,speedreading,speedread
speedrun,speedrunning,speedran
speedskate,speedskating,speedskated
speel,speeling,speeled
speer,speering,speered
speet,speeting,speeted
spell,spelling,spelled
spell-check,spell-checking,spell-checked
spellbind,spellbinding,spellbound
spellcheck,spellchecking,spellchecked
spelt,spelting,spelted
spelunk,spelunking,spelunked
spend,spending,spent
spermatize,spermatizing,spermatized
sperse,spersing,spersed
spet,spetting,spetted
spew,spewing,spewed
sphacelate,sphacelating,sphacelated
sphere,sphering,sphered
spherize,spherizing,spherized
sphinx,sphinxing,sphinxed
spice,spicing,spiced
spiculate,spiculating,spiculated
spider,spidering,spidered
spiderweb,spiderwebbing,spiderwebbed
spiel,spieling,spieled
spiff,spiffing,spiffed
spifflicate,spifflicating,spifflicated
spiflicate,spiflicating,spiflicated
spike,spiking,spiked
spile,spiling,spiled
spindle,spindling,spindled
spiralize,spiralizing,spiralized
spirantize,spirantizing,spirantized
spire,spiring,spired
spirit,spiriting,spirited
spiritualize,spiritualizing,spiritualized
spirt,spirting,spirted
spirtle,spirtling,spirtled
spit,spitting,spitted
spitball,spitballing,spitballed
spitchcock,spitchcocking,spitchcocked
spite,spiting,spited
spitshine,spitshineing,spitshineed
spittle,spittling,spittled
splain,splaining,splained
splash,splashing,splashed
splat,splatting,splatted
splatter,splattering,splattered
splay,splaying,splayed
spleen,spleening,spleened
splendish,splendishing,splendished
splenectomize,splenectomizing,splenectomized
splice,splicing,spliced
spline,splining,splined
splint,splinting,splinted
splinter,splintering,splintered
splish,splishing,splished
split,splitting,split
splodge,splodging,splodged
splooge,splooging,splooged
sploosh,splooshing,splooshed
splosh,sploshing,sploshed
splotch,splotching,splotched
splurge,splurging,splurged
splurt,splurting,splurted
splutter,spluttering,spluttered
spoke,spoking,spoked
spokeshave,spokeshaving,spokeshaved
spoliate,spoliating,spoliated
sponge,sponging,sponged
sponsor,sponsoring,sponsored
spoof,spoofing,spoofed
spooge,spooging,spooged
spook,spooking,spooked
spool,spooling,spooled
spoom,spooming,spoomed
spoon,spooning,spooned
spoon-feed,spoon-feeding,spoon-fed
spoonfeed,spoonfeeding,spoonfed
spoor,spooring,spoored
spore,sporing,spored
spork,sporking,sporked
sport,sporting,sported
sporterize,sporterizing,sporterized
sportfish,sportfishing,sportfished
sporulate,sporulating,sporulated
spose,sposing,sposed
spot,spotting,spotted
spotface,spotfacing,spotfaced
spouse,spousing,spoused
spout,spouting,spouted
spraddle,spraddling,spraddled
sprag,spragging,spragged
sprain,spraining,sprained
sprawl,sprawling,sprawled
spray,spraying,sprayed
spraypaint,spraypainting,spraypainted
spread,spreading,spread
spread-eagle,spread-eagling,spread-eagled
spreadeagle,spreadeagling,spreadeagled
sprig,sprigging,sprigged
spright,sprighting,sprighted
spring-clean,spring-cleaning,spring-cleaned
springboard,springboarding,springboarded
springe,springing,springed
springle,springling,springled
sprinkle,sprinkling,sprinkled
sprit,spritting,spritted
spritz,spritzing,spritzed
sprog,sprogging,sprogged
sproing,sproinging,sproinged
sprout,sprouting,sprouted
spruce,sprucing,spruced
sprug,sprugging,sprugged
spruik,spruiking,spruiked
sprunt,sprunting,sprunted
spud,spudding,spudded
spuddle,spuddling,spuddled
spue,spuing,spued
spume,spuming,spumed
spunge,spunging,spunged
spunk,spunking,spunked
spur,spurring,spurred
spurgall,spurgalling,spurgalled
spurge,spurging,spurged
spurlge,spurlging,spurlged
spurn,spurning,spurned
spurt,spurting,spurted
spurtle,spurtling,spurtled
spute,sputing,sputed
sputter,sputtering,sputtered
spy,spying,spied
squab,squabbing,squabbed
squabash,squabashing,squabashed
squabble,squabbling,squabbled
squail,squailing,squailed
squall,squalling,squalled
squander,squandering,squandered
square,squaring,squared
square-dance,square-dancing,square-danced
squash,squashing,squashed
squat,squatting,squatted
squattle,squattling,squattled
squawk,squawking,squawked
squawl,squawling,squawled
squeak,squeaking,squeaked
squeal,squealing,squealed
squee,squeeing,squeed
squeegee,squeegeeing,squeegeed
squeeze,squeezing,squeezed
squeg,squegging,squegged
squelch,squelching,squelched
squib,squibbing,squibbed
squick,squicking,squicked
squidge,squidging,squidged
squiggle,squiggling,squiggled
squinch,squinching,squinched
squinny,squinnying,squinnied
squint,squinting,squinted
squiny,squinying,squinied
squir,squirring,squirred
squire,squiring,squired
squirm,squirming,squirmed
squirr,squirring,squirred
squirrel,squirreling,squirreled
squirt,squirting,squirted
squish,squishing,squished
squit,squitting,squitted
squitter,squittering,squittered
squizz,squizzing,squizzed
squoosh,squooshing,squooshed
squop,squopping,squopped
sqush,squshing,squshed
squush,squushing,squushed
stab,stabbing,stabbed
stabilise,stabilising,stabilised
stabilitate,stabilitating,stabilitated
stabilize,stabilizing,stabilized
stable,stabling,stabled
stablish,stablishing,stablished
stack,stacking,stacked
staddle,staddling,staddled
staff,staffing,staffed
stag,stagging,stagged
stage,staging,staged
stage-whisper,stage-whispering,stage-whispered
stagger,staggering,staggered
stagnate,stagnating,stagnated
stain,staining,stained
stair-step,stair-stepping,stair-stepped
stake,staking,staked
stale,staling,staled
stalemate,stalemating,stalemated
Stalinize,Stalinizing,Stalinized
stalk,stalking,stalked
stall,stalling,stalled
stallfeed,stallfeeding,stallfed
stammer,stammering,stammered
stamp,stamping,stamped
stampede,stampeding,stampeded
stanch,stanching,stanched
stanchion,stanchioning,stanchioned
stand,standing,stood
stand-to,standing-to,stood-to
standardise,standardising,standardised
standardize,standardizing,standardized
standby,standbying,standbyed
standoff,standing off,stood off
stang,stanging,stanged
stank,stanking,stanked
stap,stapping,stapped
staple,stapling,stapled
star,starring,starred
starboard,starboarding,starboarded
starburst,starbursting,starbursted
starch,starching,starched
stare,staring,stared
stargaze,stargazing,stargazed
stark,starking,starked
starken,starkening,starkened
start,starting,started
startle,startling,startled
startscum,startscumming,startscummed
stash,stashing,stashed
stat,statting,statted
state,stating,stated
statement,statementing,statemented
station,stationing,stationed
statisticize,statisticizing,statisticized
statue,statuing,statued
statuminate,statuminating,statuminated
staunch,staunching,staunched
stave-rhyme,stave-rhyming,stave-rhymed
staw,stawing,stawed
stay,staying,stayed
staycate,staycating,staycated
staycation,staycationing,staycationed
stead,steading,steaded
steady,steadying,steadied
steal,stealing,stole
stealth-tax,stealth-taxing,stealth-taxed
steam,steaming,steamed
steam-crack,steam-cracking,steam-cracked
steampunk,steampunking,steampunked
steamroll,steamrolling,steamrolled
steamroller,steamrollering,steamrollered
stean,steaning,steaned
steek,steeking,steeked
steel,steeling,steeled
steem,steeming,steemed
steen,steening,steened
steep,steeping,steeped
steepen,steepening,steepened
steeple,steepling,steepled
steer,steering,steered
steeve,steeving,steeved
steg,stegging,stegged
steik,steiking,steiked
stellenbosch,stellenbosching,stellenbosched
stellify,stellifying,stellified
stem,stemming,stemmed
stench,stenching,stenched
stenograph,stenographing,stenographed
stent,stenting,stented
stereomutate,stereomutating,stereomutated
stereotype,stereotyping,stereotyped
sterilise,sterilising,sterilised
sterilize,sterilizing,sterilized
sternutate,sternutating,sternutated
stet,stetting,stetted
stethoscope,stethoscoping,stethoscoped
steups,steupsing,steupsed
steve,steving,steved
stevedore,stevedoring,stevedored
steven,stevening,stevened
stevvon,stevvoning,stevvoned
stew,stewing,stewed
steward,stewarding,stewarded
stick,sticking,sticked
sticker,stickering,stickered
stickhandle,stickhandling,stickhandled
stickle,stickling,stickled
sticky,stickying,stickied
sticky-tape,sticky-taping,sticky-taped
stickybeak,stickybeaking,stickybeaked
stiff,stiffing,stiffed
stiffen,stiffening,stiffened
stifle,stifling,stifled
stigmatise,stigmatising,stigmatised
stigmatize,stigmatizing,stigmatized
stiletto,stilettoing,stilettoed
still,stilling,stilled
still-hunt,still-hunting,still-hunted
stilt,stilting,stilted
stiltify,stiltifying,stiltified
stim,stimming,stimmed
stimulate,stimulating,stimulated
stimy,stimying,stimied
stint,stinting,stinted
stip,stipping,stipped
stipend,stipending,stipended
stipendiate,stipendiating,stipendiated
stipple,stippling,stippled
stipulate,stipulating,stipulated
stir,stirring,stirred
stir-fry,stir-frying,stir-fried
stirfry,stirfrying,stirfried
stitch,stitching,stitched
stive,stiving,stived
stoak,stoaking,stoaked
stob,stobbing,stobbed
stoccade,stoccading,stoccaded
stock,stocking,stocked
stockade,stockading,stockaded
stockpile,stockpiling,stockpiled
stodge,stodging,stodged
stog,stogging,stogged
stoicize,stoicizing,stoicized
stoke,stoking,stoked
stomach,stomaching,stomached
stomack,stomacking,stomacked
stomp,stomping,stomped
stone,stoning,stoned
stonewall,stonewalling,stonewalled
stonify,stonifying,stonified
stonk,stonking,stonked
stook,stooking,stooked
stool,stooling,stooled
stoom,stooming,stoomed
stoop,stooping,stooped
stoor,stooring,stoored
stop,stopping,stopped
stop-and-search,stopping-and-searching,stopped-and-searched
stope,stoping,stoped
stopper,stoppering,stoppered
stopple,stoppling,stoppled
store,storing,stored
storehouse,storehousing,storehoused
storify,storifying,storified
storm,storming,stormed
story,storying,storied
storyboard,storyboarding,storyboarded
stot,stotting or stottin,stotted
stott,stottin,stotted
stound,stounding,stounded
stour,stouring,stoured
stoush,stoushing,stoushed
stove,stoving,stoved
stow,stowing,stowed
straddle,straddling,straddled
strafe,strafing,strafed
straggle,straggling,straggled
straight,straighting,straighted
straight-arm,straight-arming,straight-armed
straighten,straightening,straightened
strain,straining,strained
strait,straiting,straited
straiten,straitening,straitened
straitjacket,straitjacketing,straitjacketed
strake,straking,straked
stram,stramming,strammed
stramash,stramashing,stramashed
strand,stranding,stranded
strange,stranging,stranged
stranger,strangering,strangered
strangle,strangling,strangled
strangulate,strangulating,strangulated
strap,strapping,strapped
straphang,straphanging,straphung
strappado,strappadoing,strappadoed
strapple,strappling,strappled
strategise,strategising,strategised
strategize,strategizing,strategized
stratify,stratifying,stratified
straught,straughting,straughted
stravaig,stravaiging,stravaiged
stravaige,stravaiging,stravaiged
stray,straying,strayed
streak,streaking,streaked
stream,streaming,streamed
streamline,streamlining,streamlined
streek,streeking,streeked
streel,streeling,streeled
streighten,streightening,streightened
strength,strengthing,strengthed
strengthen,strengthening,strengthened
stress,stressing,stressed
stretcher,stretchering,stretchered
strew,strewing,strewed
striate,striating,striated
striddle,striddling,striddled
stride,striding,strode
stridulate,stridulating,stridulated
strike,striking,struck
strikethrough,strikingthrough,struckthrough
strim,strimming,strimmed
string,stringing,strung
stringify,stringifying,stringified
strinkle,strinkling,strinkled
strip-mine,strip-mining,strip-mined
strip-search,strip-searching,strip-searched
stripe,striping,striped
striptease,stripteasing,stripteased
stroam,stroaming,stroamed
strobe,strobing,strobed
strobilate,stobilating,stobilated
stroke,stroking,stroked
stroll,strolling,strolled
strong-arm,strong-arming,strong-armed
strongarm,strongarming,strongarmed
stroot,strooting,strooted
strop,stropping,stropped
strout,strouting,strouted
strow,strowing,strowed
strowl,strowling,strowled
stroy,stroying,stroyed
structuralise,structuralising,structuralised
structuralize,structuralizing,structuralized
structure,structuring,structured
structurize,structurizing,structurized
struggle,struggling,struggled
strum,strumming,strummed
strumpet,strumpeting,strumpeted
strut,strutting,strutted
stub,stubbing,stubbed
stucco,stuccoing,stuccoed
stud,studding,studded
studder,studdering,studdered
study,studying,studied
stuff,stuffing,stuffed
stultify,stultifying,stultified
stum,stuming,stumed
stumble,stumbling,stumbled
stump,stumping,stumped
stun,stunning,stunned
stunt,stunting,stunted
stupe,stuping,stuped
stupefy,stupefying,stupefied
stupify,stupifying,stupified
stuprate,stuprating,stuprated
stur,sturring,sturred
sturt,sturting,sturted
stut,stutting,stutted
stutter,stuttering,stuttered
sty,stying,stied
style,styling,styled
stylemog,stylemogging,stylemogged
stylise,stylising,stylised
stylize,stylizing,stylized
stymie,stymieing,stymied
stymy,stymying,stymied
suade,suading,suaded
suage,suaging,suaged
suavify,suavifying,suavified
sub,subbing,subbed
subact,subacting,subacted
subaid,subaiding,subaided
subcategorise,subcategorising,subcategorised
subcategorize,subcategorizing,subcategorized
subclass,subclassing,subclassed
subclassify,subclassifying,subclassified
subclone,subcloning,subcloned
subcontract,subcontracting,subcontracted
subcool,subcooling,subcooled
subculture,subculturing,subcultured
subdelegate,subdelegating,subdelegated
subdew,subdewing,subdewed
subdivide,subdividing,subdivided
subduce,subducing,subduced
subduct,subducting,subducted
subdue,subduing,subdued
subedit,subediting,subedited
subfix,subfixing,subfixed
subfranchise,subfranchising,subfranchised
subgrant,subgranting,subgranted
subgroup,subgrouping,subgrouped
subincise,subincising,subincised
subindicate,subindicating,subindicated
subinduce,subinducing,subinduced
subinfer,subinferring,subinferred
subitise,subitising,subitised
subitize,subitizing,subitized
subject,subjecting,subjected
subjectivise,subjectivising,subjectivised
subjectivize,subjectivizing,subjectivized
subjoin,subjoining,subjoined
subjugate,subjugating,subjugated
sublate,sublating,sublated
sublease,subleasing,subleased
sublet,subletting,sublet
sublicence,sublicencing,sublicenced
sublicense,sublicensing,sublicensed
sublimate,sublimating,sublimated
sublime,subliming,sublimed
submarine,submarining,submarined
submerge,submerging,submerged
submerse,submersing,submersed
submeter,submetering,submetered
subminister,subministering,subministered
subministrate,subministrating,subministrated
submit,submitting,submitted
submodify,submodifying,submodifyied
submonish,submonishing,submonished
subnect,subnecting,subnected
subnet,subnetting,subnetted
subordinate,subordinating,subordinated
suborn,suborning,suborned
subpartition,subpartitioning,subpartitioned
subpena,subpenaing,subpenaed
subpoena,subpoenaing,subpoenaed
subrogate,subrogating,subrogated
subsample,subsampling,subsampled
subscribe,subscribing,subscribed
subsecute,subsecuting,subsecuted
subselect,subselecting,subselected
subserve,subserving,subserved
subserviate,subserviating,subserviated
subside,subsiding,subsided
subsidise,subsidising,subsidised
subsidize,subsidizing,subsidized
subsign,subsigning,subsigned
subsist,subsisting,subsisted
subspecialise,subspecialising,subspecialised
subspecialize,subspecializing,subspecialized
substantialize,substantializing,substantialized
substantiate,substantiating,substantiated
substantivise,substantivising,substantivised
substantivize,substantivizing,substantivized
substitute,substituting,substituted
substract,substracting,substracted
substrate,substrating,substrated
substruct,substructing,substructed
subsume,subsuming,subsumed
subtend,subtending,subtended
subtiliate,subtiliating,subtiliated
subtilise,subtilising,subtilised
subtilize,subtilizing,subtilized
subtitle,subtitling,subtitled
subtract,subtracting,subtracted
subtrude,subtruding,subtruded
subtype,subtyping,subtyped
suburbanize,suburbanizing,suburbanized
subvene,subvening,subvened
subvent,subventing,subvented
subvention,subventioning,subventioned
subventionize,subventionizing,subventionized
subverse,subversing,subversed
subvert,subverting,subverted
subvocalize,subvocalizing,subvocalized
subway,subwaying,subwayed
succede,succeding,succeded
succeed,succeeding,succeeded
succor,succoring,succored
succour,succouring,succoured
succumb,succumbing,succumbed
succuss,succussing,succussed
suck,sucking,sucked
sucker,suckering,suckered
sucker-punch,sucker-punching,sucker-punched
suckle,suckling,suckled
suction,suctioning,suctioned
sudate,sudating,sudated
sue,suing,sued
suffer,suffering,suffered
suffice,sufficing,sufficed
suffix,suffixing,suffixed
sufflaminate,sufflaminating,sufflaminated
sufflate,sufflating,sufflated
suffocate,suffocating,suffocated
suffonsify,suffonsifying,suffonsified
suffragate,suffragating,suffragated
suffumigate,suffumigating,suffumigated
suffuse,suffusing,suffused
sugar,sugaring,sugared
sugar-coat,sugar-coating,sugar-coated
sugarcoat,sugarcoating,sugarcoated
suggest,suggesting,suggested
suggilate,suggilating,suggilated
suggillate,suggillating,suggillated
suicide,suiciding,suicided
suit,suiting,suited
suitcase,suitcasing,suitcased
suitor,suitoring,suitored
sulfate,sulfating,sulfated
sulfonate,sulfonating,sulfonated
sulfur,sulfuring,sulfured
sulfurate,sulfurating,sulfurated
sulfurise,sulfurising,sulfurised
sulfurize,sulfurizing,sulfurized
sulk,sulking,sulked
sull,sulling,sulled
sullow,sullowing,sullowed
sully,sullying,sullied
sulphate,sulphating,sulphated
sulphur,sulphuring,sulphured
sulphurate,sulphurating,sulphurated
sulphurise,sulphurising,sulphurised
sum,summing,summed
summarise,summarising,summarised
summarize,summarizing,summarized
summate,summating,summated
summer,summering,summered
summer-fallow,summer-fallowing,summer-fallowed
summer-work,summer-working,summer-worked
summit,summiting,summited
summon,summoning,summoned
summons,summonsing,summonsed
SUMOylate,SUMOylating,SUMOylated
sump,sumping,sumped
sun,sunning,sunned
sunbake,sunbaking,sunbaked
sunbathe,sunbathing,sunbathed
sunburn,sunburning,sunburned
sunder,sundering,sundered
Sunnitize,Sunnitizing,Sunnitized
sunscald,sunscalding,sunscalded
sunset,sunsetting,sunsetted
suntan,suntanning,suntanned
sup,supping,supped
super,supering,supered
superabound,superabounding,superabounded
superadd,superadding,superadded
superannuate,superannuating,superannuated
superate,superating,superated
supercalender,supercalendering,supercalendered
supercede,superceding,superceded
supercharge,supercharging,supercharged
superclass,superclassing,superclassed
supercoil,supercoiling,supercoiled
supercompress,supercompressing,supercompressed
superconduct,superconducting,superconducted
supercool,supercooling,supercooled
supercruise,supercruising,supercruised
superelevate,superelevating,superelevated
superencipher,superenciphering,superenciphered
supererogate,supererogating,supererogated
superexalt,superexalting,superexalted
superfetate,superfetating,superfetated
superfete,superfeting,superfeted
superficialise,superficialising,superficialised
superficialize,superficializing,superficialized
superfix,superfixing,superfixed
superfuse,superfusing,superfused
superglue,supergluing,superglued
superharden,superhardening,superhardened
superheat,superheating,superheated
superhumanise,superhumanising,superhumanised
superhumanize,superhumanizing,superhumanized
superimpose,superimposing,superimposed
superinduce,superinducing,superinduced
superinfect,superinfecting,superinfected
superinfuse,superinfusing,superinfused
superinspect,superinspecting,superinspected
superintend,superintending,superintended
superlie,superlying,superlay
supernaturalise,supernaturalising,supernaturalised
supernaturalize,supernaturalizing,supernaturalized
superordinate,superordinating,superordinated
superovulate,superovulating,superovulated
superplease,superpleasing,superpleased
superpose,superposing,superposed
superrefine,superrefining,superrefined
supersample,supersampling,supersampled
supersaturate,supersaturating,supersaturated
superscribe,superscribing,superscribed
supersede,superseding,superseded
supersell,superselling,supersold
superseminate,superseminating,superseminated
supershift,supershifting,supershifted
supersize,supersizing,supersized
superstimulate,superstimulating,superstimulated
superstrain,superstraining,superstrained
superstrate,superstrating,superstrated
superstruct,superstructing,superstructed
supertitle,supertitling,supertitled
supertype,supertyping,supertyped
supervene,supervening,supervened
supervise,supervising,supervised
supervive,superviving,supervived
supinate,supinating,supinated
suppeditate,suppeditating,suppeditated
supper,suppering,suppered
supplace,supplacing,supplaced
supplant,supplanting,supplanted
supple,suppling,suppled
supplement,supplementing,supplemented
supplicate,supplicating,supplicated
supply,supplying,supplied
support,supporting,supported
suppose,supposing,supposed
suppress,suppressing,suppressed
supprise,supprising,supprised
suppurate,suppurating,suppurated
supputate,supputating,supputated
suppute,supputing,supputed
supreme,supreming,supremed
surbase,surbasing,surbased
surbate,surbating,surbated
surbeat,surbeating,surbeated
surbed,surbedding,surbedded
surcease,surceasing,surceased
surcharge,surcharging,surcharged
surcloy,surcloying,surcloyed
surf,surfing,surfed
surface,surfacing,surfaced
surfboard,surfboarding,surfboarded
surfcast,surfcasting,surfcast
surfeit,surfeiting,surfeited
surfel,surfelling,surfelled
surfle,surfling,surfled
surge,surging,surged
surmise,surmising,surmised
surmount,surmounting,surmounted
surname,surnaming,surnamed
surpass,surpassing,surpassed
surprise,surprising,surprised
surprize,surprizing,surprized
surrebut,surrebutting,surrebutted
surrejoin,surrejoining,surrejoined
surrender,surrendering,surrendered
surrendre,surrendring,surrendred
surrogate,surrogating,surrogated
surround,surrounding,surrounded
surtitle,surtitling,surtitled
surveil,surveilling,surveilled
survene,surveneing,surveneed
survey,surveying,surveyed
surview,surviewing,surviewed
survise,survising,survised
survive,surviving,survived
suscitate,suscitating,suscitated
suspect,suspecting,suspected
suspend,suspending,suspended
suspicion,suspicioning,suspicioned
suspire,suspiring,suspired
suss,sussing,sussed
sustain,sustaining,sustained
sustentate,sustentating,sustentated
susurrate,susurrating,susurrated
sutle,sutling,sutled
suttle,suttling,suttled
suture,suturing,sutured
swab,swabbing,swabbed
swaddle,swaddling,swaddled
swag,swagging,swagged
swage,swaging,swaged
swagger,swaggering,swaggered
swaip,swaiping,swaiped
swale,swaling,swaled
swaller,swallering,swallered
swallie,swallyin,swallit
swallow,swallowing,swallowed
swamp,swamping,swamped
swan,swanning,swanned
swan-dive,swan-diving,swan-dived
swang,swanging,swanged
swank,swanking,swanked
swap,swapping,swapped
swarf,swarfing,swarfed
swarm,swarming,swarmed
swart,swarting,swarted
swarten,swartening,swartened
swarve,swarving,swarved
swash,swashing,swashed
swat,swatting,swatted
swatch,swatching,swatched
swathe,swathing,swathed
swattle,swattling,swattled
sway,swaying,swayed
sweal,swealing,swealed
swear,swearing,sweared
sweare,swearing,swore
sweat,sweating,sweated
sweatdrop,sweatdropping,sweatdropped
sweb,swebbing,swebbed
swedge,swedging,swedged
sweep,sweeping,swept
sweet-talk,sweet-talking,sweet-talked
sweeten,sweetening,sweetened
swell,swelling,swelled
swelt,swelting,swelted
swelter,sweltering,sweltered
swerve,swerving,swerved
swidden,swiddening,swiddened
swiftboat,swiftboating,swiftboated
swifter,swiftering,swiftered
swig,swigging,swigged
swiggle,swiggling,swiggled
swike,swiking,swoke
swill,swilling,swilled
swinck,swincking,swincked
swindle,swindling,swindled
swinge,swingeing,swinged
swingle,swingling,swingled
swipe,swiping,swiped
swirl,swirling,swirled
swish,swishing,swished
swiss,swissing,swissed
switch,switching,switched
switch-hit,switch-hitting,switch-hit
switchback,switchbacking,switchbacked
swither,swithering,swithered
swive,swiving,swived
swizz,swizzing,swizzed
swizzle,swizzling,swizzled
swob,swobbing,swobbed
swoon,swooning,swooned
swoop,swooping,swooped
swoosh,swooshing,swooshed
swop,swopping,swopped
swordfish,swordfishing,swordfished
swot,swotting,swotted
swound,swounding,swounded
swown,swowning,swowned
swype,swyping,swyped
swyve,swyving,swyved
sycophant,sycophanting,sycophanted
sycophantize,sycophantizing,sycophantized
syllabicate,syllabicating,syllabicated
syllabificate,syllabificating,syllabificated
syllabify,syllabifying,syllabified
syllabize,syllabizing,syllabized
syllable,syllabling,syllabled
syllogize,syllogizing,syllogized
symbolise,symbolising,symbolised
symbolize,symbolizing,symbolized
symlink,symlinking,symlinked
symmetrise,symmetrising,symmetrised
symmetrize,symmetrizing,symmetrized
sympathise,sympathising,sympathised
sympathize,sympathizing,sympathized
symphonize,symphonizing,symphonized
symptomatize,symptomatizing,symptomatized
symptomize,symptomizing,symptomized
synapse,synapsing,synapsed
synch,synching,synched
synchronise,synchronising,synchronised
synchronize,synchronizing,synchronized
syncopate,syncopating,syncopated
syncopize,syncopizing,syncopized
syncretise,syncretising,syncretised
syncretize,syncretizing,syncretized
syncronise,syncronising,syncronised
syncronize,syncronizing,syncronized
syndicate,syndicating,syndicated
synergise,synergising,synergised
synergize,synergizing,synergized
synonymise,synonymising,synonymised
synonymize,synonymizing,synonymized
synopsize,synopsizing,synopsized
syntacticise,syntacticising,syntacticised
syntacticize,syntacticizing,syntacticized
synthesise,synthesising,synthesised
synthesize,synthesizing,synthesized
synthetize,synthetizing,synthetized
syntonize,syntonizing,syntonized
syphilize,syphilizing,syphilized
syphon,syphoning,syphoned
syringe,syringing,syringed
sysop,sysopping,sysopped
systematise,systematising,systematised
systematize,systematizing,systematized
systemize,systemizing,systemized
sythe,sything,sythed
T-bone,T-boning,T-boned
T-stop,T-stopping,T-stopped
tab,tabbing,tabbed
tabify,tabifying,tabified
table,tabling,tabled
table-hop,table-hopping,table-hopped
tabloidize,tabloidizing,tabloidized
taboo,tabooing,tabooed
tabor,taboring,tabored
tabu,tabuing,tabued
tabularize,tabularizing,tabularized
tabulate,tabulating,tabulated
tack,tacking,tacked
tackle,tackling,tackled
tact,tacting,tacted
tag,tagging,tagged
tail,tailing,tailed
tailgate,tailgating,tailgated
tailor,tailoring,tailored
taint,tainting,tainted
take,taking,took
takfir,takfiring,takfired
talc,talcing,talced
talcum,talcuming,talcumed
tale,taling,taled
talebear,talebearing,talebore
Talibanize,Talibanizing,Talibanized
talk,talking,talked
tallage,tallaging,tallaged
talliate,talliating,talliated
tallow,tallowing,tallowed
tally,tallying,tallied
tally-ho,tally-hoing,tally-hoed
tallyho,tallyhoing,tallyhoed
tame,taming,tamed
tamp,tamping,tamped
tamper,tampering,tampered
tampon,tamponing,tamponed
tan,tanning,tanned
tanalize,tanalizing,tanalized
tang,tanging,tanged
tangle,tangling,tangled
tango,tangoing,tangoed
tank,tanking,tanked
tantalise,tantalising,tantalised
tantalize,tantalizing,tantalized
tantamount,tantamounting,tantamounted
tap,tapping,tapped
tap-dance,tap-dancing,tap-danced
tape,taping,taped
tape-record,tape-recording,tape-recorded
taper,tapering,tapered
tapestry,tapestrying,tapestried
tappish,tappishing,tappished
tar,tarring,tarred
tardy,tardying,tardied
tare,taring,tared
tariff,tariffing,tariffed
tarmacadam,tarmacadaming,tarmacadamed
tarnish,tarnishing,tarnished
tarp,tarping,tarped
tarre,tarring,tarred
tarry,tarrying,tarried
tart,tarting,tarted
tartan,tartaning,tartaned
tartarize,tartarizing,tartarized
TAS,TASing,TASed
tase,tasing,tased
taser,tasering,tasered
task,tasking,tasked
tassel,tasselling,tasselled
taste,tasting,tasted
tat,tatting,tatted
tath,tathing,tathed
tatter,tattering,tattered
tattle,tattling,tattled
tattoo,tattooing,tattooed
taughten,taughtening,taughtened
taunt,taunting,taunted
tauten,tautening,tautened
tautologize,tautologizing,tautologized
tautomerize,tautomerizing,tautomerized
taw,tawing,tawed
tawk,tawking,tawked
tawn,tawning,tawned
tax,taxing,taxed
taxi,taxiing or sometimes taxying,taxied
taxidermize,taxidermizing,taxidermized
taxonomise,taxonomising,taxonomised
taxonomize,taxonomizing,taxonomized
tchick,tchicking,tchicked
te-hee,te-heeing,te-heed
tea,teaing,teaed
tea-bag,tea-bagging,tea-bagged
teabag,teabagging,teabagged
teach,teaching,taught
team,teaming,teamed
teamkill,teamkilling,teamkilled
tear,tearing,teared
tear-gas,tear-gassing,tear-gassed
teargas,teargassing,teargassed
tease,teasing,teased
teathe,teathing,teathed
teaze,teazing,teazed
technologize,technologizing,technologized
ted,tedding,tedded
tedder,teddering,teddered
tee,teeing,teed
teem,teeming,teemed
teen,teening,teened
teend,teending,teended
teepee,teepeeing,teepeed
teeter,teetering,teetered
teetertotter,teetertottering,teetertottered
teethe,teething,teethed
teld,telding,telded
telecine,telecining or telecineing,telecined
telecommunicate,telecommunicating,telecommunicated
telecommute,telecommuting,telecommuted
teleconference,teleconferencing,teleconferenced
telecopy,telecopying,telecopied
telefax,telefaxing,telefaxed
telefrag,telefragging,telefragged
telegram,telegramming,telegrammed
telegraph,telegraphing,telegraphed
teleguide,teleguiding,teleguided
telemanipulate,telemanipulating,telemanipulated
telemark,telemarking,telemarked
telemarket,telemarketing,telemarketed
telemonitor,telemonitoring,telemonitored
teleoperate,teleoperating,teleoperated
telepath,telepathing,telepathed
telepathise,telepathising,telepathised
telepathize,telepathizing,telepathized
telephone,telephoning,telephoned
teleport,teleporting,teleported
teleprint,teleprinting,teleprinted
teleprompt,teleprompting,teleprompted
telescope,telescoping,telescoped
teletransmit,teletransmitting,teletransmitted
teletype,teletyping,teletyped
televise,televising,televised
television,televisioning,televisioned
telework,teleworking,teleworked
telex,telexing,telexed
telish,telishing,telished
tell,telling,told
tellurize,tellurizing,tellurized
telnet,telnetting,telnetted
telpher,telphering,telphered
temp,temping,temped
temper,tempering,tempered
temperate,temperating,temperated
tempest,tempesting,tempested
template,templating,templated
templatize,templatizing,templatized
temple,templing,templed
temporalise,temporalising,temporalised
temporalize,temporalizing,temporalized
temporise,temporising,temporised
temporize,temporizing,temporized
tempre,tempring,tempred
tempt,tempting,tempted
tenant,tenanting,tenanted
tend,tending,tended
tender,tendering,tendered
tenderise,tenderising,tenderised
tenderize,tenderizing,tenderized
tendre,tendring,tendred
tennis,tennising,tennised
tenon,tenoning,tenoned
tense,tensing,tensed
tension,tensioning,tensioned
tensor,tensoring,tensored
tent,tenting,tented
tenter,tentering,tentered
tenuate,tenuating,tenuated
tenure,tenuring,tenured
tepefy,tepefying,tepefied
terebrate,terebrating,terebrated
tergiversate,tergiversating,tergiversated
term,terming,termed
term-limit,term-limiting,term-limited
terminalize,terminalizing,terminalized
terminate,terminating,terminated
termine,termining,termined
terp,terping,terped
terrace,terracing,terraced
terraform,terraforming,terraformed
terrestrialize,terrestrializing,terrestrialized
terrify,terrifying,terrified
territorialise,territorialising,territorialised
territorialize,territorializing,territorialized
terrorise,terrorising,terrorised
terrorize,terrorizing,terrorized
tertiate,tertiating,tertiated
tesselate,tesselating,tesselated
tessellate,tessellating,tessellated
test,testing,tested
test-drive,test-driving,test-drove
test-fly,test-flying,test-flew
testern,testerning,testerned
testfire,testfiring,testfired
testify,testifying,testified
tetanise,tetanising,tetanised
tetanize,tetanizing,tetanized
tetch,tetching,tetched
tether,tethering,tethered
tetter,tettering,tettered
Teutonicise,Teutonicising,Teutonicised
Teutonicize,Teutonicizing,Teutonicized
tew,tewing,tewed
textualise,textualising,textualised
textualize,textualizing,textualized
texture,texturing,textured
texturise,texturising,texturised
texturize,texturizing,texturized
thack,thacking,thacked
Thaify,Thaifying,Thaified
thank,thanking,thanked
thanke,thanking,thanked
thanksgive,thanksgiving,thanksgave
thatch,thatching,thatched
Thatcherise,Thatcherising,Thatcherised
Thatcherize,Thatcherizing,Thatcherized
thaw,thawing,thawed
theatricalise,theatricalising,theatricalised
theatricalize,theatricalizing,theatricalized
thee,theeing,theed
thematise,thematising,thematised
thematize,thematizing,thematized
theme,theming,themed
theologise,theologising,theologised
theologize,theologizing,theologized
theorem,theoreming,theoremed
theorise,theorising,theorised
theorize,theorizing,theorized
theosophize,theosophizing,theosophized
therapize,therapizing,therapized
therapy,therapying,therapied
thermalise,thermalising,thermalised
thermalize,thermalizing,thermalized
thermoform,thermoforming,thermoformed
thermolyze,thermolyzing,thermolyzed
thermoregulate,thermoregulating,thermoregulated
thew,thewing,thewed
thick,thicking,thicked
thicken,thickening,thickened
thieve,thieving,thieved
thig,thigging,thigged
thimblerig,thimblerigging,thimblerigged
thin,thinning,thinned
thinck,thincking,thought
thing,thinging,thinged
thingify,thingifying,thingified
think,thinking,thought
thinke,thinking,thought
third,thirding,thirded
thirl,thirling,thirled
thirst,thirsting,thirsted
thizz,thizzing,thizzed
thoil,thoiling,thoiled
thole,tholing,tholed
thoriate,thoriating,thoriated
thorn,thorning,thorned
thoroughgo,thoroughgoing,thoroughwent
thou,thouing,thoued
thrack,thracking,thracked
thrall,thralling,thralled
thrash,thrashing,thrashed
thread,threading,"threaded, (archaic) thrid"
threadjack,threadjacking,threadjacked
threap,threaping,threaped
threat,threating,threated
threaten,threatening,threatened
three-peat,three-peating,three-peated
threepeat,threepeating,threepeated
threpe,threping,threped
thresh,threshing,threshed
thrid,thridding,thridded
thrill,thrilling,thrilled
thring,thringing,thrang
throat,throating,throated
throb,throbbing,throbbed
throe,throeing,throed
thrombose,thrombosing,thrombosed
throne,throning,throned
throng,thronging,thronged
thropple,throppling,throppled
throttle,throttling,throttled
through-shine,through-shining,through-shone
throw,throwing,threw
thrum,thrumming,thrummed
thrutch,thrutching,thrutched
thryfallow,thryfallowing,thryfallowed
thud,thudding,thudded
thumb,thumbing,thumbed
thumbnail,thumbnailing,thumbnailed
thumbshot,thumbshotting,thumbshotted
thumbtack,thumbtacking,thumbtacked
thump,thumping,thumped
thunder,thundering,thundered
thunderstrike,thunderstriking,thunderstruck
thunk,thunking,thunked
thurl,thurling,thurled
thwack,thwacking,thwacked
thwap,thwapping,thwapped
thwart,thwarting,thwarted
thwite,thwiting,thwited
thwittle,thwittling,thwittled
thwock,thwocking,thwocked
thyroidectomize,thyroidectomizing,thyroidectomized
tic,ticcing,ticced
tice,ticing,ticed
tick,ticking,ticked
tick-tock,tick-tocking,tick-tocked
ticket,ticketing,ticketed
tickle,tickling,tickled
tiddle,tiddling,tiddled
tide,tiding,tided
tidivate,tidivating,tidivated
tidy,tidying,tidied
tidy-up,tidying up,tidied up
tie,tying,tied
tie-dye,tie-dyeing,tie-dyed
tier,tiering,tiered
tiff,tiffing,tiffed
tight,tighting,tighted
tighten,tightening,tightened
tile,tiling,tiled
till,tilling,tilled
tiller,tillering,tillered
tillow,tillowing,tillowed
tilt,tilting,tilted
timber,timbering,timbered
time,timing,timed
time-limit,time-limiting,time-limited
time-share,time-sharing,time-shared
time-stamp,time-stamping,time-stamped
time-stretch,time-stretching,time-stretched
timebox,timeboxing,timeboxed
timecode,timecoding,timecoded
timeline,timelining,timelined
times,timesing,timesed
timestamp,timestamping,timestamped
timetable,timetabling,timetabled
Timonise,Timonising,Timonised
Timonize,Timonizing,Timonized
tin,tinning,tinned
tin-plate,tin-plating,tin-plated
tinct,tincting,tincted
tincture,tincturing,tinctured
tinder,tindering,tindered
tine,tining,tined
ting,tinging,tinged
tinge,tinging or tingeing,tinged
tingle,tingling,tingled
tink,tinking,tinked
tinker,tinkering,tinkered
tinkle,tinkling,tinkled
tinplate,tinplating,tinplated
tint,tinting,tinted
tintinnabulate,tintinnabulating,tintinnabulated
tip,tipping,tipped
tip-toe,tip-toeing,tip-toed
tipple,tippling,tippled
tippy-toe,tippy-toeing,tippy-toed
tippytoe,tippytoeing,tippytoed
tipsify,tipsifying,tipsified
tiptoe,tiptoeing,tiptoed
tire,tiring,tired
tissue,tissuing,tissued
titer,titering,titered
tithe,tithing,tithed
titillate,titillating,titillated
titivate,titivating,titivated
title,titling,titled
titrate,titrating,titrated
titre,titring,titred
titter,tittering,tittered
tittivate,tittivating,tittivated
tittle-tattle,tittle-tattling,tittle-tattled
titubate,titubating,titubated
titwank,titwanking,titwanked
tiver,tivering,tivered
tivo,tivoing,tivoed
to-and-fro,to-and-froing,to-and-froed
toady,toadying,toadied
toast,toasting,toasted
toat,toating,toated
tobeat,tobeating,tobeat
toboggan,tobogganing,tobogganed
tobreak,tobreaking,tobroke
tobruise,tobruising,tobruised
toburst,tobursting,toburst
tocut,tocutting,tocut
tod,todding,todded
todash,todashing,todashed
toddle,toddling,toddled
todraw,todrawing,todrew
todrive,todriving,todrove
toe,toeing,toed
toe-poke,toe-poking,toe-poked
toenail,toenailing,toenailed
toepoke,toepoking,toepoked
tofrush,tofrushing,tofrushed
tog,togging,togged
toggle,toggling,toggled
togo,togoing,towent
togrind,togrinding,toground
tohew,tohewing,tohewed
toil,toiling,toiled
toilet,toileting,toileted
toilet-paper,toilet-papering,toilet-papered
toke,toking,toked
token,tokening,tokened
tokenise,tokenising,tokenised
tokenize,tokenizing,tokenized
tolash,tolashing,tolashed
tole,toling,toled
tolerate,tolerating,tolerated
tolerize,tolerizing,tolerized
toll,tolling,tolled
tolt,tolting,tolted
tolug,tolugging,tolugged
tom,tomming,tommed
tomahawk,tomahawking,tomahawked
tomato,tomatoing,tomatoed
tomb,tombing,tombed
tombstone,tombstoning,tombstoned
tomcat,tomcatting,tomcatted
tone,toning,toned
tong,tonging,tonged
tongue,tonguing,tongued
tongue-lash,tongue-lashing,tongue-lashed
tonguefuck,tonguefucking,tonguefucked
tonicize,tonicizing,tonicized
tonitruate,tonitruating,tonitruated
tonsure,tonsuring,tonsured
tool,tooling,tooled
toom,tooming,toomed
toot,tooting,tooted
tooth,toothing,toothed
toothbrush,toothbrushing,toothbrushed
tootle,tootling,tootled
top,topping,topped
top-drain,top-draining,top-drained
top-dress,top-dressing,top-dressed
top-post,top-posting,top-posted
top-rope,top-roping,top-roped
topdress,topdressing,topdressed
tope,toping,toped
topicalise,topicalising,topicalised
topicalize,topicalizing,topicalized
topinch,topinching,topinched
topline,toplining,toplined
topple,toppling,toppled
topspin,topspinning,topspun
topstitch,topstitching,topstitched
toquake,toquaking,toquaked
toquash,toquashing,toquashed
torace,toracing,toraced
torat,toratting,toratted
torch,torching,torched
torchwork,torchworking,torchworked
torend,torending,torent
torfel,torfeling,torfeled
torit,toritting,torit
torment,tormenting,tormented
torob,torobbing,torobbed
torpedo,torpedoing,torpedoed
torpify,torpifying,torpified
torque,torquing,torqued
torrefy,torrefying,torrefied
torrent,torrenting,torrented
torrify,torrifying,torrified
torture,torturing,tortured
toruffle,toruffling,toruffled
torve,torving,torved
tose,tosing,tosed
tosh,toshing,toshed
toshake,toshaking,toshook
toshear,toshearing,toshore
toshend,toshending,toshent
toshiver,toshivering,toshivered
toslive,tosliving,toslived
tosliver,toslivering,toslivered
tostart,tostarting,tostarted
tosunder,tosundering,tosundered
toswap,toswapping,toswapped
toswink,toswinking,toswank
tot,totting,totted
totalize,totalizing,totalized
tote,toting,toted
totear,totearing,totore
totorve,totorving,totorved
totread,totreading,totrod
totter,tottering,tottered
tottle,tottling,tottled
touch,touching,touched
touch-type,touch-typing,touch-typed
tough,toughing,toughed
toughen,toughening,toughened
tour,touring,toured
touristify,touristifying,touristified
tourney,tourneying,tourneyed
touse,tousing,toused
tousle,tousling,tousled
tout,touting,touted
touze,touzing,touzed
touzle,touzling,touzled
tow,towing,towed
tower,towering,towered
towind,towinding,towound
toxicate,toxicating,toxicated
toy,toying,toyed
toyi-toyi,toyi-toyiing,toyi-toyied
toze,tozing,tozed
trace,tracing,traced
traceroute,tracerouting,tracerouted
tracheotomize,tracheotomizing,tracheotomized
track,tracking,tracked
tract,tracting,tracted
traction,tractioning,tractioned
trade,trading,traded
trademark,trademarking,trademarked
tradition,traditioning,traditioned
traditionalize,traditionalizing,traditionalized
traduce,traducing,traduced
traduct,traducting,traducted
traffic,trafficking,trafficked
traffick,trafficking,trafficked
tragedize,tragedizing,tragedized
tragicize,tragicizing,tragicized
trail,trailing,trailed
trailer,trailering,trailered
train,training,trained
traipse,traipsing,traipsed
traitor,traitoring,traitored
traject,trajecting,trajected
tralineate,tralineating,tralineated
tram,tramming,trammed
tramble,trambling,trambled
trammel,trammelling,trammelled
tramp,tramping,tramped
trample,trampling,trampled
trampoline,trampolining,trampolined
trampoose,trampoosing,trampoosed
trance,trancing,tranced
tranch,tranching,tranched
tranduce,tranducing,tranduced
trank,tranking,tranked
tranq,tranqing,tranqed
tranquilise,tranquilising,tranquilised
tranquilize,tranquilizing,tranquilized
tranquillise,tranquillising,tranquillised
tranquillize,tranquillizing,tranquillized
transact,transacting,transacted
transactivate,transactivating,transactivated
transaminate,transaminating,transaminated
transanimate,transanimating,transanimated
transceive,transceiving,transceived
transcend,transcending,transcended
transcendentalize,transcendentalizing,transcendentalized
transchange,transchanging,transchanged
transclude,transcluding,transcluded
transcode,transcoding,transcoded
transcolate,transcolating,transcolated
transcorporate,transcorporating,transcorporated
transcreate,transcreating,transcreated
transcribe,transcribing,transcribed
transcur,transcurring,transcurred
transcytose,transcytosing,transcytosed
transdialect,transdialecting,transdialected
transdifferentiate,transdifferentiating,transdifferentiated
transduce,transducing,transduced
transect,transecting,transected
transelement,transelementing,transelemented
transesterify,transesterifying,transesterified
transfect,transfecting,transfected
transfenestrate,transfenestrating,transfenestrated
transfer,transferring,transferred
transfigurate,transfigurating,transfigurated
transfigure,transfiguring,transfigured
transfix,transfixing,transfixed
transform,transforming,transformed
transfreight,transfreighting,transfreighted
transfrete,transfreting,transfreted
transfund,transfunding,transfunded
transfuse,transfusing,transfused
transgender,transgendering,transgendered
transglycosylate,transglycosylating,transglycosylated
transgress,transgressing,transgressed
transhape,transhaping,transhaped
tranship,transhipping,transhipped
transhumanize,transhumanizing,transhumanized
transilluminate,transilluminated,transilluminating
transistorize,transistorizing,transistorized
transit,transiting,transited
transition,transitioning,transitioned
transitivize,transitivizing,transitivized
translate,translating,translated
transliterate,transliterating,transliterated
translocate,translocating,translocated
transmeate,transmeating,transmeated
transmetallate,transmetallating,transmetallated
transmethylate,transmethylating,transmethylated
transmew,transmewing,transmewed
transmigrate,transmigrating,transmigrated
transmit,transmitting,transmitted
transmogrify,transmogrifying,transmogrified
transmove,transmoving,transmoved
transmute,transmuting,transmuted
transnature,transnaturing,transnatured
transpare,transparing,transpared
transparentize,transparentizing,transparentized
transpass,transpassing,transpassed
transpeciate,transpeciating,transpeciated
transpierce,transpiercing,transpierced
transpire,transpiring,transpired
transplace,transplacing,transplaced
transplant,transplanting,transplanted
transport,transporting,transported
transpose,transposing,transposed
transprint,transprinting,transprinted
transprose,transprosing,transprosed
transsex,transsexing,transsexed
transshape,transshaping,transshaped
transshift,transshifting,transshifted
transship,transshipping,transshipped
transubstantiate,transubstantiating,transubstantiated
transude,transuding,transuded
transume,transuming,transumed
transvalue,transvaluing,transvalued
transvasate,transvasating,transvasated
transverberate,transverberating,transverberated
transverse,transversing,transversed
transvert,transverting,transverted
transvest,transvesting,transvested
trant,tranting,tranted
trap,trapping,trapped
trapan,trapanning,trapanned
trape,traping,traped
trapes,trapesing,trapesed
trapeze,trapezing,trapezed
trash,trashing,trashed
trash-talk,trash-talking,trash-talked
traumatise,traumatising,traumatised
traumatize,traumatizing,traumatized
traunch,traunching,traunched
traunt,traunting,traunted
travail,travailing,travailed
travell,travelling,travelled
traverse,traversing,traversed
travesty,travestying,travestied
trawl,trawling,trawled
tray,traying,trayed
treadle,treadling,treadled
treasure,treasuring,treasured
treat,treating,treated
treble,trebling,trebled
treck,trecking,trecked
treddle,treddling,treddled
tree,treeing,treed
treeify,treeifying,treeified
trek,trekking,trekked
trellis,trellising,trellised
tremble,trembling,trembled
tremor,tremoring,tremored
tremour,tremouring,tremoured
tremp,tremping,tremped
trench,trenching,trenched
trench-plough,trench-ploughing,trench-ploughed
trench-plow,trench-plowing,trench-plowed
trend,trending,trended
trendify,trendifying,trendified
trephine,trephining,trephined
trespass,trespassing,trespassed
tress,tressing,tressed
triage,triaging,triaged
triangulate,triangulating,triangulated
tribalize,tribalizing,tribalized
tribe,tribing,tribed
tribotest,tribotesting,tribotested
tribulate,tribulating,tribulated
tribute,tributing,tributed
trice,tricing,triced
trichinize,trichinizing,trichinized
trichotomize,trichotomizing,trichotomized
trick,tricking,tricked
trick-or-treat,trick-or-treating,trick-or-treated
trickle,trickling,trickled
triculate,triculating,triculated
tricycle,tricycling,tricycled
trifallow,trifallowing,trifallowed
trifle,trifling,trifled
triforce,triforcing,triforced
trifurcate,trifurcating,trifurcated
trig,trigging,trigged
trigger,triggering,triggered
trike,triking,triked
trill,trilling,trilled
trim,trimming,trimmed
trimerise,trimerising,trimerised
trimerize,trimerizing,trimerized
trimethylate,trimethylating,trimethylated
trindle,trindling,trindled
trine,trining,trined
trinket,trinketing,trinketed
trinketize,trinketizing,trinketized
trinkle,trinkling,trinkled
trip,tripping,tripped
triphthongize,triphthongizing,triphthongized
triple,tripling,tripled
triple-click,triple-clicking,triple-clicked
triplicate,triplicating,triplicated
tripod,tripoding,tripoded
trisect,trisecting,trisected
trist,tristing,tristed
tristitiate,tristitiating,tristitiated
triturate,triturating,triturated
triumph,triumphing,triumphed
trivialise,trivialising,trivialised
trivialize,trivializing,trivialized
troak,troaking,troaked
troat,troating,troated
troble,trobling,trobled
trod,trodding,trodded
Trojan-horse,Trojan-horsing,Trojan-horsed
troke,troking,troked
troll,trolling,trolled
trollop,trolloping,trolloped
tromp,tromping,tromped
troop,trooping,trooped
trope,troping,troped
tropicalize,tropicalizing,tropicalized
tropify,tropifying,tropified
tropologize,tropologizing,tropologized
trosh,troshing,troshed
trot,trotting,trotted
trothplight,trothplighting,trothplighted
trouble,troubling,troubled
troubleshoot,troubleshooting,troubleshot
trough,troughing,troughed
troul,trouling,trouled
trounce,trouncing,trounced
troupe,trouping,trouped
trouser,trousering,trousered
trout,trouting,trouted
trow,trowing,trowed
trowl,trowling,trowled
truant,truanting,truanted
truck,trucking,trucked
truckle,truckling,truckled
trudge,trudging,trudged
true,trueing or truing,trued
true-up,trueing up,trued up
trump,trumping,trumped
trumpet,trumpeting,trumpeted
truncate,truncating,truncated
truncheon,truncheoning,truncheoned
trundle,trundling,trundled
trunk,trunking,trunked
truss,trussing,trussed
trust,trusting,trusted
truth,truthing,truthed
try,trying,tried
trypsinise,trypsinising,trypsinised
trypsinize,trypsinizing,trypsinized
tryst,trysting,trysted
tsk,tsking,tsked
tsktsk,tsktsking,tsktsked
tszuj,tszujing,tszujed
tub,tubbing,tubbed
tube,tubing,tubed
tubthump,tubthumping,tubthumped
tubulate,tubulating,tubulated
tuck,tucking,tucked
tucker,tuckering,tuckered
tuft,tufting,tufted
tug,tugging,tugged
tumb,tumbing,tumbed
tumble,tumbling,tumbled
tumefy,tumefying,tumefied
tump,tumping,tumped
tumulate,tumulating,tumulated
tumult,tumulting,tumulted
tumultuate,tumultuating,tumultuated
tun,tunning,tunned
tune,tuning,tuned
tup,tupping,tupped
TUPE,TUPEing,TUPEd
turbanize,turbanizing,turbanized
turbinate,turbinating,turbinated
turbocharge,turbocharging,turbocharged
turf,turfing,turfed
turgesce,turgescing,turgesced
turkey-trot,turkey-trotting,turkey-trotted
turmoil,turmoiling,turmoiled
turn,turning,turned
turney,turneying,turneyed
turnkey,turnkeying,turnkeyed
turnpike,turnpiking,turnpiked
turntable,turntabling,turntabled
turpentine,turpentining,turpentined
turtle,turtling,turtled
tush,tushing,tushed
tusk,tusking,tusked
tussle,tussling,tussled
tut,tutting,tutted
tut-tut,tut-tutting,tut-tutted
tutor,tutoring,tutored
tutorize,tutorizing,tutorized
tutoy,tutoying,tutoyed
tuxy,tuxying,tuxied
twaddle,twaddling,twaddled
twang,twanging,twanged
twangle,twangling,twangled
twank,twanking,twanked
twat,twatting,twatted
twattle,twattling,twattled
tweag,tweaging,tweaged
tweak,tweaking,tweaked
tweedle,tweedling,tweedled
tween,tweening,tweened
tweep,tweeping,tweeped
tweeze,tweezing,tweezed
tweezer,tweezering,tweezered
twerk,twerking,twerked
twiddle,twiddling,twiddled
twidle,twidling,twidled
twifallow,twifallowing,twifallowed
twig,twigging,twigged
twill,twilling,twilled
twin,twinning,twinned
twine,twining,twined
twinge,twinging,twinged
twink,twinking,twinked
twinkle,twinkling,twinkled
twire,twiring,twired
twirl,twirling,twirled
twist,twisting,twisted
twit,twitting,twitted
twitch,twitching,twitched
twitter,twittering,twittered
twizzle,twizzling,twizzled
two-time,two-timing,two-timed
twonk,twonking,twonked
tyek,tyekin,took
Tylerize,Tylerizing,Tylerized
tympanize,tympanizing,tympanized
tyne,tyning,tyned
type,typing,typed
typeset,typesetting,typeset
typewrite,typewriting,typewrote
typify,typifying,typified
tyrannise,tyrannising,tyrannised
tyrannize,tyrannizing,tyrannized
tyrant,tyranting,tyranted
ubicate,ubicating,ubicated
ubiquitinate,ubiquitinating,ubiquitinated
ubiquitinylate,ubiquitinylating,ubiquitinylated
ubiquitylate,ubiquitylating,ubiquitylated
ug,ugging,ugged
uglify,uglifying,uglified
Ukrainianise,Ukrainianising,Ukrainianised
Ukrainianize,Ukrainianizing,Ukrainianized
ulcerate,ulcerating,ulcerated
ultracentrifuge,ultracentrifuging,ultracentrifuged
ultracrepidate,ultracrepidating,ultracrepidated
ultrasimplify,ultrasimplifying,ultrasimplified
ululate,ululating,ululated
um,umming,ummed
umbecast,umbecasting,umbecast
umbeclap,umbeclapping,umbeclapped
umbedraw,umbedrawing,umbedrew
umbego,umbegoing,umbewent
umbegrip,umbegripping,umbegripped
umbegrippe,umbegripping,umbegripped
umbelap,umbelapping,umbelapped
umbelappe,umbelapping,umbelapped
umbeschew,umbeschewing,umbeschewed
umbeset,umbesetting,umbeset
umbethink,umbethinking,umbethought
umbrage,umbraging,umbraged
umbraid,umbraiding,umbraided
umbrate,umbrating,umbrated
umbrella,umbrellaing,umbrellaed
umcast,umcasting,umcast
umlaut,umlauting,umlauted
umount,umounting,umounted
ump,umping,umped
umpire,umpiring,umpired
umshade,umshading,umshaded
un-break,un-breaking,un-broke
unabandon,unabandoning,unabandoned
unabate,unabating,unabated
unabbreviate,unabbreviating,unabbreviated
unabdicate,unabdicating,unabdicated
unabolish,unabolishing,unabolished
unabort,unaborting,unaborted
unabsolve,unabsolving,unabsolved
unaccent,unaccenting,unaccented
unaccept,unaccepting,unaccepted
unacknowledge,unacknowledging,unacknowledged
unacquaint,unacquainting,unacquainted
unadd,unadding,unadded
unaffiliate,unaffiliating,unaffiliated
unalienate,unalienating,unalienated
unalter,unaltering,unaltered
unanchor,unanchoring,unanchored
unapparel,unapparelling,unapparelled
unappropriate,unappropriating,unappropriated
unarc,unarcing,unarced
unarchive,unarchiving,unarchived
unarm,unarming,unarmed
unassemble,unassembling,unassembled
unassert,unasserting,unasserted
unattire,unattiring,unattired
unauthorize,unauthorizing,unauthorized
unbag,unbagging,unbagged
unbalance,unbalancing,unbalanced
unbale,unbaling,unbaled
unballast,unballasting,unballasted
unban,unbanning,unbanned
unbandage,unbandaging,unbandaged
unbank,unbanking,unbanked
unbar,unbarring,unbarred
unbark,unbarking,unbarked
unbarricade,unbarricading,unbarricaded
unbay,unbaying,unbayed
unbeach,unbeaching,unbeached
unbear,unbearing,unbore
unbeast,unbeasting,unbeasted
unbecome,unbecoming,unbecame
unbed,unbedding,unbedded
unbefool,unbefooling,unbefooled
unbeguile,unbeguiling,unbeguiled
unbelt,unbelting,unbelted
unbend,unbending,unbent
unbenumb,unbenumbing,unbenumbed
unberth,unberthing,unberthed
unbeseem,unbeseeming,unbeseemed
unbespeak,unbespeaking,unbespoke
unbethink,unbethinking,unbethought
unbewitch,unbewitching,unbewitched
unbid,unbidding,unbid
unbind,unbinding,unbound
unbishop,unbishoping,unbishoped
unbit,unbitting,unbitted
unbless,unblessing,unblessed
unblind,unblinding,unblinded
unblindfold,unblindfolding,unblindfolded
unblock,unblocking,unblocked
unblouse,unblousing,unbloused
unblur,unblurring,unblurred
unbody,unbodying,unbodied
unbold,unbolding,unbolded
unbolt,unbolting,unbolted
unbone,unboning,unboned
unbonnet,unbonneting,unbonneted
unbook,unbooking,unbooked
unboot,unbooting,unbooted
unbore,unboring,unbored
unbosom,unbosoming,unbosomed
unbottle,unbottling,unbottled
unbow,unbowing,unbowed
unbox,unboxing,unboxed
unboy,unboying,unboyed
unbrace,unbracing,unbraced
unbracket,unbracketing,unbracketed
unbraid,unbraiding,unbraided
unbrake,unbraking,unbraked
unbreak,unbreaking,unbroke
unbreast,unbreasting,unbreasted
unbreech,unbreeching,unbreeched
unbreed,unbreeding,unbred
unbrick,unbricking,unbricked
unbridle,unbridling,unbridled
unbuckle,unbuckling,unbuckled
unbuild,unbuilding,unbuilt
unbundle,unbundling,unbundled
unbung,unbunging,unbunged
unburden,unburdening,unburdened
unburrow,unburrowing,unburrowed
unburthen,unburthening,unburthened
unbury,unburying,unburied
unbutton,unbuttoning,unbuttoned
uncage,uncaging,uncaged
uncamp,uncamping,uncamped
uncanonize,uncanonizing,uncanonized
uncap,uncapping,uncapped
uncape,uncaping,uncaped
uncapitalise,uncapitalising,uncapitalised
uncapitalize,uncapitalizing,uncapitalized
uncart,uncarting,uncarted
uncase,uncasing,uncased
uncask,uncasking,uncasked
uncastle,uncastling,uncastled
uncenter,uncentering,uncentered
uncentre,uncentring,uncentred
uncentury,uncenturying,uncenturied
unchain,unchaining,unchained
unchamber,unchambering,unchambered
uncharge,uncharging,uncharged
uncharm,uncharming,uncharmed
uncharnel,uncharnelling,uncharnelled
uncheck,unchecking,unchecked
unchild,unchilding,unchilded
unchill,unchilling,unchilled
unchock,unchocking,unchocked
unchoke,unchoking,unchoked
unchoose,unchoosing,unchose
unchristen,unchristening,unchristened
unchristianize,unchristianizing,unchristianized
unchurch,unchurching,unchurched
uncinch,uncinching,uncinched
uncipher,unciphering,unciphered
uncity,uncitying,uncitied
unclamp,unclamping,unclamped
unclasp,unclasping,unclasped
unclench,unclenching,unclenched
unclew,unclewing,unclewed
unclick,unclicking,unclicked
unclinch,unclinching,unclinched
uncling,unclinging,unclung
unclip,unclipping,unclipped
uncloak,uncloaking,uncloaked
unclog,unclogging,unclogged
uncloister,uncloistering,uncloistered
unclose,unclosing,unclosed
unclothe,unclothing,unclothed
uncloud,unclouding,unclouded
unclue,uncluing,unclued
uncluster,unclustering,unclustered
unclutch,unclutching,unclutched
unclutter,uncluttering,uncluttered
uncoach,uncoaching,uncoached
uncock,uncocking,uncocked
uncoil,uncoiling,uncoiled
uncollapse,uncollapsing,uncollapsed
uncollar,uncollaring,uncollared
uncombine,uncombining,uncombined
uncomment,uncommenting,uncommented
uncommit,uncommitting,uncommitted
uncomplicate,uncomplicating,uncomplicated
uncompress,uncompressing,uncompressed
unconcede,unconceding,unconceded
unconfigure,unconfiguring,unconfigured
unconfound,unconfounding,unconfounded
unconfuse,unconfusing,unconfused
uncongeal,uncongealing,uncongealed
unconsecrate,unconsecrating,unconsecrated
unconstrain,unconstraining,unconstrained
uncook,uncooking,uncooked
uncoop,uncooping,uncooped
uncord,uncording,uncorded
uncork,uncorking,uncorked
uncouple,uncoupling,uncoupled
uncover,uncovering,uncovered
uncowl,uncowling,uncowled
uncrate,uncrating,uncrated
uncreate,uncreating,uncreated
uncredit,uncrediting,uncredited
uncrinkle,uncrinkling,uncrinkled
uncrook,uncrooking,uncrooked
uncross,uncrossing,uncrossed
uncrown,uncrowning,uncrowned
uncrumple,uncrumpling,uncrumpled
uncrunch,uncrunching,uncrunched
uncrystallize,uncrystallizing,uncrystallized
unct,uncting,uncted
uncuff,uncuffing,uncuffed
uncunt,uncunting,uncunted
uncup,uncupping,uncupped
uncurb,uncurbing,uncurbed
uncurl,uncurling,uncurled
uncurry,uncurrying,uncurried
uncurse,uncursing,uncursed
uncurtain,uncurtaining,uncurtained
uncypher,uncyphering,uncyphered
undam,undamming,undammed
undeaf,undeafing,undeafed
undeafen,undeafening,undeafened
undeceave,undeceaving,undeceaved
undeceive,undeceiving,undeceived
undecide,undeciding,undecided
undeck,undecking,undecked
undeclare,undeclaring,undeclared
undecorate,undecorating,undecorated
undefine,undefining,undefined
undeify,undeifying,undeified
undelete,undeleting,undeleted
undemocratise,undemocratising,undemocratised
undemocratize,undemocratizing,undemocratized
under-approximate,under-approximating,under-approximated
underachieve,underachieving,underachieved
underact,underacting,underacted
underaid,underaiding,underaided
underapply,underapplying,underapplied
underappreciate,underappreciating,underappreciated
underapproximate,underapproximating,underapproximated
underbake,underbaking,underbaked
underbear,underbearing,"underbore, underbare"
underbet,underbetting,underbet
underbid,underbidding,underbid
underbill,underbilling,underbilled
underbind,underbinding,underbound
underboil,underboiling,underboiled
underbook,underbooking,underbooked
underbrace,underbracing,underbraced
underbring,underbringing,underbrought
underbudget,underbudgeting,underbudgeted
underbuild,underbuilding,underbuilt
underbuy,underbuying,underbought
undercalculate,undercalculating,undercalculated
undercapitalize,undercapitalizing,undercapitalized
undercast,undercasting,undercast
undercharge,undercharging,undercharged
underclaim,underclaiming,underclaimed
underclock,underclocking,underclocked
undercoat,undercoating,undercoated
undercome,undercoming,undercame
undercompensate,undercompensating,undercompensated
undercook,undercooking,undercooked
undercool,undercooling,undercooled
undercount,undercounting,undercounted
undercrank,undercranking,undercranked
undercry,undercrying,undercried
undercut,undercutting,undercut
underdeliver,underdelivering,underdelivered
underdetermine,underdetermining,underdetermined
underdevelop,underdeveloping,underdeveloped
underdig,underdigging,underdug
underdo,underdoing,underdid
underdope,underdoping,underdoped
underdose,underdosing,underdosed
underdrag,underdragging,underdragged
underdrain,underdraining,underdrained
underdraw,underdrawing,underdrew
underdress,underdressing,underdressed
underearn,underearning,underearned
undereat,undereating,underate
underemphasize,underemphasizing,underemphasized
underenforce,underenforcing,underenforced
underestimate,underestimating,underestimated
underexaggerate,underexaggerating,underexaggerated
underexercise,underexercising,underexercised
underexplain,underexplaining,underexplained
underexpose,underexposing,underexposed
underextend,underextending,underextended
underfang,underfanging,underfanged
underfeed,underfeeding,underfed
underfill,underfilling,underfilled
underfinance,underfinancing,underfinanced
underfit,underfitting,underfitted
underflow,underflowing,underflowed
underfong,underfonging,underfonged
underfund,underfunding,underfunded
underfurnish,underfurnishing,underfurnished
underfurrow,underfurrowing,underfurrowed
undergeneralize,undergeneralizing,undergeneralized
underget,undergetting,undergot
undergird,undergirding,undergirded
undergo,undergoing,underwent
undergoe,undergoing,underwent
underground,undergrounding,undergrounded
undergrow,undergrowing,undergrew
undergrub,undergrubbing,undergrubbed
underguess,underguessing,underguessed
underguesstimate,underguesstimating,underguesstimated
underhang,underhanging,underhung
underheat,underheating,underheated
underhold,underholding,underheld
underhole,underholing,underholed
underhydrate,underhydrating,underhydrated
underinflate,underinflating,underinflated
underinsulate,underinsulating,underinsulated
underinsure,underinsuring,underinsured
underinvest,underinvesting,underinvested
underkeep,underkeeping,underkept
underlap,underlapping,underlapped
underlay,underlaying,underlaid
underlead,underleading,underled
underlet,underletting,underlet
underlie,underlying,underlay
underline,underlining,underlined
underlive,underliving,underlived
underload,underloading,underloaded
underlook,underlooking,underlooked
underly,underlying,underlay
undermaintain,undermaintaining,undermaintained
undermanage,undermanaging,undermanaged
undermilk,undermilking,undermilked
undermine,undermining,undermined
undermix,undermixing,undermixed
undernourish,undernourishing,undernourished
underoil,underoiling,underoiled
underorder,underordering,underordered
underpackage,underpackaging,underpackaged
underpay,underpaying,underpaid
underpeep,underpeeping,underpeeped
underperceive,underperceiving,underperceived
underperform,underperforming,underperformed
underpin,underpinning,underpinned
underplant,underplanting,underplanted
underplate,underplating,underplated
underplay,underplaying,underplayed
underpour,underpouring,underpoured
underpower,underpowering,underpowered
underpraise,underpraising,underpraised
underpredict,underpredicting,underpredicted
underprescribe,underprescribing,underprescribed
underprice,underpricing,underpriced
underprioritize,underprioritizing,underprioritized
underprize,underprizing,underprized
underprocess,underprocessing,underprocessed
underproduce,underproducing,underproduced
underpromise,underpromising,underpromised
underpromote,underpromoting,underpromoted
underprop,underpropping,underpropped
underprovision,underprovisioning,underprovisioned
underpull,underpulling,underpulled
underpush,underpushing,underpushed
underput,underputting,underput
underquote,underquoting,underquoted
underrate,underrating,underrated
underreach,underreaching,underreached
underreact,underreacting,underreacted
underread,underreading,underread
underreckon,underreckoning,underreckoned
underrecognize,underrecognizing,underrecognized
underrecruit,underrecruiting,underrecruited
underregulate,underregulating,underregulated
underreport,underreporting,underreported
underrepresent,underrepresenting,underrepresented
underrotate,underrotating,underrotated
underruff,underruffing,underruffed
underrun,underrunning,underran
undersalt,undersalting,undersalted
undersample,undersampling,undersampled
undersave,undersaving,undersaved
undersay,undersaying,undersaid
underscore,underscoring,underscored
underseal,undersealing,undersealed
undersee,underseeing,undersaw
underseek,underseeking,undersought
undersell,underselling,undersold
undersend,undersending,undersent
underserve,underserving,underserved
underset,undersetting,underset
undershoot,undershooting,undershot
undersign,undersigning,undersigned
undersleep,undersleeping,underslept
undersling,underslinging,underslung
undersow,undersowing,undersowed
underspecify,underspecifying,underspecified
underspend,underspending,underspent
understaff,understaffing,understaffed
understand,understanding,understood
understate,understating,understated
understaund,understaunding,understaunded
understeer,understeering,understeered
understimulate,understimulating,understimulated
understitch,understitching,understitched
understock,understocking,understocked
understroke,understroking,understroked
understudy,understudying,understudied
undersupply,undersupplying,undersupplied
undersupport,undersupporting,undersupported
undertake,undertaking,undertook
underteach,underteaching,undertaught
underthink,underthinking,underthought
underthrow,underthrowing,underthrew
undertip,undertipping,undertipped
undertow,undertowing,undertowed
undertreat,undertreating,undertreated
undertrump,undertrumping,undertrumped
underturn,underturning,underturned
underuse,underusing,underused
underutilize,underutilizing,underutilized
undervalue,undervaluing,undervalued
underwater,underwatering,underwatered
underween,underweening,underweened
underweight,underweighting,underweighted
underwhelm,underwhelming,underwhelmed
underwind,underwinding,underwound
underwire,underwiring,underwired
underwise,underwising,underwised
underwork,underworking,underworked
underwrite,underwriting,underwrote
underyoke,underyoking,underyoked
undeserve,undeserving,undeserved
undight,undighting,undighted
undignify,undignifying,undignified
undirect,undirecting,undirected
undisclose,undisclosing,undisclosed
undislocate,undislocating,undislocated
undivert,undiverting,undiverted
undo,undoing,undid
undock,undocking,undocked
undog,undogging,undogged
undomesticate,undomesticating,undomesticated
undouble,undoubling,undoubled
undrape,undraping,undraped
undraw,undrawing,undrew
undream,undreaming,undreamed
undress,undressing,undressed
unduke,unduking,unduked
undulate,undulating,undulated
undull,undulling,undulled
undumpish,undumpishing,undumpished
undust,undusting,undusted
unearth,unearthing,unearthed
unedge,unedging,unedged
unelect,unelecting,unelected
unembed,unembedding,unembedded
unencode,unencoding,unencoded
unencrypt,unencrypting,unencrypted
unencumber,unencumbering,unencumbered
unenroll,unenrolling,unenrolled
unentangle,unentangling,unentangled
unequip,unequipping,unequipped
unerase,unerasing,unerased
unescape,unescaping,unescaped
unestablish,unestablishing,unestablished
unexecute,unexecuting,unexecuted
unface,unfacing,unfaced
unfang,unfanging,unfanged
unfast,unfasting,unfasted
unfasten,unfastening,unfastened
unfavorite,unfavoriting,unfavorited
unfeather,unfeathering,unfeathered
unfellow,unfellowing,unfellowed
unfence,unfencing,unfenced
unfetter,unfettering,unfettered
unfeudalize,unfeudalizing,unfeudalized
unfile,unfiling,unfiled
unfill,unfilling,unfilled
unfist,unfisting,unfisted
unfit,unfitting,unfitted
unfix,unfixing,unfixed
unflag,unflagging,unflagged
unflatten,unflattening,unflattened
unflesh,unfleshing,unfleshed
unflex,unflexing,unflexed
unfold,unfolding,unfolded
unfolde,unfolding,unfolded
unfollow,unfollowing,unfollowed
unfool,unfooling,unfooled
unform,unforming,unformed
unformat,unformatting,unformatted
unframe,unframing,unframed
unfreeze,unfreezing,unfroze
unfrequent,unfrequenting,unfrequented
unfret,unfretting,unfretted
unfriend,unfriending,unfriended
unfrock,unfrocking,unfrocked
unfuck,unfucking,unfucked
unfurl,unfurling,unfurled
unfurnish,unfurnishing,unfurnished
unfurrow,unfurrowing,unfurrowed
ungag,ungagging,ungagged
ungarble,ungarbling,ungarbled
ungear,ungearing,ungeared
ungender,ungendering,ungendered
unget,ungetting,ungot
ungird,ungirding,ungirded
ungive,ungiving,ungave
unglaze,unglazing,unglazed
unglorify,unglorifying,unglorified
unglove,ungloving,ungloved
unglue,ungluing or unglueing,unglued
ungod,ungodding,ungodded
ungown,ungowning,ungowned
ungrab,ungrabbing,ungrabbed
ungrace,ungracing,ungraced
ungrave,ungraving,ungraved
ungrease,ungreasing,ungreased
unground,ungrounding,ungrounded
ungroup,ungrouping,ungrouped
unguard,unguarding,unguarded
unguilt,unguilting,unguilted
unhair,unhairing,unhaired
unhallow,unhallowing,unhallowed
unhand,unhanding,unhanded
unhandcuff,unhandcuffing,unhandcuffed
unhang,unhanging,unhung
unhappen,unhappening,unhappened
unharbor,unharboring,unharbored
unharbour,unharbouring,unharboured
unharden,unhardening,unhardened
unharness,unharnessing,unharnessed
unhash,unhashing,unhashed
unhasp,unhasping,unhasped
unhat,unhatting,unhatted
unhate,unhating,unhated
unhead,unheading,unheaded
unheart,unhearting,unhearted
unhele,unheling,unheled
unhelm,unhelming,unhelmed
unhelmet,unhelmeting,unhelmeted
unhem,unhemming,unhemmed
unhex,unhexing,unhexed
unhide,unhiding,unhid
unhill,unhilling,unhilled
unhinge,unhinging,unhinged
unhitch,unhitching,unhitched
unhive,unhiving,unhived
unhoard,unhoarding,unhoarded
unhobble,unhobbling,unhobbled
unhold,unholding,unheld
unholster,unholstering,unholstered
unhood,unhooding,unhooded
unhook,unhooking,unhooked
unhoop,unhooping,unhooped
unhorse,unhorsing,unhorsed
unhouse,unhousing,unhoused
unhug,unhugging,unhugged
unhumanize,unhumanizing,unhumanized
unhunch,unhunching,unhunched
unhusk,unhusking,unhusked
unhyphenate,unhyphenating,unhyphenated
unicast,unicasting,unicasted
unicycle,unicycling,unicycled
uniform,uniforming,uniformed
uniformise,uniformising,uniformised
uniformize,uniformizing,uniformized
unify,unifying,unified
unignore,unignoring,unignored
unimagine,unimagining,unimagined
unimpale,unimpaling,unimpaled
unindent,unindenting,unindented
uninspire,uninspiring,uninspired
uninstall,uninstalling,uninstalled
uninvent,uninventing,uninvented
uninvite,uninviting,uninvited
unionise,unionising,unionised
unionize,unionizing,unionized
uniquify,uniquifying,uniquified
unitarianize,unitarianizing,unitarianized
unite,uniting,united
unitise,unitising,unitised
unitize,unitizing,unitized
universalise,universalising,universalised
universalize,universalizing,universalized
unjam,unjamming,unjammed
unjinx,unjinxing,unjinxed
unjoin,unjoining,unjoined
unjoint,unjointing,unjointed
unkennel,unkenneling,unkenneled
unkey,unkeying,unkeyed
unkill,unkilling,unkilled
unking,unkinging,unkinged
unkink,unkinking,unkinked
unkiss,unkissing,unkissed
unknight,unknighting,unknighted
unknit,unknitting,unknitted
unknot,unknotting,unknotted
unknow,unknowing,unknew
unlace,unlacing,unlaced
unlade,unlading,unladed
unlap,unlapping,unlapped
unlash,unlashing,unlashed
unlatch,unlatching,unlatched
unlaugh,unlaughing,unlaughed
unlaw,unlawing,unlawed
unlay,unlaying,unlaid
unleaf,unleafing,unleafed
unlearn,unlearning,unlearned
unleash,unleashing,unleashed
unleave,unleaving,unleaved
unlike,unliking,unliked
unliken,unlikening,unlikened
unlimber,unlimbering,unlimbered
unline,unlining,unlined
unlink,unlinking,unlinked
unlist,unlisting,unlisted
unlive,unliving,unlived
unload,unloading,unloaded
unlock,unlocking,unlocked
unlodge,unlodging,unlodged
unloop,unlooping,unlooped
unloose,unloosing,unloosed
unloosen,unloosening,unloosened
unlord,unlording,unlorded
unlove,unloving,unloved
unlute,unluting,unluted
unmagistrate,unmagistrating,unmagistrated
unmaiden,unmaidening,unmaidened
unmake,unmaking,unmade
unman,unmanning,unmanned
unmanacle,unmanacling,unmanacled
unmangle,unmangling,unmangled
unmantle,unmantling,unmantled
unmap,unmapping,unmapped
unmark,unmarking,unmarked
unmarry,unmarrying,unmarried
unmasculate,unmasculating,unmasculated
unmask,unmasking,unmasked
unmasque,unmasquing,unmasqued
unmast,unmasting,unmasted
unmatch,unmatching,unmatched
unmaximize,unmaximizing,unmaximized
unmember,unmembering,unmembered
unmerge,unmerging,unmerged
unmew,unmewing,unmewed
unmingle,unmingling,unmingled
unminimize,unminimizing,unminimized
unmitre,unmitring,unmitred
unmix,unmixing,unmixed
unmold,unmolding,unmolded
unmonopolize,unmonopolizing,unmonopolized
unmoor,unmooring,unmoored
unmortgage,unmortgaging,unmortgaged
unmotivate,unmotivating,unmotivated
unmould,unmoulding,unmoulded
unmount,unmounting,unmounted
unmuffle,unmuffling,unmuffled
unmute,unmuting,unmuted
unmuzzle,unmuzzling,unmuzzled
unnail,unnailing,unnailed
unnaturalize,unnaturalizing,unnaturalized
unnature,unnaturing,unnatured
unnecessitate,necessitating,necessitated
unnerstand,unnerstanding,unnerstood
unnerve,unnerving,unnerved
unnest,unnesting,unnested
unnestle,unnestling,unnestled
unnormalize,unnormalizing,unnormalized
unnun,unnunning,unnunned
unobscure,unobscuring,unobscured
unoil,unoiling,unoiled
unorder,unordering,unordered
unown,unowning,unowned
unpack,unpacking,unpacked
unpackage,unpackaging,unpackaged
unpadlock,unpadlocking,unpadlocked
unpaganize,unpaganizing,unpaganized
unpaint,unpainting,unpainted
unpannel,unpannelling,unpannelled
unparadise,unparadising,unparadised
unparent,unparenting,unparented
unpark,unparking,unparked
unparse,unparsing,unparsed
unpaunch,unpaunching,unpaunched
unpause,unpausing,unpaused
unpay,unpaying,unpaid
unpeel,unpeeling,unpeeled
unpeg,unpegging,unpegged
unpen,unpenning,unpenned
unpeople,unpeopling,unpeopled
unperfect,unperfecting,unperfected
unperplex,unperplexing,unperplexed
unpersist,unpersisting,unpersisted
unphilosophize,unphilosophizing,unphilosophized
unpick,unpicking,unpicked
unpickle,unpickling,unpickled
unpiece,unpiecing,unpieced
unpin,unpinning,unpinned
unpinion,unpinioning,unpinioned
unpivot,unpivoting,unpivoted
unplait,unplaiting,unplaited
unplan,unplanning,unplanned
unplat,unplatting,unplatted
unpleat,unpleating,unpleated
unplonk,unplonking,unplonked
unplug,unplugging,unplugged
unplume,unpluming,unplumed
unpoison,unpoisoning,unpoisoned
unpolish,unpolishing,unpolished
unpope,unpoping,unpoped
unpopularise,unpopularising,unpopularised
unpopularize,unpopularizing,unpopularized
unpossess,unpossessing,unpossessed
unpot,unpotting,unpotted
unpray,unpraying,unprayed
unpreach,unpreaching,unpreached
unpredict,unpredicting,unpredicted
unpriest,unpriesting,unpriested
unprison,unprisoning,unprisoned
unprofessionalise,unprofessionalising,unprofessionalised
unprofessionalize,unprofessionalizing,unprofessionalized
unpromise,unpromising,unpromised
unproof,unproofing,unproofed
unprop,unpropping,unpropped
unproselyte,unproselyting,unproselyted
unprotect,unprotecting,unprotected
unprotestantize,unprotestantizing,unprotestantized
unprovide,unproviding,unprovided
unpublish,unpublishing,unpublished
unpucker,unpuckering,unpuckered
unpunctuate,unpunctuating,unpunctuated
unpurse,unpursing,unpursed
unpuzzle,unpuzzling,unpuzzled
unqualify,unqualifying,unqualified
unqueen,unqueening,unqueened
unquench,unquenching,unquenched
unquiet,unquieting,unquieted
unrack,unracking,unracked
unrate,unrating,unrated
unrealize,unrealizing,unrealized
unreason,unreasoning,unreasoned
unreave,unreaving,unreaved
unrecognize,unrecognizing,unrecognized
unrecommend,unrecommending,unrecommended
unrecord,unrecording,unrecorded
unreel,unreeling,unreeled
unreeve,unreeving,unreeved
unregister,unregistering,unregistered
unrein,unreining,unreined
unrelate,unrelating,unrelated
unretire,unretiring,unretired
unrhyme,unrhyming,unrhymed
unriddle,unriddling,unriddled
unrig,unrigging,unrigged
unright,unrighting,unrighted
unring,unringing,unrung
unrip,unripping,unripped
unrivet,unriveting,unriveted
unrobe,unrobing,unrobed
unroll,unrolling,unrolled
unroof,unroofing,unroofed
unroost,unroosting,unroosted
unroot,unrooting,unrooted
unrope,unroping,unroped
unround,unrounding,unrounded
unruffle,unruffling,unruffled
unrug,unrugging,unrugged
unrumple,unrumpling,unrumpled
unsadden,unsaddening,unsaddened
unsaddle,unsaddling,unsaddled
unsaint,unsainting,unsainted
unsanctify,unsanctifying,unsanctified
unsay,unsaying,unsaid
unscale,unscaling,unscaled
unschedule,unscheduling,unscheduled
unscramble,unscrambling,unscrambled
unscreen,unscreening,unscreened
unscrew,unscrewing,unscrewed
unscroll,unscrolling,unscrolled
unseal,unsealing,unsealed
unseam,unseaming,unseamed
unseason,unseasoning,unseasoned
unseat,unseating,unseated
unsecret,unsecreting,unsecreted
unsecularize,unsecularizing,unsecularized
unsee,unseeing,unsaw
unseel,unseeling,unseeled
unselect,unselecting,unselected
unsell,unselling,unsold
unsensualize,unsensualizing,unsensualized
unserialize,unserializing,unserialized
unset,unsetting,unset
unsettle,unsettling,unsettled
unseven,unsevening,unsevened
unsew,unsewing,unsewed
unsex,unsexing,unsexed
unshackle,unshackling,unshackled
unshade,unshading,unshaded
unshadow,unshadowing,unshadowed
unshale,unshaling,unshaled
unshare,unsharing,unshared
unsharpen,unsharpening,unsharpened
unsheath,unsheathing,unsheathed
unsheathe,unsheathing,unsheathed
unshell,unshelling,unshelled
unshelve,unshelving,unshelved
unsheriff,unsheriffing,unsheriffed
unshift,unshifting,unshifted
unship,unshipping,unshipped
unshoe,unshoeing,unshoed
unshot,unshotting,unshotted
unshoulder,unshouldering,unshouldered
unshroud,unshrouding,unshrouded
unshut,unshutting,unshut
unshutter,unshuttering,unshuttered
unsign,unsigning,unsigned
unsilence,unsilencing,unsilenced
unsin,unsinning,unsinned
unsinew,unsinewing,unsinewed
unsister,unsistering,unsistered
unsling,unslinging,unslung
unsluice,unsluicing,unsluiced
unsnag,unsnagging,unsnagged
unsnap,unsnapping,unsnapped
unsnarl,unsnarling,unsnarled
unsnib,unsnibbing,unsnibbed
unsocket,unsocketing,unsocketed
unsolder,unsoldering,unsoldered
unsolemnize,unsolemnizing,unsolemnized
unsolve,unsolving,unsolved
unsoul,unsouling,unsouled
unspar,unsparring,unsparred
unspeak,unspeaking,unspoke
unspell,unspelling,unspelled
unsphere,unsphering,unsphered
unspike,unspiking,unspiked
unspin,unspinning,unspun
unspirit,unspiriting,unspirited
unspiritualize,unspiritualizing,unspiritualized
unspit,unspitting,unspitted
unspool,unspooling,unspooled
unsqueeze,unsqueezing,unsqueezed
unstabilize,unstabilizing,unstabilized
unstack,unstacking,unstacked
unstaple,unstapling,unstapled
unstar,unstarring,unstarred
unstarch,unstarching,unstarched
unstate,unstating,unstated
unstay,unstaying,unstayed
unsteady,unsteadying,unsteadied
unsteel,unsteeling,unsteeled
unstep,unstepping,unstepped
unstick,unsticking,unstuck
unstiffen,unstiffening,unstiffened
unsting,unstinging,unstinged
unstink,unstinking,unstinked
unstitch,unstitching,unstitched
unstock,unstocking,unstocked
unstop,unstopping,unstopped
unstopper,unstoppering,unstoppered
unstow,unstowing,unstowed
unstrain,unstraining,unstrained
unstrand,unstranding,unstranded
unstrap,unstrapping,unstrapped
unstress,unstressing,unstressed
unstring,unstringing,unstrung
unstuff,unstuffing,unstuffed
unsub,unsubbing,unsubbed
unsubclass,unsubclassing,unsubclassed
unsubscribe,unsubscribing,unsubscribed
unsuit,unsuiting,unsuited
unsully,unsullying,unsullied
unswaddle,unswaddling,unswaddled
unswathe,unswathing,unswathed
unswear,unswearing,unswore
unsweat,unsweating,unsweated
unsweeten,unsweetening,unsweetened
unswell,unswelling,unswelled
unswirl,unswirling,unswirled
unswizzle,unswizzling,unswizzled
untabify,untabifying,untabified
untack,untacking,untacked
untackle,untackling,untackled
untag,untagging,untagged
untangle,untangling,untangled
untank,untanking,untanked
untaste,untasting,untasted
unteach,unteaching,untaught
unteam,unteaming,unteamed
untell,untelling,untold
untemper,untempering,untempered
untenant,untenanting,untenanted
untent,untenting,untented
untether,untethering,untethered
unthaw,unthawing,unthawed
unthink,unthinking,unthought
unthread,unthreading,unthreaded
unthrone,unthroning,unthroned
untick,unticking,unticked
untie,untying,untied
untighten,untightening,untightened
untile,untiling,untiled
untomb,untombing,untombed
untongue,untonguing,untongued
untrain,untraining,untrained
untrammel,untrammelling,untrammelled
untrap,untrapping,untrapped
untread,untreading,untrod
untreasure,untreasuring,untreasured
untruck,untrucking,untrucked
untruss,untrussing,untrussed
untuck,untucking,untucked
untune,untuning,untuned
unturn,unturning,unturned
untwine,untwining,untwined
untwirl,untwirling,untwirled
untwist,untwisting,untwisted
unty,untying,untyed
unvail,unvailing,unvailed
unveil,unveiling,unveiled
unvessel,unvesseling,unvesseled
unvicar,unvicaring,unvicared
unvisard,unvisarding,unvisarded
unvizard,unvizarding,unvizarded
unvote,unvoting,unvoted
unvulgarize,unvulgarizing,unvulgarized
unwad,unwadding,unwadded
unwarm,unwarming,unwarmed
unwarp,unwarping,unwarped
unwatch,unwatching,unwatched
unwater,unwatering,unwatered
unweave,unweaving,unwove
unweight,unweighting,unweighted
unwill,unwilling,unwilled
unwind,unwinding,unwound
unwire,unwiring,unwired
unwish,unwishing,unwished
unwit,unwitting,unwitted
unwitch,unwitching,unwitched
unwoman,unwomaning,unwomaned
unwonder,unwondering,unwondered
unwork,unworking,unworked
unworship,unworshipping,unworshipped
unwrap,unwrapping,unwrapped
unwreathe,unwreathing,unwreathed
unwriggle,unwriggling,unwriggled
unwrinkle,unwrinkling,unwrinkled
unwrite,unwriting,unwrote
unyoke,unyoking,unyoked
unzip,unzipping,unzipped
unzipper,unzippering,unzippered
up,upping,upped
up-end,up-ending,up-ended
up-plow,up-plowing,up-plowed
up-regulate,up-regulating,up-regulated
upbar,upbarring,upbarred
upbear,upbearing,upbore
upbind,upbinding,upbound
upblow,upblowing,upblew
upboil,upboiling,upboiled
upbraid,upbraiding,upbraided
upbray,upbraying,upbrayed
upbreak,upbreaking,upbroke
upbreathe,upbreathing,upbreathed
upbreed,upbreeding,upbred
upbring,upbringing,upbrought
upcheer,upcheering,upcheered
upchuck,upchucking,upchucked
upclimb,upclimbing,upclimbed
upclock,upclocking,upclocked
upcoil,upcoiling,upcoiled
upcome,upcoming,upcame
upconvert,upconverting,upconverted
upcurl,upcurling,upcurled
upcycle,upcycling,upcycled
update,updating,updated
updraw,updrawing,updrew
upend,upending,upended
upfault,upfaulting,upfaulted
upfill,upfilling,upfilled
upflow,upflowing,upflowed
upfront,upfronting,upfronted
upgather,upgathering,upgathered
upgaze,upgazing,upgazed
upgive,upgiving,upgave
upgrade,upgrading,upgraded
upgrow,upgrowing,upgrew
upgush,upgushing,upgushed
uphang,uphanging,uphung
uphaul,uphauling,uphauled
upheap,upheaping,upheaped
uphelm,uphelming,uphelmed
uphilt,uphilting,uphilted
uphoard,uphoarding,uphoarded
uphoist,uphoisting,uphoisted
uphold,upholding,upheld
upholster,upholstering,upholstered
uphurl,uphurling,uphurled
upkeep,upkeeping,upkeeped
uplay,uplaying,uplaid
uplead,upleading,upled
uplean,upleaning,upleant
uplift,uplifting,uplifted
uplink,uplinking,uplinked
upload,uploading,uploaded
uplock,uplocking,uplocked
uplook,uplooking,uplooked
upmodulate,upmodulating,upmodulated
uppercut,uppercutting,uppercut
uppile,uppiling,uppiled
upprop,uppropping,uppropped
upraise,upraising,upraised
uprate,uprating,uprated
uprear,uprearing,upreared
upregulate,upregulating,upregulated
uprise,uprising,uprose
uproar,uproaring,uproared
uproll,uprolling,uprolled
uproot,uprooting,uprooted
uprouse,uprousing,uproused
uprun,uprunning,upran
uprush,uprushing,uprushed
upsample,upsampling,upsampled
upscale,upscaling,upscaled
upseek,upseeking,upsought
upsell,upselling,upsold
upsend,upsending,upsent
upsert,upserting,upserted
upset,upsetting,upset
upshift,upshifting,upshifted
upshoot,upshooting,upshot
upsize,upsizing,upsized
upskill,upskilling,upskilled
upskirt,upskirting,upskirted
upsnatch,upsnatching,upsnatched
upsoar,upsoaring,upsoared
upsolve,upsolving,upsolved
upsot,upsotting,upsot
upspeak,upspeaking,upspoke
upstage,upstaging,upstaged
upstand,upstanding,upstood
upstare,upstaring,upstared
upstart,upstarting,upstarted
upstartle,upstartling,upstartled
upstay,upstaying,upstayed
upstir,upstirring,upstirred
upsurge,upsurging,upsurged
upswarm,upswarming,upswarmed
upsway,upswaying,upswayed
upsweep,upsweeping,upswept
upswell,upswelling,upswelled
uptake,uptook,uptaking
uptalk,uptalking,uptalked
uptear,uptearing,uptore
upthrow,upthrowing,upthrew
upthrust,upthrusting,upthrusted
upthunder,upthundering,upthundered
uptie,uptying,uptied
uptilt,uptilting,uptilted
uptoss,uptossing,uptossed
uptrain,uptraining,uptrained
upturn,upturning,upturned
upvalue,upvaluing,upvalued
upvote,upvoting,upvoted
upwaft,upwafting,upwafted
upwell,upwelling,upwelled
upwhirl,upwhirling,upwhirled
upwreath,upwreathing,upwreathed
upyield,upyielding,upyielded
upzone,upzoning,upzoned
urbanise,urbanising,urbanised
urbanize,urbanizing,urbanized
ure,uring,ured
urge,urging,urged
uridylate,uridylating,uridylated
urinate,urinating,urinated
urticate,urticating,urticated
use,using,used
ush,ushing,ushed
usher,ushering,ushered
usurp,usurping,usurped
utilise,utilising,utilised
utilize,utilizing,utilized
utter,uttering,uttered
uudecode,uudecoding,uudecoded
uuencode,uuencoding,uuencoded
uvularize,uvularizing,uvularized
vac,vacking,vacked
vacate,vacating,vacated
vacation,vacationing,vacationed
vaccinate,vaccinating,vaccinated
vacillate,vacillating,vacillated
vacuate,vacuating,vacuated
vacuum,vacuuming,vacuumed
vacuum-clean,vacuum-cleaning,vacuum-cleaned
vada,vadaing,vadaed
vade,vading,vaded
vagabond,vagabonding,vagabonded
vagabondize,vagabondizing,vagabondized
vague,vaguing,vagued
vail,vailing,vailed
vajazzle,vajazzling,vajazzled
valet,valeting,valeted
validate,validating,validated
validify,validifying,validified
valorise,valorising,valorised
valorize,valorizing,valorized
valourise,valourising,valourised
valourize,valourizing,valourized
valuate,valuating,valuated
value,valuing,valued
valve,valving,valved
vamoose,vamoosing,vamoosed
vamose,vamosing,vamosed
vamp,vamping,vamped
vamper,vampering,vampered
vampirise,vampirising,vampirised
vampirize,vampirizing,vampirized
van,vanning,vanned
vandalise,vandalising,vandalised
vandalize,vandalizing,vandalized
vandyke,vandyking,vandyked
vang,vanging,vanged
vanillafy,vanillafying,vanillafied
vanish,vanishing,vanished
vanitize,vanitizing,vanitized
vanpool,vanpooling,vanpooled
vanquish,vanquishing,vanquished
vant,vanting,vanted
vantage,vantaging,vantaged
vape,vaping,vaped
vapor,vaporing,vapored
vaporate,vaporating,vaporated
vaporise,vaporising,vaporised
vaporize,vaporizing,vaporized
vapour,vapouring,vapoured
vapulate,vapulating,vapulated
variate,variating,variated
variegate,variegating,variegated
varify,varifying,varified
variolate,variolating,variolated
varnish,varnishing,varnished
vary,varying,varied
vasal,vasalling,vasalled
vascularize,vascularizing,vascularized
vasectomise,vasectomising,vasectomised
vasectomize,vasectomizing,vasectomized
vaseline,vaselining,vaselined
vasodilate,vasodilating,vasodilated
vassal,vassalling,vassalled
vat,vatting,vatted
vaticinate,vaticinating,vaticinated
vault,vaulting,vaulted
vaunce,vauncing,vaunced
vaunt,vaunting,vaunted
vaut,vauting,vauted
vector,vectoring,vectored
vectorise,vectorising,vectorised
vectorize,vectorizing,vectorized
veejay,veejaying,veejayed
veel,veeling,veeled
veer,veering,veered
veg,vegging,vegged
vegetate,vegetating,vegetated
vegetize,vegetizing,vegetized
vehiculate,vehiculating,vehiculated
veil,veiling,veiled
velarise,velarising,velarised
velarize,velarizing,velarized
velcome,velcoming,velcomed
Velcro,Velcroing,Velcroed
vell,velling,velled
vellicate,vellicating,vellicated
velvet,velveting,velveted
vend,vending,vended
venditate,venditating,venditated
veneer,veneering,veneered
venenate,venenating,venenated
venerate,venerating,venerated
venesect,venesecting,venesected
venom,venoming,venomed
vent,venting,vented
ventilate,ventilating,ventilated
ventouse,ventousing,ventoused
ventralize,ventralizing,ventralized
ventriloquize,ventriloquizing,ventriloquized
venture,venturing,ventured
ventuse,ventusing,ventused
verb,verbing,verbed
verbal,verballing,verballed
verbalise,verbalising,verbalised
verbalize,verbalizing,verbalized
verberate,verberating,verberated
verbify,verbifying,verbified
verbigerate,verbigerating,verbigerated
verbize,verbizing,verbized
verdigris,verdigrising,verdigrised
verge,verging,verged
verify,verifying,verified
verlanize,verlanizing,verlanized
vermicompost,vermicomposting,vermicomposted
vermiculate,vermiculating,vermiculated
vermilion,vermilioning,vermilioned
verminate,verminating,verminated
vernacularize,vernacularizing,vernacularized
vernalize,vernalizing,vernalized
vernish,vernishing,vernished
verse,versing,versed
versify,versifying,versified
version,versioning,versioned
verticalize,verticalizing,verticalized
vesicate,vesicating,vesicated
vesicularize,vesicularizing,vesicularized
vesiculate,vesiculating,vesiculated
vessel,vesselling,vesselled
vest,vesting,vested
vestigate,vestigating,vestigated
vesture,vesturing,vestured
vet,vetting,vetted
veteranize,veteranizing,veteranized
veto,vetoing,vetoed
vex,vexing,vexed
vial,vialing,vialed
vibe,vibing,vibed
vibrate,vibrating,vibrated
vice,vicing,viced
viciate,viciating,viciated
victimate,victimating,victimated
victimise,victimising,victimised
victimize,victimizing,victimized
victory,victorying,victoried
victuall,victualling,victualled
viddy,viddying,viddied
vide,viding,vided
video,videoing,videoed
videocast,videocasting,videocast
videoconference,videoconferencing,videoconferenced
videotape,videotaping,videotaped
vie,vying,vied
view,viewing,viewed
vigilate,vigilating,vigilated
vignette,vignetting,vignetted
vilify,vilifying,vilified
viliorate,viliorating,viliorated
vilipend,vilipending,vilipended
villagize,villagizing,villagized
villain,villaining,villained
villainise,villainising,villainised
villainize,villainizing,villainized
villanize,villanizing,villanized
vindicate,vindicating,vindicated
vinegar,vinegaring,vinegared
vinew,vinewing,vinewed
vinify,vinifying,vinified
vint,vinting,vinted
vintage,vintaging,vintaged
violate,violating,violated
violent,violenting,violented
vire,viring,vired
virialise,virialising,virialised
virialize,virializing,virialized
virilize,virilizing,virilized
virtualise,virtualising,virtualised
virtualize,virtualizing,virtualized
virtuate,virtuating,virtuated
vis,vis¨¦ing,vis¨¦ed
visa,visaing,visaed
visard,visarding,visarded
viscerate,viscerating,viscerated
vision,visioning,visioned
visit,visiting,visited
visualise,visualising,visualised
visualize,visualizing,visualized
vitalise,vitalising,vitalised
vitalize,vitalizing,vitalized
vitaminise,vitaminising,vitaminised
vitaminize,vitaminizing,vitaminized
vitamise,vitamising,vitamised
vitiate,vitiating,vitiated
vitrificate,vitrificating,vitrificated
vitrify,vitrifying,vitrified
vitriol,vitrioling,vitrioled
vitriolate,vitriolating,vitriolated
vitriolize,vitriolizing,vitriolized
vittle,vittling,vittled
vituperate,vituperating,vituperated
viva,vivaing,vivaed
vivificate,vivificating,vivificated
vivify,vivifying,vivified
vivisect,vivisecting,vivisected
vlog,vlogging,vlogged
vocalise,vocalising,vocalised
vocalize,vocalizing,vocalized
vociferate,vociferating,vociferated
vocode,vocoding,vocoded
vodcast,vodcasting,vodcast
vogue,voguing,vogued
voice,voicing,voiced
void,voiding,voided
volatilize,volatilizing,volatilized
volcanize,volcanizing,volcanized
vole,voling,voled
volley,volleying,volleyed
volow,volowing,volowed
volplane,volplaning,volplaned
volumise,volumising,volumised
volumize,volumizing,volumized
volunteer,volunteering,volunteered
voluntell,voluntelling,voluntold
vom,vomming,vommed
vomit,vomiting,vomited
voodoo,voodooing,voodooed
vote,voting,voted
vouch,vouching,vouched
voucher,vouchering,vouchered
vouchsafe,vouchsafing,vouchsafed
vow,vowing,vowed
vowelize,vowelizing,vowelized
voxelate,voxelating,voxelated
voyage,voyaging,voyaged
vroom,vrooming,vroomed
vse,vsing,vsed
vulcanise,vulcanising,vulcanised
vulcanize,vulcanizing,vulcanized
vulgarise,vulgarising,vulgarised
vulgarize,vulgarizing,vulgarized
vuln,vulning,vulned
vulnerate,vulnerating,vulnerated
vum,vumming,vummed
vurp,vurping,vurped
vye,vying,vyed
wabble,wabbling,wabbled
wackyparse,wackyparsing,wackyparsed
wad,wadding,wadded
waddle,waddling,waddled
wade,wading,waded
wadset,wadsetting,wadsetted
wafer,wafering,wafered
waffle,waffling,waffled
waft,wafting,wafted
wag,wagging,wagged
wage,waging,waged
wager,wagering,wagered
waggle,waggling,waggled
waggon,waggoning,waggoned
wagon,wagoning,wagoned
wail,wailing,wailed
waiment,waimenting,waimented
wain,waining,wained
wainscot,wainscotting,wainscotted
wair,wairing,waired
wait,waiting,waited
waitlist,waitlisting,waitlisted
waitress,waitressing,waitressed
waive,waiving,waived
wakeboard,wakeboarding,wakeboarded
waken,wakening,wakened
wald,walding,walded
wale,waling,waled
walk,walking,walked
wall,walling,walled
wallcrawl,wallcrawling,wallcrawled
waller,wallering,wallered
wallop,wallopping,wallopped
wallow,wallowing,wallowed
wallpaper,wallpapering,wallpapered
walm,walming,walmed
walter,waltering,waltered
waltz,waltzing,waltzed
wamble,wambling,wambled
wand,wanding,wanded
wander,wandering,wandered
wane,waning,waned
wang,wanging,wanged
wangle,wangling,wangled
wank,wanking,wanked
wanse,wansing,wansed
want,wanting,wanted
wanton,wantoning,wantoned
wantonize,wantonizing,wantonized
wanze,wanzing,wanzed
wap,wapping,wapped
wapper,wappering,wappered
war,warring,warred
war-dial,war-dialing,war-dialed
war-drive,war-driving,war-drove
warble,warbling,warbled
warchalk,warchalking,warchalked
ward,warding,warded
wardrive,wardriving,wardrove
wardrobe,wardrobing,wardrobed
ware,waring,wared
warehouse,warehousing,warehoused
warez,warezing,warezed
warfare,warfaring,warfared
wark,warking,warked
warm,warming,warmed
warn,warning,warned
warp,warping,warped
warple,warpling,warpled
warrant,warranting,warranted
warrantise,warrantising,warrantised
warranty,warrantying,warrantied
warraunt,warraunting,warraunted
warray,warraying,warrayed
warsh,warshing,warshed
wash,washing,washed
wassail,wassailing,wassailed
waste,wasting,wasted
watchdog,watchdogging,watchdogged
watchlist,watchlisting,watchlisted
water,watering,watered
waterboard,waterboarding,waterboarded
waterbomb,waterbombing,waterbombed
waterfall,waterfalling,waterfalled
waterflood,waterflooding,waterflooded
waterlog,waterlogging,waterlogged
watermark,watermarking,watermarked
waterproof,waterproofing,waterproofed
waterski,waterskiing,waterskied
wattle,wattling,wattled
watusi,watusiing,watusied
waucht,wauchting,wauchted
waul,wauling,wauled
waulk,waulking,waulked
wave,waving,waved
waveguide,waveguiding,waveguided
waver,wavering,wavered
waw,wawing,wawed
wawl,wawling,wawled
wax,waxing,waxed
way,waying,wayed
wayment,waymenting,waymented
weaken,weakening,weakened
weal,wealing,wealed
wean,weaning,weaned
weaponise,weaponising,weaponised
weaponize,weaponizing,weaponized
weary,wearying,wearied
weather,weathering,weathered
weathercock,weathercocking,weathercocked
weatherise,weatherising,weatherised
weatherize,weatherizing,weatherized
weatherproof,weatherproofing,weatherproofed
weatherstrip,weatherstripping,weatherstripped
weave,weaving,weaved
web,webbing,webbed
webcam,webcamming,webcammed
webcast,webcasting,webcast
webify,webifying,webified
webize,webizing,webized
websurf,websurfing,websurfed
wedding,weddinging,weddinged
wedge,wedging,wedged
wedgie,wedgying,wedgied
wee,weeing,weed
weed,weeding,weeded
weekend,weekending,weekended
ween,weening,weened
weest,weesting,weested
weet,weeting,weeted
weigh,weighing,weighed
weight,weighting,weighted
weight-lift,weight-lifting,weight-lifted
weight-train,weight-training,weight-trained
weird,weirding,weirded
weive,weiving,weived
welch,welching,welched
welcome,welcoming,welcomed
weld,welding,welded
welk,welking,welked
well,welling,welled
well-order,well-ordering,well-ordered
welsh,welshing,welshed
welt,welting,welted
welter,weltering,weltered
wem,wemming,wemmed
wench,wenching,wenched
wern,werning,werned
west,westing,wested
wester,westering,westered
westernise,westernising,westernised
westernize,westernizing,westernized
wether,wethering,wethered
wetnurse,wetnursing,wetnursed
wetproof,wetproofing,wetproofed
wetten,wettening,wettened
wex,wexing,wexed
weye,weying,weyed
weyve,weyving,weyved
whack,whacking,whacked
whale,whaling,whaled
wham,whamming,whammed
whang,whanging,whanged
whap,whapping,whapped
what-if,what-iffing,what-iffed
wheech,wheeching,wheeched
wheedle,wheedling,wheedled
wheek,wheeking,wheeked
wheel,wheeling,wheeled
wheelbarrow,wheelbarrowing,wheelbarrowed
wheelie,wheelying or wheelieing,wheelied
wheeze,wheezing,wheezed
whelm,whelming,whelmed
whelp,whelping,whelped
whemmle,whemmling,whemmled
wherret,wherreting,wherreted
whet,whetting,whetted
whetten,whettening,whettened
whew,whewing,whewed
whicker,whickering,whickered
whid,whidding,whidded
whiff,whiffing,whiffed
whiffle,whiffling,whiffled
whig,whigging,whigged
while,whiling,whiled
whimper,whimpering,whimpered
whimple,whimpling,whimpled
whimsy,whimsying,whimsied
whine,whining,whined
whing,whinging,whinged
whinge,whinging or whingeing,whinged
whingle,whingling,whingled
whinner,whinnering,whinnered
whinny,whinnying,whinnied
whip,whipping,whipped
whiplash,whiplashing,whiplashed
whipsaw,whipsawing,whipsawed
whipstitch,whipstitching,whipstitched
whir,whirring,whirred
whirl,whirling,whirled
whirr,whirring,whirred
whirry,whirrying,whirried
whish,whishing,whished
whisk,whisking,whisked
whisper,whispering,whispered
whist,whisting,whisted
whistle,whistling,whistled
white,whiting,whited
white-ant,white-anting,white-anted
whitelist,whitelisting,whitelisted
whitemail,whitemailing,whitemailed
whiten,whitening,whitened
whitesplain,whitesplaining,whitesplained
whitestone,whitestoning,whitestoned
whitewash,whitewashing,whitewashed
whither,whithering,whithered
whittle,whittling,whittled
whiz,whizzing,whizzed
whizz,whizzing,whizzed
whois,whoising,whoised
wholesale,wholesaling,wholesaled
whomp,whomping,whomped
whoof,whoofing,whoofed
whoomp,whoomping,whoomped
whoop,whooping,whooped
whoosh,whooshing,whooshed
whoot,whooting,whooted
whop,whopping,whopped
whore,whoring,whored
whorl,whorling,whorled
whuffle,whuffling,whuffled
whump,whumping,whumped
whup,whupping,whupped
whur,whurring,whurred
whurry,whurrying,whurried
wibble,wibbling,wibbled
wibble-wobble,wibble-wobbling,wibble-wobbled
Wiccanize,Wiccanizing,Wiccanized
wick,wicking,wicked
widdle,widdling,widdled
widen,widening,widened
widow,widowing,widowed
wield,wielding,wielded
wig,wigging,wigged
wiggle,wiggling,wiggled
wigwag,wigwagging,wigwagged
wiki,wikiing,wikied
wikify,wikifying,wikified
Wikipedia,Wikipediaing,Wikipediaed
wild,wilding,wilded
wildcat,wildcatting,wildcatted
wildcraft,wildcrafting,wildcrafted
wilder,wildering,wildered
wildfowl,wildfowling,wildfowled
wile,wiling,wiled
willow,willowing,willowed
wiln,wilning,wilned
wilt,wilting,wilted
wimble,wimbling,wimbled
wimp,wimping,wimped
wimple,wimpling,wimpled
win,winning,won
wince,wincing,winced
winch,winching,winched
wind,winding,winded
wind-break,wind-breaking,wind-broke
winder,windering,windered
windlass,windlassing,windlassed
windmill,windmilling,windmilled
window,windowing,windowed
window-dress,window-dressing,window-dressed
window-shop,window-shopping,window-shopped
windproof,windproofing,windproofed
windrow,windrowing,windrowed
windsurf,windsurfing,windsurfed
wine,wining,wined
wing,winging,winged
winge,wingeing or winging,winged
wink,winking,winked
winkle,winkling,winkled
winnow,winnowing,winnowed
winsorise,winsorising,winsorised
winsorize,winsorizing,winsorized
winter,wintering,wintered
winter-feed,winter-feeding,winter-fed
winter-kill,winter-killing,winter-killed
winterfeed,winterfeeding,winterfed
winterise,winterising,winterised
winterize,winterizing,winterized
winterkill,winterkilling,winterkilled
winterproof,winterproofing,winterproofed
wintle,wintling,wintled
wipe,wiping,wiped
wirble,wirbling,wirbled
wire,wiring,wired
wiredraw,wiredrawing,wiredrew
wireframe,wireframing,wireframed
wireless,wirelessing,wirelessed
wiretap,wiretapping,wiretapped
wis,-,-
wise,wising,wised
wisecrack,wisecracking,wisecracked
wisen,wisening,wisened
wish,wishing,wished
wisp,wisping,wisped
wiss,wissing,wissed
wisse,wissing,wissed
wist,wisting,wisted
witch,witching,witched
wite,witing,wited
withbear,withbearing,withbore
withcall,withcalling,withcalled
withdraw,withdrawing,withdrew
withdrive,withdriving,withdrove
withe,withing,withed
wither,withering,withered
withgo,withgoing,withwent
withhold,withholding,withheld
withsake,withsaking,withsook
withsave,withsaving,withsaved
withsay,withsaying,withsaid
withset,withsetting,withset
withsit,withsitting,withsat
withspeak,withspeaking,withspoke
withstand,withstanding,withstood
withstay,withstaying,withstayed
withstrain,withstraining,withstrained
withtake,withtaking,withtook
witness,witnessing,witnessed
witter,wittering,wittered
witticise,witticising,witticised
witticize,witticizing,witticized
witwanton,witwantoning,witwantoned
wive,wiving,wived
wizard,wizarding,wizarded
wizen,wizening,wizened
wlate,wlating,wlated
woad,woading,woaded
wobble,wobbling,wobbled
wog,wogging,wogged
woggle,woggling,woggled
wok,woking,woked
wolf,wolfing,wolfed
wolve,wolving,wolved
woman,womaning,womaned
womanise,womanising,womanised
womanize,womanizing,womanized
womb,wombing,wombed
womble,wombling,wombled
won,woning,wond
wonder,wondering,wondered
wone,woning,woned
wont,wonting,wonted
woo,wooing,wooed
wood,wooding,wooded
woodchop,woodchopping,woodchopped
woodify,woodifying,woodified
woodshed,woodshedding,woodshedded
woof,woofing,woofed
wool-gather,wool-gathering,wool-gathered
woold,woolding,woolded
woolgather,woolgathering,woolgathered
word,wording,worded
wordprocess,wordprocessing,wordprocessed
wordsmith,wordsmithing,wordsmithed
workshop,workshopping,workshopped
world,worlding,worlded
worm,worming,wormed
worrit,worriting,worrited
worry,worrying,worried
worse,worsing,worsed
worsen,worsening,worsened
worst,worsting,worsted
worthen,worthening,worthened
worthy,worthying,worthied
wot,wotting,wotted
woul,wouling,wouled
wound,wounding,wounded
wow,wowing,wowed
wrack,wracking,wracked
wramp,wramping,wramped
wrangle,wrangling,wrangled
wraple,wrapling,wrapled
wrassle,wrassling,wrassled
wrastle,wrastling,wrastled
wrath,wrathing,wrathed
wrawl,wrawling,wrawled
wray,wraying,wrayed
wreath,wreathing,wreathed
wreathe,wreathing,wreathed
wreck,wrecking,wrecked
wrench,wrenching,wrenched
wrest,wresting,wrested
wrestle,wrestling,wrestled
wrig,wrigging,wrigged
wriggle,wriggling,wriggled
wright,wrighting,wrighted
wringle-wrangle,wringle-wrangling,wringle-wrangled
wrinkle,wrinkling,wrinkled
write-off,writing-off,wrote-off
wrixle,wrixling,wrixled
wrong,wronging,wronged
wrong-foot,wrong-footing,wrong-footed
wrongfoot,wrongfooting,wrongfooted
wry,wrying,wried
wtfpwn,wtfpwning,wtfpwned
wub,wubbing,wubbed
wuffle,wuffling,wuffled
wunner,wunnering,wunnered
wussify,wussifying,wussified
wuther,wuthering,wuthered
wyte,wyting,wyted
X-ray,X-raying,X-rayed
xenograft,xenografting,xenografted
xeriscape,xeriscaping,xeriscaped
xerocopy,xerocopying,xerocopied
xerox,xeroxing,xeroxed
xfer,xferring,xferred
XOR,XORing,XORed
xylograph,xylographing,xylographed
yabber,yabbering,yabbered
yabby,yabbying,yabbied
yacht,yachting,yachted
yack,yacking,yacked
yackety-yak,yackety-yakking,yackety-yakked
yak,yakking,yakked
yakety-yak,yakety-yakking,yakety-yakked
yakity-yak,yakity-yakking,yakity-yakked
yammer,yammering,yammered
yandy,yandying,yandied
yang,yanging,yanged
yank,yanking,yanked
Yankee,Yankeeing,Yankeed
yap,yapping,yapped
yar,yarring,yarred
yard,yarding,yarded
yard-sale,yard-saling,yard-saled
yark,yarking,yarked
yarl,yarling,yarled
yarm,yarming,yarmed
yarn,yarning,yarned
yarr,yarring,yarred
yatter,yattering,yattered
yaup,yauping,yauped
yaw,yawing,yawed
yaw-haw,yaw-hawing,yaw-hawed
yawn,yawning,yawned
yawp,yawping,yawped
yean,yeaning,yeaned
yearn,yearning,yearned
yeasay,yeasaying,yeasaid
yeast,yeasting,yeasted
yeave-ho,yeave-hoing,yeave-hoed
yed,yedding,yedded
yell,yelling,yelled
yelloch,yelloching,yelloched
yellow,yellowing,yellowed
yellow-card,yellow-carding,yellow-carded
yelm,yelming,yelmed
yelp,yelping,yelped
yen,yenning,yenned
yerk,yerking,yerked
yern,yerning,yerned
yes,yessing,yessed
yesk,yesking,yesked
yet,yetting,yetted
yete,yeting,yeted
yeuk,yeuking,yeuked
yex,yexing,yexed
Yiddishize,Yiddishizing,Yiddishized
yiff,yiffing,yiffed
yip,yipping,yipped
yive,yiving,yave
yo-yo,yo-yoing,yo-yoed
yodle,yodling,yodled
yoik,yoiking,yoiked
yoink,yoinking,yoinked
yoke,yoking,yoked
yomp,yomping,yomped
yoohoo,yoohooing,yoohooed
york,yorking,yorked
yot,yotting,yotted
yote,yoting,yoted
you,youing,youed
young,younging,younged
youthen,youthening,youthened
YouTube,YouTubing,YouTubed
yowl,yowling,yowled
yoyo,yoyoing,yoyoed
yuck,yucking,yucked
yuk,yukking,yukked
yuppify,yuppifying,yuppified
zag,zagging,zagged
zap,zapping,zapped
zareba,zarebaing,zarebaed
zed,zedding,zedded
zeolitise,zeolitising,zeolitised
zeolitize,zeolitizing,zeolitized
zephyr,zephyring,zephyred
zerg,zerging,zerged
zeriba,zeribaing,zeribaed
zero,zeroing,zeroed
zeroise,zeroising,zeroised
zeroize,zeroizing,zeroized
zest,zesting,zested
zhoosh,zhooshing,zhooshed
zig,zigging,zigged
zig-zag,zig-zagging,zig-zagged
zigzag,zigzagging,zigzagged
zincify,zincifying,zincified
zing,zinging,zinged
Zionise,Zionising,Zionised
Zionize,Zionizing,Zionized
zip,zipping,zipped
zipline,ziplining,ziplined
zipper,zippering,zippered
zizz,zizzing,zizzed
zombify,zombifying,zombified
zone,zoning,zoned
zonk,zonking,zonked
zoom,zooming,zoomed
zorb,zorbing,zorbed
zot,zotting,zotted
zouk,zouking,zouked
Zuluise,Zuluising,Zuluised
Zuluize,Zuluizing,Zuluized
zzz,zzzing,zzzed
